tourist_id,timestamp,latitude,longitude,zone_type,planned_route,battery_level,network_status,status,hour,minute,delta_lat,delta_lon,zone_encoded,cluster,risk,next_risk
T001,2025-09-08 10:00:00,18.51422266416112,73.8529844517507,Safe,Shaniwar Wada,100.0,Poor,Normal,10,0,0.0,0.0,2,-1,Restricted,Restricted
T001,2025-09-08 10:00:30,18.516529487121467,73.8519693906889,Safe,Pataleshwar Caves,99.89,Good,Normal,10,0,0.002306822960346011,-0.0010150610618069322,2,-1,Restricted,Restricted
T001,2025-09-08 10:01:00,18.51367174438269,73.85018921195125,Safe,Pataleshwar Caves,99.85,Good,Normal,10,1,-0.0028577427387759258,-0.0017801787376470202,2,-1,Restricted,Restricted
T001,2025-09-08 10:01:30,18.515755637626448,73.85917255741124,Safe,Aga Khan Palace,99.51,Poor,Normal,10,1,0.002083893243757018,0.008983345459995462,2,-1,Restricted,Safe
T001,2025-09-08 10:02:00,18.52434230078802,73.84778189913742,Safe,Sinhagad Fort,99.24,Good,Normal,10,2,0.008586663161572972,-0.011390658273825238,2,49,Safe,Restricted
T001,2025-09-08 10:02:30,18.518758744444707,73.85922447932711,Restricted,Sinhagad Fort,99.26,Poor,Normal,10,2,-0.0055835563433142,0.01144258018969424,1,-1,Restricted,Restricted
T001,2025-09-08 10:03:00,18.529061379694284,73.86349288200731,Safe,Lal Mahal,99.0,Poor,Normal,10,3,0.010302635249576753,0.004268402680196459,2,-1,Restricted,Restricted
T001,2025-09-08 10:03:30,18.51606695944038,73.86541725603284,Safe,Aga Khan Palace,98.63,Good,Normal,10,3,-0.012994420253903627,0.001924374025534803,2,-1,Restricted,Safe
T001,2025-09-08 10:04:00,18.522409403503925,73.85069050496276,Safe,Lal Mahal,99.4,Good,Normal,10,4,0.006342444063545116,-0.014726751070085697,2,0,Safe,Safe
T001,2025-09-08 10:04:30,18.520308547508368,73.85857221013727,Safe,Pataleshwar Caves,99.06,Poor,Normal,10,4,-0.002100855995557538,0.007881705174511922,2,1,Safe,Restricted
T001,2025-09-08 10:05:00,18.523590790064095,73.85522734368213,Safe,Lal Mahal,98.24,Poor,Normal,10,5,0.0032822425557270662,-0.0033448664551372076,2,-1,Restricted,Restricted
T001,2025-09-08 10:05:30,18.517770349643477,73.85105563177498,High-Risk,Pataleshwar Caves,99.34,Good,Normal,10,5,-0.0058204404206172455,-0.004171711907147824,0,-1,Restricted,Restricted
T001,2025-09-08 10:06:00,18.515013945900844,73.86180668677216,Safe,Shaniwar Wada,98.49,Good,Normal,10,6,-0.0027564037426337507,0.010751054997172105,2,-1,Restricted,Restricted
T001,2025-09-08 10:06:30,18.51825796316052,73.8622532556509,High-Risk,Lal Mahal,97.5,Poor,Normal,10,6,0.003244017259675047,0.0004465688787433919,0,-1,Restricted,Safe
T001,2025-09-08 10:07:00,18.512327117182203,73.85965752167169,Safe,Pataleshwar Caves,97.73,Good,Normal,10,7,-0.005930845978316057,-0.002595733979205761,2,108,Safe,Restricted
T001,2025-09-08 10:07:30,18.52450500435869,73.84703736601352,Safe,Pataleshwar Caves,98.65,Good,Normal,10,7,0.012177887176488156,-0.012620155658169097,2,-1,Restricted,Restricted
T001,2025-09-08 10:08:00,18.52102659825147,73.86477474480283,High-Risk,Aga Khan Palace,96.86,Lost,Normal,10,8,-0.0034784061072201666,0.017737378789306035,0,-1,Restricted,Restricted
T001,2025-09-08 10:08:30,18.52837187914421,73.8629216056917,Safe,Sinhagad Fort,97.63,Good,Normal,10,8,0.0073452808927392255,-0.001853139111133828,2,-1,Restricted,Restricted
T001,2025-09-08 10:09:00,18.52064176206929,73.84770615783243,Safe,Shaniwar Wada,98.66,Poor,Normal,10,9,-0.007730117074920884,-0.015215447859262099,2,-1,Restricted,Restricted
T001,2025-09-08 10:09:30,18.515219077388952,73.86255486264466,Safe,Pataleshwar Caves,98.01,Good,Normal,10,9,-0.005422684680336687,0.014848704812223446,2,-1,Restricted,Safe
T001,2025-09-08 10:10:00,18.52397255584207,73.8498807364521,Safe,Shaniwar Wada,97.12,Poor,Normal,10,10,0.008753478453119357,-0.012674126192550261,2,2,Safe,Safe
T001,2025-09-08 10:10:30,18.52833806791353,73.85464887397885,Safe,Aga Khan Palace,97.89,Poor,Normal,10,10,0.004365512071458966,0.004768137526738769,2,60,Safe,Safe
T001,2025-09-08 10:11:00,18.51191113571762,73.85357283496596,Safe,Pataleshwar Caves,96.63,Good,Normal,10,11,-0.01642693219590896,-0.0010760390128865538,2,80,Safe,Restricted
T001,2025-09-08 10:11:30,18.51961718412856,73.85808327368348,Safe,Shaniwar Wada,96.06,Good,Normal,10,11,0.007706048410938138,0.004510438717517218,2,-1,Restricted,Restricted
T001,2025-09-08 10:12:00,18.51820270803115,73.85663621069087,Safe,Shaniwar Wada,97.62,Poor,Normal,10,12,-0.0014144760974090786,-0.0014470629926108813,2,-1,Restricted,Restricted
T001,2025-09-08 10:12:30,18.519951603652856,73.86469620454035,Safe,Aga Khan Palace,95.44,Good,Normal,10,12,0.0017488956217057705,0.008059993849485636,2,-1,Restricted,Restricted
T001,2025-09-08 10:13:00,18.516212073231177,73.85332284371465,Safe,Aga Khan Palace,96.88,Lost,Normal,10,13,-0.0037395304216794045,-0.011373360825700729,2,-1,Restricted,Restricted
T001,2025-09-08 10:13:30,18.517477287642272,73.85042572389628,Safe,Aga Khan Palace,97.81,Good,Normal,10,13,0.0012652144110951724,-0.002897119818371152,2,-1,Restricted,Restricted
T001,2025-09-08 10:14:00,18.529040131705173,73.84801258034715,High-Risk,Aga Khan Palace,98.29,Good,Normal,10,14,0.011562844062900979,-0.0024131435491341335,0,-1,Restricted,Restricted
T001,2025-09-08 10:14:30,18.5270165638302,73.85211452405932,Safe,Pataleshwar Caves,95.49,Good,Normal,10,14,-0.0020235678749749297,0.004101943712171874,2,-1,Restricted,Restricted
T001,2025-09-08 10:15:00,18.523052146607935,73.86021224888073,Restricted,Aga Khan Palace,98.12,Good,Normal,10,15,-0.003964417222263705,0.008097724821411134,1,-1,Restricted,Restricted
T001,2025-09-08 10:15:30,18.516912348889477,73.86594528813112,High-Risk,Shaniwar Wada,96.38,Poor,Normal,10,15,-0.006139797718457629,0.005733039250387151,0,-1,Restricted,Restricted
T001,2025-09-08 10:16:00,18.52425909503086,73.86609030824484,Safe,Sinhagad Fort,96.12,Good,Normal,10,16,0.00734674614138342,0.00014502011372030665,2,-1,Restricted,Restricted
T001,2025-09-08 10:16:30,18.51396771622494,73.86004871875498,Safe,Aga Khan Palace,94.17,Good,Normal,10,16,-0.01029137880592046,-0.006041589489854005,2,-1,Restricted,Safe
T001,2025-09-08 10:17:00,18.51447395830257,73.85235623206063,Safe,Aga Khan Palace,96.6,Good,Normal,10,17,0.0005062420776305032,-0.007692486694352851,2,3,Safe,Restricted
T001,2025-09-08 10:17:30,18.51391993543991,73.86420706213146,Safe,Shaniwar Wada,94.74,Poor,Normal,10,17,-0.0005540228626585986,0.0118508300708271,2,-1,Restricted,Restricted
T001,2025-09-08 10:18:00,18.520051639976717,73.86047920662158,Safe,Pataleshwar Caves,97.46,Poor,Normal,10,18,0.006131704536805671,-0.0037278555098794186,2,-1,Restricted,Restricted
T001,2025-09-08 10:18:30,18.51720619872838,73.85600961982108,High-Risk,Shaniwar Wada,97.11,Poor,Normal,10,18,-0.0028454412483363,-0.004469586800496472,0,-1,Restricted,Restricted
T001,2025-09-08 10:19:00,18.520752214266675,73.84754616580214,Safe,Shaniwar Wada,97.88,Good,Normal,10,19,0.003546015538294256,-0.008463454018937,2,-1,Restricted,Restricted
T001,2025-09-08 10:19:30,18.5252725427861,73.86099496621777,Safe,Lal Mahal,94.74,Good,Normal,10,19,0.004520328519426187,0.013448800415631013,2,-1,Restricted,Restricted
T001,2025-09-08 10:20:00,18.519673877394744,73.85623583915326,Safe,Pataleshwar Caves,96.32,Good,Normal,10,20,-0.005598665391357116,-0.004759127064517088,2,-1,Restricted,Restricted
T001,2025-09-08 10:20:30,18.53011843599312,73.85596537667335,Safe,Aga Khan Palace,95.39,Good,Normal,10,20,0.010444558598376119,-0.0002704624799036992,2,-1,Restricted,Restricted
T001,2025-09-08 10:21:00,18.5240174773882,73.84959200158688,Safe,Sinhagad Fort,93.09,Poor,Normal,10,21,-0.006100958604921658,-0.0063733750864685135,2,-1,Restricted,Restricted
T001,2025-09-08 10:21:30,18.520894417635347,73.85212533733483,Safe,Pataleshwar Caves,94.38,Poor,Normal,10,21,-0.0031230597528519866,0.0025333357479411234,2,-1,Restricted,Restricted
T001,2025-09-08 10:22:00,18.528695383475863,73.86095267154181,High-Risk,Pataleshwar Caves,96.33,Good,Normal,10,22,0.007800965840516483,0.008827334206984006,0,-1,Restricted,Restricted
T001,2025-09-08 10:22:30,18.51078280481984,73.85604255830432,High-Risk,Pataleshwar Caves,94.97,Good,Normal,10,22,-0.01791257865602347,-0.0049101132374858025,0,-1,Restricted,Restricted
T001,2025-09-08 10:23:00,18.51615863698752,73.85722094619933,Safe,Shaniwar Wada,93.7,Good,Normal,10,23,0.005375832167679562,0.0011783878950097915,2,-1,Restricted,Safe
T001,2025-09-08 10:23:30,18.51640609383821,73.86147112713749,Safe,Aga Khan Palace,93.49,Good,Normal,10,23,0.0002474568506904973,0.004250180938157655,2,4,Safe,Restricted
T001,2025-09-08 10:24:00,18.5250862087651,73.85763096743513,High-Risk,Pataleshwar Caves,93.56,Poor,Normal,10,24,0.00868011492688936,-0.0038401597023636214,0,-1,Restricted,Restricted
T001,2025-09-08 10:24:30,18.52400036083294,73.84822360535888,High-Risk,Aga Khan Palace,90.23,Good,Normal,10,24,-0.0010858479321598224,-0.009407362076245818,0,-1,Restricted,Restricted
T001,2025-09-08 10:25:00,18.524557461577945,73.8574980287926,High-Risk,Shaniwar Wada,92.84,Good,Normal,10,25,0.0005571007450058119,0.0092744234337232,0,-1,Restricted,Safe
T001,2025-09-08 10:25:30,18.51484171324693,73.85566378368836,Safe,Shaniwar Wada,92.94,Good,Normal,10,25,-0.00971574833101485,-0.0018342451042485663,2,73,Safe,Safe
T001,2025-09-08 10:26:00,18.52915868158593,73.85531954315539,Safe,Lal Mahal,94.63,Good,Normal,10,26,0.014316968338999203,-0.0003442405329678877,2,5,Safe,Restricted
T001,2025-09-08 10:26:30,18.514964419646976,73.86025926698301,Safe,Sinhagad Fort,93.65,Good,Normal,10,26,-0.0141942619389539,0.004939723827618536,2,-1,Restricted,Restricted
T001,2025-09-08 10:27:00,18.52614292866341,73.86595953906794,High-Risk,Aga Khan Palace,92.3,Good,Normal,10,27,0.011178509016435356,0.0057002720849368416,0,-1,Restricted,Restricted
T001,2025-09-08 10:27:30,18.513720542313727,73.85277952481512,Safe,Sinhagad Fort,90.07,Good,Normal,10,27,-0.012422386349683734,-0.01318001425282489,2,-1,Restricted,Restricted
T001,2025-09-08 10:28:00,18.520806758209027,73.85716333311707,Restricted,Pataleshwar Caves,94.97,Poor,Normal,10,28,0.0070862158952991194,0.0043838083019522855,1,-1,Restricted,Safe
T001,2025-09-08 10:28:30,18.517476732717856,73.85231084238346,Safe,Pataleshwar Caves,92.67,Good,Normal,10,28,-0.003330025491170119,-0.004852490733611603,2,6,Safe,Restricted
T001,2025-09-08 10:29:00,18.524707759504377,73.86663255495318,High-Risk,Sinhagad Fort,91.93,Poor,Normal,10,29,0.007231026786520545,0.01432171256972481,0,-1,Restricted,Restricted
T001,2025-09-08 10:29:30,18.52161371591009,73.85943505067634,High-Risk,Pataleshwar Caves,93.66,Poor,Normal,10,29,-0.0030940435942881095,-0.007197504276845734,0,-1,Restricted,Safe
T001,2025-09-08 10:30:00,18.526934621078425,73.86435083837063,Safe,Aga Khan Palace,91.63,Poor,Normal,10,30,0.005320905168336054,0.004915787694287133,2,7,Safe,Restricted
T001,2025-09-08 10:30:30,18.51187231983145,73.86371076720978,Safe,Pataleshwar Caves,92.51,Poor,Normal,10,30,-0.015062301246974386,-0.0006400711608449683,2,-1,Restricted,Restricted
T001,2025-09-08 10:31:00,18.51570134230736,73.85661540695644,Safe,Sinhagad Fort,88.37,Good,Normal,10,31,0.003829022475908772,-0.007095360253345007,2,-1,Restricted,Safe
T001,2025-09-08 10:31:30,18.518000442707365,73.85321611832501,Safe,Shaniwar Wada,88.57,Good,Normal,10,31,0.0022991004000054716,-0.0033992886314280213,2,8,Safe,Restricted
T001,2025-09-08 10:32:00,18.521966948777912,73.8585236805666,Restricted,Pataleshwar Caves,95.65,Good,Normal,10,32,0.003966506070547382,0.005307562241597452,1,-1,Restricted,Restricted
T001,2025-09-08 10:32:30,18.51571735929382,73.8532781771285,Safe,Lal Mahal,88.92,Good,Normal,10,32,-0.006249589484092155,-0.005245503438104038,2,-1,Restricted,Restricted
T001,2025-09-08 10:33:00,18.527321758030958,73.85267566975853,Restricted,Aga Khan Palace,94.55,Good,Normal,10,33,0.0116043987371377,-0.0006025073699760242,1,-1,Restricted,Safe
T001,2025-09-08 10:33:30,18.52117040074734,73.85578261986726,Safe,Shaniwar Wada,87.65,Good,Normal,10,33,-0.006151357283616932,0.0031069501087301887,2,99,Safe,Safe
T001,2025-09-08 10:34:00,18.524843949954217,73.8489218935695,Safe,Aga Khan Palace,95.69,Lost,Normal,10,34,0.0036735492068764586,-0.006860726297759356,2,9,Safe,Restricted
T001,2025-09-08 10:34:30,18.523355177930355,73.84733124746928,Safe,Lal Mahal,96.47,Good,Normal,10,34,-0.001488772023861884,-0.0015906461002117567,2,-1,Restricted,Restricted
T001,2025-09-08 10:35:00,18.52464830989393,73.86090475192549,Restricted,Aga Khan Palace,94.6,Good,Normal,10,35,0.001293131963574723,0.013573504456203977,1,-1,Restricted,Restricted
T001,2025-09-08 10:35:30,18.51969157856352,73.86657930566795,Safe,Lal Mahal,89.97,Good,Normal,10,35,-0.004956731330409525,0.00567455374246606,2,-1,Restricted,Restricted
T001,2025-09-08 10:36:00,18.513038886792923,73.8588652180667,Safe,Shaniwar Wada,87.8,Good,Normal,10,36,-0.00665269177059713,-0.007714087601257802,2,-1,Restricted,Restricted
T001,2025-09-08 10:36:30,18.51669270766336,73.86629728299968,Safe,Lal Mahal,92.08,Poor,Normal,10,36,0.0036538208704364195,0.007432064932984872,2,-1,Restricted,Restricted
T001,2025-09-08 10:37:00,18.513842579957057,73.86329674881914,High-Risk,Lal Mahal,95.15,Poor,Normal,10,37,-0.002850127706302885,-0.003000534180543468,0,-1,Restricted,Restricted
T001,2025-09-08 10:37:30,18.525312231245746,73.8504015978027,Safe,Pataleshwar Caves,85.53,Good,Normal,10,37,0.01146965128868871,-0.012895151016437012,2,-1,Restricted,Restricted
T001,2025-09-08 10:38:00,18.52505496335433,73.85092669386687,High-Risk,Sinhagad Fort,88.29,Poor,Normal,10,38,-0.00025726789141700124,0.000525096064166064,0,-1,Restricted,Restricted
T001,2025-09-08 10:38:30,18.52531888848489,73.85916805595781,Safe,Aga Khan Palace,86.43,Good,Normal,10,38,0.00026392513056094913,0.008241362090942062,2,-1,Restricted,Restricted
T001,2025-09-08 10:39:00,18.51671591122397,73.85102156976579,Restricted,Sinhagad Fort,95.15,Good,Normal,10,39,-0.008602977260920852,-0.008146486192018187,1,-1,Restricted,Restricted
T001,2025-09-08 10:39:30,18.51387542606702,73.85953418359382,High-Risk,Lal Mahal,85.44,Good,Normal,10,39,-0.002840485156948347,0.00851261382803159,0,-1,Restricted,Restricted
T001,2025-09-08 10:40:00,18.52091353633837,73.86453885353171,Safe,Lal Mahal,94.27,Good,Normal,10,40,0.007038110271349041,0.0050046699378896164,2,-1,Restricted,Restricted
T001,2025-09-08 10:40:30,18.52452154758605,73.85574547789955,Restricted,Sinhagad Fort,87.64,Good,Normal,10,40,0.0036080112476817305,-0.00879337563216609,1,-1,Restricted,Restricted
T001,2025-09-08 10:41:00,18.51388704501028,73.8589995552611,Safe,Pataleshwar Caves,84.56,Good,Normal,10,41,-0.010634502575772586,0.0032540773615465923,2,-1,Restricted,Safe
T001,2025-09-08 10:41:30,18.513370056773518,73.86204762123747,Safe,Sinhagad Fort,89.86,Lost,Normal,10,41,-0.0005169882367610512,0.003048065976372527,2,10,Safe,Restricted
T001,2025-09-08 10:42:00,18.51425829373919,73.86571335678272,High-Risk,Aga Khan Palace,83.84,Poor,Normal,10,42,0.0008882369656717515,0.0036657355452547336,0,-1,Restricted,Restricted
T001,2025-09-08 10:42:30,18.511485825010045,73.8583474265295,Restricted,Sinhagad Fort,85.38,Lost,Normal,10,42,-0.002772468729144606,-0.0073659302532149695,1,-1,Restricted,Safe
T001,2025-09-08 10:43:00,18.52839048109031,73.8577717894553,Safe,Sinhagad Fort,87.32,Poor,Normal,10,43,0.016904656080264147,-0.00057563707420627,2,11,Safe,Restricted
T001,2025-09-08 10:43:30,18.512950935202586,73.85129072562287,Safe,Lal Mahal,84.22,Good,Normal,10,43,-0.015439545887723227,-0.006481063832424638,2,-1,Restricted,Restricted
T001,2025-09-08 10:44:00,18.514766595241188,73.85186830873008,High-Risk,Sinhagad Fort,84.23,Good,Normal,10,44,0.0018156600386021182,0.0005775831072014626,0,-1,Restricted,Restricted
T001,2025-09-08 10:44:30,18.52082645172329,73.85631755822153,Safe,Aga Khan Palace,92.72,Good,Normal,10,44,0.006059856482103498,0.004449249491457863,2,-1,Restricted,Restricted
T001,2025-09-08 10:45:00,18.51630344790393,73.85725740477085,Safe,Shaniwar Wada,83.8,Good,Normal,10,45,-0.0045230038193615485,0.0009398465493148933,2,-1,Restricted,Safe
T001,2025-09-08 10:45:30,18.51452541006815,73.86259874651839,Safe,Shaniwar Wada,88.71,Poor,Normal,10,45,-0.001778037835780566,0.0053413417475383085,2,10,Safe,Restricted
T001,2025-09-08 10:46:00,18.51219210093605,73.8557522757513,Restricted,Shaniwar Wada,93.23,Good,Normal,10,46,-0.0023333091320978383,-0.006846470767086998,1,-1,Restricted,Restricted
T001,2025-09-08 10:46:30,18.51456400764588,73.84914611603769,Restricted,Pataleshwar Caves,86.73,Poor,Normal,10,46,0.002371906709829119,-0.006606159713612669,1,-1,Restricted,Restricted
T001,2025-09-08 10:47:00,18.511783601426195,73.85829303654775,Restricted,Shaniwar Wada,95.24,Good,Normal,10,47,-0.0027804062196850055,0.009146920510062273,1,-1,Restricted,Safe
T001,2025-09-08 10:47:30,18.51619880655762,73.85959929794197,Safe,Aga Khan Palace,93.86,Good,Normal,10,47,0.004415205131426347,0.0013062613942196322,2,12,Safe,Safe
T001,2025-09-08 10:48:00,18.52784169548061,73.86206117595152,Safe,Lal Mahal,92.92,Poor,Normal,10,48,0.011642888922988703,0.0024618780095551074,2,13,Safe,Restricted
T001,2025-09-08 10:48:30,18.528382340544702,73.86197484301697,Safe,Lal Mahal,92.64,Lost,Normal,10,48,0.0005406450640919047,-8.633293455773128e-05,2,-1,Restricted,Restricted
T001,2025-09-08 10:49:00,18.51842533235819,73.85664562050245,Safe,Pataleshwar Caves,88.11,Good,Normal,10,49,-0.009957008186511018,-0.005329222514518506,2,-1,Restricted,Restricted
T001,2025-09-08 10:49:30,18.522617952752157,73.86530722547027,Safe,Lal Mahal,94.58,Lost,Normal,10,49,0.004192620393965285,0.008661604967826975,2,-1,Restricted,Safe
T001,2025-09-08 10:50:00,18.51129958815624,73.85847444143187,Safe,Lal Mahal,86.01,Good,Normal,10,50,-0.011318364595915398,-0.00683278403840859,2,75,Safe,Restricted
T001,2025-09-08 10:50:30,18.521753946596597,73.86434508833435,Safe,Pataleshwar Caves,86.96,Good,Normal,10,50,0.010454358440355804,0.005870646902479848,2,-1,Restricted,Restricted
T001,2025-09-08 10:51:00,18.528470671224333,73.85156689005784,Safe,Shaniwar Wada,82.09,Good,Normal,10,51,0.006716724627736426,-0.012778198276507169,2,-1,Restricted,Restricted
T001,2025-09-08 10:51:30,18.519794432274736,73.86494127043484,Safe,Pataleshwar Caves,89.83,Good,Normal,10,51,-0.008676238949597348,0.013374380377001671,2,-1,Restricted,Safe
T001,2025-09-08 10:52:00,18.523914782372607,73.86379913272073,Safe,Sinhagad Fort,80.69,Good,Normal,10,52,0.0041203500978710395,-0.0011421377141118683,2,14,Safe,Safe
T001,2025-09-08 10:52:30,18.522406438540408,73.8592955625911,Safe,Pataleshwar Caves,84.06,Good,Normal,10,52,-0.0015083438321994436,-0.004503570129628542,2,15,Safe,Restricted
T001,2025-09-08 10:53:00,18.5111192511479,73.85969429997778,Safe,Lal Mahal,91.32,Good,Normal,10,53,-0.011287187392508002,0.0003987373866749522,2,-1,Restricted,Restricted
T001,2025-09-08 10:53:30,18.514899361232043,73.84902432826732,High-Risk,Aga Khan Palace,91.78,Good,Normal,10,53,0.003780110084143473,-0.010669971710456139,0,-1,Restricted,Restricted
T001,2025-09-08 10:54:00,18.526684891417187,73.8551108434442,Safe,Lal Mahal,81.88,Poor,Normal,10,54,0.0117855301851435,0.006086515176875196,2,-1,Restricted,Restricted
T001,2025-09-08 10:54:30,18.528961328135853,73.86098333096044,Restricted,Shaniwar Wada,78.48,Good,Normal,10,54,0.00227643671866673,0.005872487516242586,1,-1,Restricted,Restricted
T001,2025-09-08 10:55:00,18.51430806315041,73.85025519284021,Safe,Pataleshwar Caves,88.93,Good,Normal,10,55,-0.014653264985444281,-0.010728138120228436,2,-1,Restricted,Restricted
T001,2025-09-08 10:55:30,18.529148350200856,73.85266968258665,Safe,Aga Khan Palace,94.04,Good,Normal,10,55,0.014840287050446932,0.0024144897464424275,2,-1,Restricted,Restricted
T001,2025-09-08 10:56:00,18.521568458826344,73.86070780485875,Restricted,Aga Khan Palace,85.78,Good,Normal,10,56,-0.00757989137451176,0.008038122272097326,1,-1,Restricted,Safe
T001,2025-09-08 10:56:30,18.52666551871066,73.8623614027765,Safe,Shaniwar Wada,86.7,Good,Normal,10,56,0.00509705988431719,0.0016535979177518811,2,45,Safe,Restricted
T001,2025-09-08 10:57:00,18.518832391604256,73.85126461980076,High-Risk,Pataleshwar Caves,94.02,Good,Normal,10,57,-0.007833127106405158,-0.011096782975741348,0,-1,Restricted,Restricted
T001,2025-09-08 10:57:30,18.52723436674318,73.85880786077321,Safe,Pataleshwar Caves,91.68,Good,Normal,10,57,0.00840197513892349,0.007543240972452736,2,-1,Restricted,Restricted
T001,2025-09-08 10:58:00,18.523170342508276,73.85723211493317,High-Risk,Pataleshwar Caves,77.31,Good,Normal,10,58,-0.004064024234903485,-0.0015757458400429414,0,-1,Restricted,Restricted
T001,2025-09-08 10:58:30,18.52286664333211,73.85394376366186,Safe,Sinhagad Fort,77.11,Poor,Normal,10,58,-0.00030369917616468456,-0.003288351271308443,2,-1,Restricted,Restricted
T001,2025-09-08 10:59:00,18.5234775372487,73.85580008024539,Safe,Aga Khan Palace,78.67,Poor,Normal,10,59,0.0006108939165869742,0.001856316583527473,2,-1,Restricted,Restricted
T001,2025-09-08 10:59:30,18.528537309585207,73.84812151828515,Restricted,Lal Mahal,76.89,Good,Normal,10,59,0.005059772336508672,-0.00767856196023331,1,-1,Restricted,Restricted
T001,2025-09-08 11:00:00,18.513033628874304,73.85105786455978,Safe,Pataleshwar Caves,83.07,Good,Normal,11,0,-0.015503680710903467,0.002936346274623247,2,-1,Restricted,Restricted
T001,2025-09-08 11:00:30,18.5238896488348,73.86585180664075,Safe,Sinhagad Fort,76.85,Good,Normal,11,0,0.0108560199604959,0.014793942080970623,2,-1,Restricted,Restricted
T001,2025-09-08 11:01:00,18.515626723234902,73.84861104508629,Restricted,Aga Khan Palace,92.41,Good,Normal,11,1,-0.008262925599897386,-0.017240761554461415,1,-1,Restricted,Restricted
T001,2025-09-08 11:01:30,18.52602048146628,73.85179906140857,Safe,Pataleshwar Caves,83.36,Lost,Normal,11,1,0.010393758231376893,0.0031880163222837155,2,-1,Restricted,Restricted
T001,2025-09-08 11:02:00,18.51278838432821,73.86239651923907,Safe,Aga Khan Palace,89.63,Good,Normal,11,2,-0.01323209713806861,0.01059745783049948,2,-1,Restricted,Restricted
T001,2025-09-08 11:02:30,18.52197646995038,73.85826450575382,Safe,Aga Khan Palace,85.48,Good,Normal,11,2,0.00918808562217066,-0.004132013485246944,2,-1,Restricted,Restricted
T001,2025-09-08 11:03:00,18.514315816776488,73.86623398356723,Safe,Sinhagad Fort,80.75,Good,Normal,11,3,-0.007660653173893195,0.007969477813404069,2,-1,Restricted,Restricted
T001,2025-09-08 11:03:30,18.51724168748646,73.86009152188372,Safe,Shaniwar Wada,81.07,Good,Normal,11,3,0.0029258707099728554,-0.006142461683509737,2,-1,Restricted,Restricted
T001,2025-09-08 11:04:00,18.529755526238432,73.8553080693648,High-Risk,Pataleshwar Caves,90.28,Lost,Normal,11,4,0.012513838751971207,-0.004783452518921649,0,-1,Restricted,Restricted
T001,2025-09-08 11:04:30,18.52963667537774,73.85109232176579,Safe,Aga Khan Palace,83.78,Good,Normal,11,4,-0.0001188508606908556,-0.004215747599005226,2,-1,Restricted,Restricted
T001,2025-09-08 11:05:00,18.511873709069427,73.8650415528823,Safe,Shaniwar Wada,81.98,Good,Normal,11,5,-0.01776296630831453,0.013949231116512806,2,-1,Restricted,Restricted
T001,2025-09-08 11:05:30,18.52626631705997,73.8598659750357,Safe,Aga Khan Palace,81.58,Good,Normal,11,5,0.014392607990544093,-0.005175577846600277,2,-1,Restricted,Restricted
T001,2025-09-08 11:06:00,18.52241818104164,73.85506266397213,High-Risk,Sinhagad Fort,87.98,Good,Normal,11,6,-0.0038481360183304503,-0.004803311063568572,0,-1,Restricted,Restricted
T001,2025-09-08 11:06:30,18.512835386330103,73.846779677832,Restricted,Pataleshwar Caves,84.88,Poor,Normal,11,6,-0.009582794711537446,-0.008282986140130788,1,-1,Restricted,Restricted
T001,2025-09-08 11:07:00,18.51329965569625,73.84705629770497,Safe,Shaniwar Wada,85.83,Good,Normal,11,7,0.00046426936614807346,0.0002766198729631242,2,-1,Restricted,Restricted
T001,2025-09-08 11:07:30,18.521101082093644,73.85428443403542,Safe,Aga Khan Palace,89.44,Lost,Normal,11,7,0.0078014263973926745,0.007228136330454049,2,-1,Restricted,Restricted
T001,2025-09-08 11:08:00,18.527675873424183,73.85657111612643,Restricted,Sinhagad Fort,86.81,Good,Normal,11,8,0.006574791330539398,0.0022866820910110164,1,-1,Restricted,Restricted
T001,2025-09-08 11:08:30,18.51152043570168,73.84717637790138,Restricted,Lal Mahal,74.51,Good,Normal,11,8,-0.016155437722503052,-0.009394738225054766,1,-1,Restricted,Restricted
T001,2025-09-08 11:09:00,18.524287065297067,73.86639799467464,Safe,Pataleshwar Caves,78.1,Good,Normal,11,9,0.012766629595386547,0.019221616773265282,2,-1,Restricted,Restricted
T001,2025-09-08 11:09:30,18.5295439737629,73.85932955474485,Safe,Aga Khan Palace,86.04,Good,Normal,11,9,0.005256908465835153,-0.007068439929796,2,-1,Restricted,Restricted
T001,2025-09-08 11:10:00,18.52333081954467,73.86031429242033,Safe,Aga Khan Palace,82.18,Good,Normal,11,10,-0.006213154218229988,0.0009847376754805737,2,-1,Restricted,Restricted
T001,2025-09-08 11:10:30,18.52522280825785,73.85581083169946,Restricted,Shaniwar Wada,89.65,Good,Normal,11,10,0.0018919887131794155,-0.004503460720869157,1,-1,Restricted,Restricted
T001,2025-09-08 11:11:00,18.52976919960806,73.86189304166642,Safe,Sinhagad Fort,88.2,Good,Normal,11,11,0.004546391350210399,0.006082209966962182,2,-1,Restricted,Restricted
T001,2025-09-08 11:11:30,18.511904630278924,73.86641676784632,High-Risk,Aga Khan Palace,81.09,Good,Normal,11,11,-0.017864569329137936,0.0045237261798973805,0,-1,Restricted,Restricted
T001,2025-09-08 11:12:00,18.5133620607124,73.8485959412127,Safe,Lal Mahal,84.97,Good,Normal,11,12,0.0014574304334757926,-0.017820826633624165,2,-1,Restricted,Restricted
T001,2025-09-08 11:12:30,18.517812057506003,73.85924430048976,Safe,Shaniwar Wada,86.57,Good,Normal,11,12,0.004449996793603361,0.010648359277070085,2,-1,Restricted,Restricted
T001,2025-09-08 11:13:00,18.517428600987664,73.8559106410205,Safe,Lal Mahal,77.9,Poor,Normal,11,13,-0.0003834565183389316,-0.003333659469262784,2,-1,Restricted,Restricted
T001,2025-09-08 11:13:30,18.514923860570786,73.85705617352563,Safe,Aga Khan Palace,88.44,Lost,Normal,11,13,-0.002504740416878093,0.0011455325051343834,2,-1,Restricted,Restricted
T001,2025-09-08 11:14:00,18.525853490510176,73.85269140640014,Safe,Lal Mahal,92.2,Good,Normal,11,14,0.010929629939390395,-0.004364767125494495,2,-1,Restricted,Restricted
T001,2025-09-08 11:14:30,18.51727891400168,73.865492823881,Safe,Lal Mahal,89.15,Poor,Normal,11,14,-0.008574576508497245,0.01280141748085839,2,-1,Restricted,Restricted
T001,2025-09-08 11:15:00,18.511218454705773,73.85936717205912,High-Risk,Lal Mahal,88.1,Good,Normal,11,15,-0.006060459295905929,-0.006125651821875522,0,-1,Restricted,Restricted
T001,2025-09-08 11:15:30,18.51162072881986,73.85797322809678,High-Risk,Aga Khan Palace,87.83,Good,Normal,11,15,0.0004022741140872199,-0.0013939439623413818,0,-1,Restricted,Restricted
T001,2025-09-08 11:16:00,18.51858812752853,73.85853525491355,Restricted,Pataleshwar Caves,87.16,Lost,Normal,11,16,0.006967398708670913,0.0005620268167660925,1,-1,Restricted,Restricted
T001,2025-09-08 11:16:30,18.521013343324555,73.85576213667002,High-Risk,Sinhagad Fort,80.7,Poor,Normal,11,16,0.0024252157960233944,-0.0027731182435246637,0,-1,Restricted,Restricted
T002,2025-09-08 10:00:00,18.52914428127009,73.85954118152779,Safe,Shaniwar Wada,100.0,Good,Normal,10,0,0.0081309379455341,0.003779044857765257,2,-1,Restricted,Restricted
T002,2025-09-08 10:00:30,18.524761040521128,73.85343300812255,High-Risk,Shaniwar Wada,99.85,Good,Normal,10,0,-0.004383240748961015,-0.006108173405237949,0,-1,Restricted,Restricted
T002,2025-09-08 10:01:00,18.52138227690037,73.85720897104004,Safe,Sinhagad Fort,99.64,Poor,Normal,10,1,-0.003378763620759173,0.0037759629174871634,2,-1,Restricted,Restricted
T002,2025-09-08 10:01:30,18.527797581604105,73.85684040599067,High-Risk,Pataleshwar Caves,99.82,Lost,Normal,10,1,0.006415304703736524,-0.0003685650493707726,0,-1,Restricted,Restricted
T002,2025-09-08 10:02:00,18.51193154192967,73.85858263993553,High-Risk,Shaniwar Wada,99.41,Good,Normal,10,2,-0.01586603967443523,0.0017422339448671664,0,-1,Restricted,Restricted
T002,2025-09-08 10:02:30,18.517393296946015,73.8518450312656,High-Risk,Sinhagad Fort,99.57,Good,Normal,10,2,0.005461755016344938,-0.00673760866993689,0,-1,Restricted,Safe
T002,2025-09-08 10:03:00,18.52040542682128,73.8574358565798,Safe,Shaniwar Wada,99.14,Lost,Normal,10,3,0.003012129875266112,0.0055908253142007425,2,31,Safe,Restricted
T002,2025-09-08 10:03:30,18.51411449713325,73.84950891779597,High-Risk,Shaniwar Wada,99.14,Lost,Normal,10,3,-0.006290929688031355,-0.007926938783825221,0,-1,Restricted,Restricted
T002,2025-09-08 10:04:00,18.5280653504724,73.85943542988487,Restricted,Aga Khan Palace,98.53,Poor,Normal,10,4,0.013950853339149916,0.009926512088895834,1,-1,Restricted,Safe
T002,2025-09-08 10:04:30,18.513622530098115,73.86283033953177,Safe,Aga Khan Palace,98.7,Good,Normal,10,4,-0.014442820374284793,0.003394909646900146,2,16,Safe,Restricted
T002,2025-09-08 10:05:00,18.518925754109908,73.85895571296031,High-Risk,Lal Mahal,98.06,Good,Normal,10,5,0.005303224011793617,-0.0038746265714593164,0,-1,Restricted,Safe
T002,2025-09-08 10:05:30,18.526475255457843,73.84955602168934,Safe,Pataleshwar Caves,98.83,Good,Normal,10,5,0.007549501347934751,-0.009399691270971289,2,49,Safe,Restricted
T002,2025-09-08 10:06:00,18.526243980417608,73.8509879689118,High-Risk,Sinhagad Fort,99.28,Poor,Normal,10,6,-0.00023127504023534584,0.0014319472224570973,0,-1,Restricted,Restricted
T002,2025-09-08 10:06:30,18.529137494390174,73.86559754874584,Safe,Aga Khan Palace,97.64,Good,Normal,10,6,0.0028935139725660974,0.014609579834043984,2,-1,Restricted,Restricted
T002,2025-09-08 10:07:00,18.517404316915623,73.8532691154862,Safe,Shaniwar Wada,98.3,Good,Normal,10,7,-0.01173317747455016,-0.012328433259639837,2,-1,Restricted,Restricted
T002,2025-09-08 10:07:30,18.52364223108157,73.86593381195775,Safe,Aga Khan Palace,99.08,Good,Normal,10,7,0.0062379141659469894,0.012664696471546222,2,-1,Restricted,Restricted
T002,2025-09-08 10:08:00,18.513859734811145,73.85826098131561,Safe,Shaniwar Wada,98.15,Poor,Normal,10,8,-0.009782496270425156,-0.007672830642135864,2,-1,Restricted,Restricted
T002,2025-09-08 10:08:30,18.52871407747329,73.8554033124028,Safe,Lal Mahal,98.09,Good,Normal,10,8,0.014854342662143694,-0.0028576689128101407,2,-1,Restricted,Restricted
T002,2025-09-08 10:09:00,18.523602675221397,73.85077995018443,Safe,Pataleshwar Caves,98.38,Good,Normal,10,9,-0.005111402251891661,-0.004623362218367788,2,-1,Restricted,Restricted
T002,2025-09-08 10:09:30,18.522573891620333,73.8658855375108,Restricted,Aga Khan Palace,96.65,Poor,Normal,10,9,-0.001028783601064731,0.015105587326374348,1,-1,Restricted,Restricted
T002,2025-09-08 10:10:00,18.52737015879645,73.86429434357387,Safe,Shaniwar Wada,97.96,Lost,Normal,10,10,0.004796267176118363,-0.0015911939369317452,2,-1,Restricted,Restricted
T002,2025-09-08 10:10:30,18.518634826069377,73.86620282075825,High-Risk,Aga Khan Palace,96.04,Lost,Normal,10,10,-0.008735332727074052,0.0019084771843722592,0,-1,Restricted,Restricted
T002,2025-09-08 10:11:00,18.5233772701596,73.8526552924131,High-Risk,Shaniwar Wada,97.49,Poor,Normal,10,11,0.0047424440902226195,-0.013547528345142723,0,-1,Restricted,Restricted
T002,2025-09-08 10:11:30,18.52839745114317,73.84757823438785,Safe,Lal Mahal,98.82,Good,Normal,10,11,0.005020180983571265,-0.0050770580252503805,2,-1,Restricted,Restricted
T002,2025-09-08 10:12:00,18.525509381941543,73.85833246405447,Restricted,Shaniwar Wada,97.2,Poor,Normal,10,12,-0.002888069201627985,0.010754229666616766,1,-1,Restricted,Safe
T002,2025-09-08 10:12:30,18.51236351868199,73.85721850528797,Safe,Lal Mahal,98.63,Good,Normal,10,12,-0.01314586325955247,-0.0011139587664956707,2,17,Safe,Restricted
T002,2025-09-08 10:13:00,18.513103990938937,73.84772652107377,Safe,Sinhagad Fort,96.34,Good,Normal,10,13,0.0007404722569468447,-0.009491984214207605,2,-1,Restricted,Restricted
T002,2025-09-08 10:13:30,18.523874211417724,73.85699706575275,High-Risk,Lal Mahal,97.55,Poor,Normal,10,13,0.010770220478786285,0.009270544678983583,0,-1,Restricted,Safe
T002,2025-09-08 10:14:00,18.51904817915139,73.85452007050468,Safe,Pataleshwar Caves,94.85,Good,Normal,10,14,-0.004826032266333158,-0.0024769952480738766,2,18,Safe,Restricted
T002,2025-09-08 10:14:30,18.512186184359003,73.84754056399615,High-Risk,Lal Mahal,94.29,Good,Normal,10,14,-0.006861994792387804,-0.006979506508528743,0,-1,Restricted,Restricted
T002,2025-09-08 10:15:00,18.52566693715252,73.84862663685266,High-Risk,Sinhagad Fort,98.46,Good,Normal,10,15,0.013480752793515904,0.0010860728565091904,0,-1,Restricted,Safe
T002,2025-09-08 10:15:30,18.52752343451797,73.85897259593295,Safe,Aga Khan Palace,95.94,Good,Normal,10,15,0.0018564973654520145,0.010345959080297007,2,81,Safe,Restricted
T002,2025-09-08 10:16:00,18.513642755747007,73.85351397608736,Safe,Sinhagad Fort,95.74,Good,Normal,10,16,-0.013880678770963328,-0.005458619845597923,2,-1,Restricted,Restricted
T002,2025-09-08 10:16:30,18.529235578048525,73.85802240108401,Safe,Sinhagad Fort,96.78,Good,Normal,10,16,0.015592822301517373,0.004508424996657823,2,-1,Restricted,Safe
T002,2025-09-08 10:17:00,18.5253606111124,73.84858170833517,Safe,Pataleshwar Caves,96.21,Good,Normal,10,17,-0.0038749669361237693,-0.009440692748839297,2,82,Safe,Restricted
T002,2025-09-08 10:17:30,18.51410932435243,73.8512067354445,Safe,Shaniwar Wada,94.57,Poor,Normal,10,17,-0.01125128675997189,0.002625027109331768,2,-1,Restricted,Safe
T002,2025-09-08 10:18:00,18.51959993768609,73.84868671440468,Safe,Aga Khan Palace,97.05,Good,Normal,10,18,0.005490613333659411,-0.0025200210398281797,2,19,Safe,Restricted
T002,2025-09-08 10:18:30,18.5282885346192,73.85713560637694,High-Risk,Shaniwar Wada,98.04,Good,Normal,10,18,0.00868859693311208,0.008448891972264505,0,-1,Restricted,Restricted
T002,2025-09-08 10:19:00,18.51665587499728,73.84681003887304,Safe,Aga Khan Palace,97.9,Poor,Normal,10,19,-0.011632659621920283,-0.010325567503898014,2,-1,Restricted,Restricted
T002,2025-09-08 10:19:30,18.5299644552984,73.85439130801849,Safe,Aga Khan Palace,93.4,Lost,Normal,10,19,0.013308580301121253,0.0075812691454473224,2,-1,Restricted,Restricted
T002,2025-09-08 10:20:00,18.51766843442929,73.8497688506182,Safe,Sinhagad Fort,95.11,Good,Normal,10,20,-0.012296020869111857,-0.004622457400287772,2,-1,Restricted,Restricted
T002,2025-09-08 10:20:30,18.51941691298422,73.85611052069062,Restricted,Aga Khan Palace,92.47,Good,Normal,10,20,0.0017484785549299886,0.00634167007241615,1,-1,Restricted,Restricted
T002,2025-09-08 10:21:00,18.51322585447045,73.86372406906935,High-Risk,Sinhagad Fort,93.13,Good,Normal,10,21,-0.006191058513770997,0.0076135483787282965,0,-1,Restricted,Safe
T002,2025-09-08 10:21:30,18.513054005282903,73.8595040330861,Safe,Aga Khan Palace,91.54,Good,Normal,10,21,-0.00017184918754509226,-0.004220035983252046,2,20,Safe,Restricted
T002,2025-09-08 10:22:00,18.511935418565947,73.85607678987172,High-Risk,Shaniwar Wada,91.24,Good,Normal,10,22,-0.0011185867169558605,-0.003427243214375153,0,-1,Restricted,Restricted
T002,2025-09-08 10:22:30,18.526732452125863,73.85751798974295,Safe,Pataleshwar Caves,94.26,Good,Normal,10,22,0.014797033559915462,0.0014411998712233753,2,-1,Restricted,Restricted
T002,2025-09-08 10:23:00,18.514794995620395,73.85117666291127,Safe,Aga Khan Palace,93.13,Good,Normal,10,23,-0.011937456505467736,-0.006341326831673655,2,-1,Restricted,Restricted
T002,2025-09-08 10:23:30,18.525563133285065,73.84802097503257,Safe,Lal Mahal,95.14,Poor,Normal,10,23,0.010768137664669553,-0.0031556878787029063,2,-1,Restricted,Restricted
T002,2025-09-08 10:24:00,18.512435712912644,73.86206372720824,Safe,Lal Mahal,92.37,Poor,Normal,10,24,-0.013127420372420318,0.014042752175669193,2,-1,Restricted,Safe
T002,2025-09-08 10:24:30,18.512784458243665,73.86042899746691,Safe,Sinhagad Fort,94.15,Good,Normal,10,24,0.0003487453310206945,-0.0016347297413261686,2,20,Safe,Restricted
T002,2025-09-08 10:25:00,18.52506872832974,73.85508898134636,High-Risk,Aga Khan Palace,95.03,Poor,Normal,10,25,0.01228427008607369,-0.005340016120555902,0,-1,Restricted,Restricted
T002,2025-09-08 10:25:30,18.51128923910591,73.84835238744746,Safe,Aga Khan Palace,89.86,Good,Normal,10,25,-0.013779489223828989,-0.0067365938988928065,2,-1,Restricted,Restricted
T002,2025-09-08 10:26:00,18.52254873806693,73.8598867943977,Safe,Shaniwar Wada,92.8,Good,Normal,10,26,0.011259498961020853,0.011534406950232778,2,-1,Restricted,Restricted
T002,2025-09-08 10:26:30,18.530157656443286,73.86522434845703,Safe,Lal Mahal,92.15,Poor,Normal,10,26,0.007608918376355689,0.00533755405933789,2,-1,Restricted,Restricted
T002,2025-09-08 10:27:00,18.528336035790904,73.86265159351194,Safe,Lal Mahal,96.71,Poor,Normal,10,27,-0.0018216206523824496,-0.002572754945092015,2,-1,Restricted,Safe
T002,2025-09-08 10:27:30,18.52890808912948,73.85824701450608,Safe,Sinhagad Fort,92.92,Good,Normal,10,27,0.0005720533385762394,-0.004404579005864662,2,21,Safe,Restricted
T002,2025-09-08 10:28:00,18.52127819567562,73.86111107208998,Safe,Sinhagad Fort,93.67,Good,Normal,10,28,-0.007629893453859893,0.0028640575839062876,2,-1,Restricted,Restricted
T002,2025-09-08 10:28:30,18.52759160948009,73.85795689280206,Safe,Shaniwar Wada,91.11,Poor,Normal,10,28,0.006313413804470258,-0.0031541792879181685,2,-1,Restricted,Restricted
T002,2025-09-08 10:29:00,18.517434958784616,73.86295426511634,Restricted,Lal Mahal,93.81,Lost,Normal,10,29,-0.010156650695474667,0.0049973723142784365,1,-1,Restricted,Restricted
T002,2025-09-08 10:29:30,18.514987750312883,73.85172917490934,Safe,Aga Khan Palace,92.78,Good,Normal,10,29,-0.0024472084717324094,-0.011225090207005906,2,-1,Restricted,Restricted
T002,2025-09-08 10:30:00,18.522119376840973,73.84792851772616,Restricted,Lal Mahal,89.29,Good,Normal,10,30,0.0071316265280891855,-0.0038006571831772362,1,-1,Restricted,Restricted
T002,2025-09-08 10:30:30,18.525544432775103,73.86416980974884,Restricted,Sinhagad Fort,90.17,Good,Normal,10,30,0.003425055934130228,0.016241292022684206,1,-1,Restricted,Restricted
T002,2025-09-08 10:31:00,18.52408744188517,73.85387598392198,Restricted,Sinhagad Fort,91.99,Poor,Normal,10,31,-0.0014569908899311201,-0.010293825826863667,1,-1,Restricted,Safe
T002,2025-09-08 10:31:30,18.51772085362981,73.85760863115438,Safe,Shaniwar Wada,89.82,Good,Normal,10,31,-0.006366588255360739,0.0037326472323968574,2,38,Safe,Safe
T002,2025-09-08 10:32:00,18.527129054598536,73.8485163910068,Safe,Shaniwar Wada,94.17,Good,Normal,10,32,0.009408200968724856,-0.00909224014758081,2,22,Safe,Restricted
T002,2025-09-08 10:32:30,18.513657129275103,73.85699288601732,Safe,Pataleshwar Caves,90.22,Poor,Normal,10,32,-0.013471925323432998,0.008476495010526719,2,-1,Restricted,Restricted
T002,2025-09-08 10:33:00,18.527219517288767,73.85402595411718,Safe,Aga Khan Palace,95.83,Good,Normal,10,33,0.013562388013664162,-0.002966931900147074,2,-1,Restricted,Restricted
T002,2025-09-08 10:33:30,18.525266496419786,73.85185121178833,Safe,Pataleshwar Caves,90.25,Poor,Normal,10,33,-0.0019530208689815254,-0.002174742328847401,2,-1,Restricted,Restricted
T002,2025-09-08 10:34:00,18.51040088151797,73.86393814860122,Safe,Sinhagad Fort,90.16,Good,Normal,10,34,-0.01486561490181515,0.01208693681289219,2,-1,Restricted,Restricted
T002,2025-09-08 10:34:30,18.525590925183877,73.85426681165397,High-Risk,Shaniwar Wada,94.87,Lost,Normal,10,34,0.015190043665906927,-0.009671336947249642,0,-1,Restricted,Restricted
T002,2025-09-08 10:35:00,18.52076330176203,73.85859354542798,Safe,Pataleshwar Caves,94.33,Good,Normal,10,35,-0.004827623421846283,0.004326733774007607,2,-1,Restricted,Restricted
T002,2025-09-08 10:35:30,18.51417694546235,73.84839839677434,Safe,Lal Mahal,86.31,Good,Normal,10,35,-0.006586356299681739,-0.010195148653636465,2,-1,Restricted,Restricted
T002,2025-09-08 10:36:00,18.5212443685547,73.8577972504651,Safe,Lal Mahal,95.18,Poor,Normal,10,36,0.007067423092351532,0.00939885369075455,2,-1,Restricted,Restricted
T002,2025-09-08 10:36:30,18.516214792637815,73.86642732384657,Safe,Shaniwar Wada,86.01,Good,Normal,10,36,-0.005029575916886131,0.00863007338146815,2,-1,Restricted,Restricted
T002,2025-09-08 10:37:00,18.51994204124335,73.85665780715081,High-Risk,Shaniwar Wada,91.53,Good,Normal,10,37,0.003727248605535749,-0.009769516695754987,0,-1,Restricted,Safe
T002,2025-09-08 10:37:30,18.526676138435693,73.84970315800798,Safe,Lal Mahal,92.95,Lost,Normal,10,37,0.006734097192342858,-0.006954649142826952,2,91,Safe,Restricted
T002,2025-09-08 10:38:00,18.523273351989985,73.86496938644983,High-Risk,Shaniwar Wada,88.28,Lost,Normal,10,38,-0.003402786445708017,0.015266228441845442,0,-1,Restricted,Restricted
T002,2025-09-08 10:38:30,18.52822755976337,73.86004525129897,High-Risk,Sinhagad Fort,92.24,Good,Normal,10,38,0.004954207773383956,-0.004924135150858433,0,-1,Restricted,Restricted
T002,2025-09-08 10:39:00,18.5125629222766,73.8493690669971,Restricted,Shaniwar Wada,88.35,Poor,Normal,10,39,-0.015664637486768385,-0.010676184301871672,1,-1,Restricted,Restricted
T002,2025-09-08 10:39:30,18.511891253366933,73.84924469459558,Safe,Sinhagad Fort,88.28,Poor,Normal,10,39,-0.0006716689096677442,-0.00012437240151541573,2,-1,Restricted,Restricted
T002,2025-09-08 10:40:00,18.51539407868421,73.86465908398269,Safe,Aga Khan Palace,87.92,Lost,Normal,10,40,0.0035028253172768586,0.01541438938710371,2,-1,Restricted,Restricted
T002,2025-09-08 10:40:30,18.52726274828582,73.85242091184477,Safe,Shaniwar Wada,95.23,Poor,Normal,10,40,0.01186866960161126,-0.012238172137912784,2,-1,Restricted,Restricted
T002,2025-09-08 10:41:00,18.512760569194544,73.85982137868143,Restricted,Shaniwar Wada,94.02,Good,Normal,10,41,-0.014502179091277156,0.00740046683665696,1,-1,Restricted,Restricted
T002,2025-09-08 10:41:30,18.520911932244477,73.8553833674839,Safe,Aga Khan Palace,86.11,Good,Normal,10,41,0.008151363049933025,-0.0044380111975357295,2,-1,Restricted,Safe
T002,2025-09-08 10:42:00,18.51822327678896,73.86566939438849,Safe,Pataleshwar Caves,93.6,Good,Normal,10,42,-0.0026886554555183295,0.010286026904594792,2,23,Safe,Restricted
T002,2025-09-08 10:42:30,18.51911559837576,73.85037608570131,Restricted,Lal Mahal,90.14,Good,Normal,10,42,0.0008923215868001932,-0.015293308687176932,1,-1,Restricted,Restricted
T002,2025-09-08 10:43:00,18.510677570354545,73.86436327367124,High-Risk,Lal Mahal,83.69,Good,Normal,10,43,-0.00843802802121374,0.01398718796993137,0,-1,Restricted,Restricted
T002,2025-09-08 10:43:30,18.522294497708124,73.85716168787737,Safe,Aga Khan Palace,95.56,Good,Normal,10,43,0.011616927353578888,-0.007201585793879417,2,-1,Restricted,Safe
T002,2025-09-08 10:44:00,18.51471942302805,73.8604861858953,Safe,Aga Khan Palace,91.68,Good,Normal,10,44,-0.007575074680072902,0.0033244980179318873,2,103,Safe,Restricted
T002,2025-09-08 10:44:30,18.513220845615592,73.85290395738325,High-Risk,Sinhagad Fort,84.61,Poor,Normal,10,44,-0.0014985774124589568,-0.0075822285120494826,0,-1,Restricted,Safe
T002,2025-09-08 10:45:00,18.51503021950922,73.84769624160991,Safe,Pataleshwar Caves,93.56,Good,Normal,10,45,0.001809373893628674,-0.005207715773337895,2,24,Safe,Restricted
T002,2025-09-08 10:45:30,18.5143195722296,73.85225847181742,Safe,Aga Khan Palace,81.95,Lost,Normal,10,45,-0.0007106472796216678,0.004562230207511675,2,-1,Restricted,Safe
T002,2025-09-08 10:46:00,18.52160642538204,73.85056909153202,Safe,Pataleshwar Caves,88.89,Good,Normal,10,46,0.007286853152439932,-0.0016893802853985562,2,25,Safe,Safe
T002,2025-09-08 10:46:30,18.521025681710725,73.84903881025562,Safe,Sinhagad Fort,90.7,Lost,Normal,10,46,-0.0005807436713141101,-0.001530281276401979,2,26,Safe,Restricted
T002,2025-09-08 10:47:00,18.52171715174826,73.85513044639755,Safe,Shaniwar Wada,82.52,Poor,Normal,10,47,0.0006914700375340033,0.0060916361419316445,2,-1,Restricted,Safe
T002,2025-09-08 10:47:30,18.516975258238315,73.8648384610287,Safe,Aga Khan Palace,83.92,Good,Normal,10,47,-0.0047418935099443615,0.009708014631144124,2,23,Safe,Safe
T002,2025-09-08 10:48:00,18.526840365578938,73.85372408037719,Safe,Pataleshwar Caves,85.97,Good,Normal,10,48,0.00986510734062307,-0.01111438065150594,2,42,Safe,High-Risk
T002,2025-09-08 10:48:30,18.52745358324232,73.85162968031344,High-Risk,Shaniwar Wada,81.56,Good,Normal,10,48,0.0006132176633819597,-0.002094400063754165,0,27,High-Risk,Restricted
T002,2025-09-08 10:49:00,18.52404182532801,73.86654871406067,High-Risk,Sinhagad Fort,85.66,Good,Normal,10,49,-0.003411757914310698,0.014919033747233357,0,-1,Restricted,Safe
T002,2025-09-08 10:49:30,18.52164080732623,73.86166635700894,Safe,Sinhagad Fort,85.88,Good,Normal,10,49,-0.002401018001780386,-0.004882357051727126,2,15,Safe,Restricted
T002,2025-09-08 10:50:00,18.528009290554454,73.85256539406934,Safe,Shaniwar Wada,93.7,Good,Normal,10,50,0.0063684832282255854,-0.00910096293959839,2,-1,Restricted,Restricted
T002,2025-09-08 10:50:30,18.52182925197741,73.86436588346238,Safe,Pataleshwar Caves,80.99,Good,Normal,10,50,-0.006180038577042524,0.011800489393039015,2,-1,Restricted,Safe
T002,2025-09-08 10:51:00,18.52348825551554,73.86465202416545,Safe,Aga Khan Palace,92.33,Good,Normal,10,51,0.0016590035381298662,0.000286140703067872,2,14,Safe,Restricted
T002,2025-09-08 10:51:30,18.523559501692283,73.8530568538298,Restricted,Pataleshwar Caves,90.22,Good,Normal,10,51,7.124617674136857e-05,-0.011595170335652938,1,-1,Restricted,Restricted
T002,2025-09-08 10:52:00,18.52538417330107,73.86487916960458,Safe,Lal Mahal,82.62,Good,Normal,10,52,0.0018246716087872983,0.011822315774779213,2,-1,Restricted,Restricted
T002,2025-09-08 10:52:30,18.52958678145776,73.85568019108736,Safe,Lal Mahal,90.76,Good,Normal,10,52,0.004202608156688825,-0.009198978517218848,2,-1,Restricted,Restricted
T002,2025-09-08 10:53:00,18.516038883362803,73.85812762358965,High-Risk,Pataleshwar Caves,79.64,Good,Normal,10,53,-0.013547898094955713,0.0024474325022936227,0,-1,Restricted,Restricted
T002,2025-09-08 10:53:30,18.52036766036849,73.85532543030452,Safe,Sinhagad Fort,82.75,Good,Normal,10,53,0.00432877700568568,-0.0028021932851345355,2,-1,Restricted,Restricted
T002,2025-09-08 10:54:00,18.53026293522057,73.84777592083148,High-Risk,Pataleshwar Caves,81.64,Good,Normal,10,54,0.00989527485208086,-0.007549509473037119,0,-1,Restricted,Restricted
T002,2025-09-08 10:54:30,18.52104091915117,73.8666725349192,Safe,Lal Mahal,79.85,Good,Normal,10,54,-0.009222016069401207,0.018896614087722696,2,-1,Restricted,Restricted
T002,2025-09-08 10:55:00,18.515492183399918,73.85536607384148,Safe,Sinhagad Fort,83.7,Good,Normal,10,55,-0.005548735751251144,-0.011306461077722929,2,-1,Restricted,Restricted
T002,2025-09-08 10:55:30,18.530296346807308,73.8565252503152,Safe,Pataleshwar Caves,85.43,Good,Normal,10,55,0.014804163407390547,0.0011591764737204358,2,-1,Restricted,Restricted
T002,2025-09-08 10:56:00,18.52370302749571,73.8505602375681,Safe,Lal Mahal,81.05,Good,Normal,10,56,-0.006593319311598123,-0.005965012747097376,2,-1,Restricted,Restricted
T002,2025-09-08 10:56:30,18.51551857433862,73.85131959814372,Safe,Lal Mahal,87.34,Good,Normal,10,56,-0.008184453157088711,0.0007593605756142097,2,-1,Restricted,Safe
T002,2025-09-08 10:57:00,18.520815143302976,73.86048631006511,Safe,Sinhagad Fort,87.44,Good,Normal,10,57,0.005296568964354265,0.009166711921395176,2,124,Safe,Restricted
T002,2025-09-08 10:57:30,18.523086278417768,73.86391567550149,High-Risk,Lal Mahal,83.75,Poor,Normal,10,57,0.0022711351147925996,0.0034293654363750647,0,-1,Restricted,Restricted
T002,2025-09-08 10:58:00,18.518677478026508,73.85288336438344,High-Risk,Lal Mahal,79.22,Lost,Normal,10,58,-0.00440880039126057,-0.01103231111804348,0,-1,Restricted,Restricted
T002,2025-09-08 10:58:30,18.52624273228708,73.85821853261059,High-Risk,Pataleshwar Caves,84.86,Good,Normal,10,58,0.007565254260573084,0.005335168227148301,0,-1,Restricted,Restricted
T002,2025-09-08 10:59:00,18.52785921276145,73.85894962421385,Safe,Lal Mahal,83.33,Good,Normal,10,59,0.0016164804743681316,0.0007310916032565729,2,-1,Restricted,Restricted
T002,2025-09-08 10:59:30,18.51888542055246,73.85049438885207,Safe,Sinhagad Fort,82.21,Lost,Normal,10,59,-0.008973792208987419,-0.0084552353617795,2,-1,Restricted,Restricted
T002,2025-09-08 11:00:00,18.51172895889928,73.86518582862671,Safe,Shaniwar Wada,86.07,Good,Normal,11,0,-0.007156461653181623,0.01469143977463716,2,-1,Restricted,Restricted
T002,2025-09-08 11:00:30,18.53029224459983,73.85297145034745,Restricted,Pataleshwar Caves,79.96,Lost,Normal,11,0,0.018563285700551546,-0.012214378279253424,1,-1,Restricted,Restricted
T002,2025-09-08 11:01:00,18.51449705761686,73.86426051264172,Safe,Aga Khan Palace,91.28,Good,Normal,11,1,-0.015795186982970222,0.011289062294267183,2,-1,Restricted,Restricted
T002,2025-09-08 11:01:30,18.527119964065083,73.86193189462723,Safe,Pataleshwar Caves,80.93,Good,Normal,11,1,0.012622906448221727,-0.0023286180144879154,2,-1,Restricted,Restricted
T002,2025-09-08 11:02:00,18.514094410335773,73.85208817553594,Safe,Pataleshwar Caves,77.11,Good,Normal,11,2,-0.013025553729310246,-0.009843719091293224,2,-1,Restricted,Safe
T002,2025-09-08 11:02:30,18.518229357542168,73.85716948630524,Safe,Shaniwar Wada,82.49,Good,Normal,11,2,0.004134947206395623,0.005081310769298852,2,125,Safe,Safe
T002,2025-09-08 11:03:00,18.51659497083312,73.86659262449291,Safe,Pataleshwar Caves,80.97,Poor,Normal,11,3,-0.0016343867090498065,0.009423138187671043,2,28,Safe,Restricted
T002,2025-09-08 11:03:30,18.513288161878425,73.85544534735965,High-Risk,Pataleshwar Caves,76.1,Good,Normal,11,3,-0.0033068089546937074,-0.011147277133261468,0,-1,Restricted,Restricted
T002,2025-09-08 11:04:00,18.51373321162758,73.86271474083826,Safe,Aga Khan Palace,76.15,Good,Normal,11,4,0.0004450497491568228,0.007269393478608777,2,-1,Restricted,Restricted
T002,2025-09-08 11:04:30,18.525255714201247,73.85777499715196,Restricted,Lal Mahal,76.2,Poor,Normal,11,4,0.011522502573665605,-0.004939743686293241,1,-1,Restricted,Restricted
T002,2025-09-08 11:05:00,18.510793174449265,73.86266751560177,High-Risk,Aga Khan Palace,86.27,Good,Normal,11,5,-0.014462539751981751,0.004892518449807426,0,-1,Restricted,Restricted
T002,2025-09-08 11:05:30,18.520908990614117,73.85606900694091,Safe,Lal Mahal,83.22,Good,Normal,11,5,0.01011581616485202,-0.00659850866085776,2,-1,Restricted,Restricted
T002,2025-09-08 11:06:00,18.51112491534445,73.85537514990568,Restricted,Shaniwar Wada,75.18,Lost,Normal,11,6,-0.009784075269667625,-0.0006938570352303941,1,-1,Restricted,Restricted
T002,2025-09-08 11:06:30,18.51671337957248,73.86196044415674,Safe,Lal Mahal,83.26,Poor,Normal,11,6,0.005588464228029721,0.006585294251053142,2,-1,Restricted,Restricted
T002,2025-09-08 11:07:00,18.518354012735266,73.86351426340889,High-Risk,Lal Mahal,74.13,Good,Normal,11,7,0.001640633162786287,0.0015538192521518113,0,-1,Restricted,Safe
T002,2025-09-08 11:07:30,18.51062556879084,73.84777695083179,Safe,Shaniwar Wada,83.67,Good,Normal,11,7,-0.007728443944426289,-0.015737312577101648,2,29,Safe,Restricted
T002,2025-09-08 11:08:00,18.515121129826767,73.86325118354719,High-Risk,Sinhagad Fort,81.67,Good,Normal,11,8,0.004495561035927409,0.015474232715405378,0,-1,Restricted,Restricted
T002,2025-09-08 11:08:30,18.511242601834955,73.86175468683953,Safe,Sinhagad Fort,77.64,Good,Normal,11,8,-0.0038785279918123194,-0.0014964967076593894,2,-1,Restricted,Restricted
T003,2025-09-08 10:00:00,18.51304505452072,73.86622040343767,Safe,Lal Mahal,100.0,Good,Normal,10,0,0.001802452685765843,0.00446571659813344,2,-1,Restricted,Restricted
T003,2025-09-08 10:00:30,18.511762470167145,73.85880951145104,Safe,Pataleshwar Caves,99.87,Good,Normal,10,0,-0.0012825843535750892,-0.007410891986623369,2,-1,Restricted,Safe
T003,2025-09-08 10:01:00,18.516126635496693,73.84959909255058,Safe,Aga Khan Palace,99.63,Good,Normal,10,1,0.0043641653295480864,-0.009210418900465811,2,30,Safe,Restricted
T003,2025-09-08 10:01:30,18.51258614896948,73.86484162037446,Safe,Pataleshwar Caves,99.5,Good,Normal,10,1,-0.0035404865272141706,0.015242527823886576,2,-1,Restricted,Restricted
T003,2025-09-08 10:02:00,18.52772268533866,73.85288632414039,Safe,Pataleshwar Caves,99.46,Good,Normal,10,2,0.01513653636918022,-0.01195529623407765,2,-1,Restricted,Restricted
T003,2025-09-08 10:02:30,18.5156106241067,73.8529000121844,Safe,Pataleshwar Caves,99.28,Good,Normal,10,2,-0.01211206123196007,1.3688044020909729e-05,2,-1,Restricted,Safe
T003,2025-09-08 10:03:00,18.52072566835139,73.85812070875826,Safe,Pataleshwar Caves,98.87,Good,Normal,10,3,0.0051150442446896704,0.005220696573857708,2,31,Safe,Safe
T003,2025-09-08 10:03:30,18.52909116701801,73.85760081899161,Safe,Aga Khan Palace,98.97,Good,Normal,10,3,0.008365498666620397,-0.0005198897666502944,2,126,Safe,Restricted
T003,2025-09-08 10:04:00,18.51214679729918,73.85888211135973,Safe,Lal Mahal,99.56,Good,Normal,10,4,-0.01694436971882851,0.0012812923681195798,2,-1,Restricted,Restricted
T003,2025-09-08 10:04:30,18.52372406853868,73.85267242968766,Safe,Sinhagad Fort,98.62,Good,Normal,10,4,0.011577271239499254,-0.006209681672075362,2,-1,Restricted,Safe
T003,2025-09-08 10:05:00,18.519258208044864,73.8595320791051,Safe,Shaniwar Wada,98.63,Good,Normal,10,5,-0.004465860493816365,0.006859649417435776,2,1,Safe,Restricted
T003,2025-09-08 10:05:30,18.52793306829341,73.8662155885687,Safe,Shaniwar Wada,99.44,Good,Normal,10,5,0.008674860248547134,0.006683509463613291,2,-1,Restricted,Restricted
T003,2025-09-08 10:06:00,18.521145571196296,73.85834797833054,Restricted,Lal Mahal,98.97,Good,Normal,10,6,-0.006787497097114681,-0.007867610238164957,1,-1,Restricted,High-Risk
T003,2025-09-08 10:06:30,18.52671848650892,73.86392654957099,High-Risk,Shaniwar Wada,99.12,Poor,Normal,10,6,0.005572915312622939,0.005578571240448582,0,32,High-Risk,Restricted
T003,2025-09-08 10:07:00,18.52877110953245,73.85449705028576,Safe,Pataleshwar Caves,99.24,Good,Normal,10,7,0.0020526230235304865,-0.009429499285232623,2,-1,Restricted,Safe
T003,2025-09-08 10:07:30,18.515136213296607,73.86155955300465,Safe,Pataleshwar Caves,97.31,Poor,Normal,10,7,-0.013634896235842575,0.007062502718895303,2,16,Safe,High-Risk
T003,2025-09-08 10:08:00,18.52424011575976,73.84849997216902,High-Risk,Aga Khan Palace,98.3,Good,Normal,10,8,0.009103902463152735,-0.013059580835630413,0,106,High-Risk,Safe
T003,2025-09-08 10:08:30,18.52116105333911,73.85382666155913,Safe,Sinhagad Fort,99.11,Poor,Normal,10,8,-0.003079062420649592,0.005326689390102501,2,33,Safe,Restricted
T003,2025-09-08 10:09:00,18.528826169323523,73.85570870168647,Safe,Lal Mahal,97.67,Good,Normal,10,9,0.007665115984412552,0.001882040127341611,2,-1,Restricted,Safe
T003,2025-09-08 10:09:30,18.51708274256516,73.86096870595185,Safe,Pataleshwar Caves,98.09,Good,Normal,10,9,-0.011743426758361153,0.005260004265380758,2,16,Safe,Safe
T003,2025-09-08 10:10:00,18.527805084009337,73.85979303500494,Safe,Pataleshwar Caves,96.82,Lost,Normal,10,10,0.010722341444175498,-0.0011756709469068483,2,34,Safe,Restricted
T003,2025-09-08 10:10:30,18.51981215689386,73.86474420923517,High-Risk,Aga Khan Palace,97.99,Poor,Normal,10,10,-0.0079929271154775,0.004951174230228617,0,-1,Restricted,Restricted
T003,2025-09-08 10:11:00,18.524161145487994,73.85867056367401,Restricted,Shaniwar Wada,97.36,Good,Normal,10,11,0.004348988594134795,-0.006073645561158969,1,-1,Restricted,Safe
T003,2025-09-08 10:11:30,18.511670709061136,73.8563586116582,Safe,Shaniwar Wada,97.42,Poor,Normal,10,11,-0.012490436426858764,-0.002311952015816132,2,17,Safe,Restricted
T003,2025-09-08 10:12:00,18.51691375370336,73.85099616392671,Safe,Lal Mahal,97.74,Good,Normal,10,12,0.005243044642224248,-0.005362447731485531,2,-1,Restricted,Restricted
T003,2025-09-08 10:12:30,18.519364709393976,73.85678427634087,Safe,Pataleshwar Caves,98.42,Good,Normal,10,12,0.0024509556906160412,0.00578811241416588,2,-1,Restricted,Restricted
T003,2025-09-08 10:13:00,18.5256783838658,73.86547862536409,Safe,Pataleshwar Caves,96.13,Good,Normal,10,13,0.00631367447182285,0.008694349023215864,2,-1,Restricted,Safe
T003,2025-09-08 10:13:30,18.52637439948689,73.86139727739396,Safe,Aga Khan Palace,97.11,Good,Normal,10,13,0.0006960156210915613,-0.0040813479701284905,2,35,Safe,Restricted
T003,2025-09-08 10:14:00,18.515532983221544,73.86369746754167,Safe,Aga Khan Palace,97.17,Poor,Normal,10,14,-0.010841416265346737,0.002300190147707326,2,-1,Restricted,Restricted
T003,2025-09-08 10:14:30,18.52985436179742,73.85748170405367,Safe,Lal Mahal,98.25,Poor,Normal,10,14,0.014321378575875343,-0.006215763488000903,2,-1,Restricted,Restricted
T003,2025-09-08 10:15:00,18.51277229457074,73.86104919316408,Safe,Aga Khan Palace,94.52,Poor,Normal,10,15,-0.017082067226677822,0.003567489110409383,2,-1,Restricted,Restricted
T003,2025-09-08 10:15:30,18.511927703894088,73.86241763838868,Safe,Pataleshwar Caves,98.09,Poor,Normal,10,15,-0.0008445906766532119,0.0013684452245996681,2,-1,Restricted,Restricted
T003,2025-09-08 10:16:00,18.510424179142355,73.85852686150534,High-Risk,Sinhagad Fort,97.58,Good,Normal,10,16,-0.0015035247517332095,-0.003890776883338276,0,-1,Restricted,Restricted
T003,2025-09-08 10:16:30,18.527177277616588,73.85517603905383,Safe,Sinhagad Fort,97.41,Good,Normal,10,16,0.016753098474232786,-0.0033508224515088614,2,-1,Restricted,Safe
T003,2025-09-08 10:17:00,18.52963630862421,73.8636848951937,Safe,Shaniwar Wada,98.1,Lost,Normal,10,17,0.0024590310076213484,0.008508856139869181,2,36,Safe,Restricted
T003,2025-09-08 10:17:30,18.521657741947276,73.84697527908806,Safe,Shaniwar Wada,93.42,Lost,Normal,10,17,-0.00797856667693253,-0.016709616105643477,2,-1,Restricted,Restricted
T003,2025-09-08 10:18:00,18.52478318166981,73.85214468264638,Restricted,Pataleshwar Caves,94.38,Poor,Normal,10,18,0.003125439722534651,0.005169403558326735,1,-1,Restricted,Safe
T003,2025-09-08 10:18:30,18.5218350837314,73.8549397322176,Safe,Pataleshwar Caves,95.62,Poor,Normal,10,18,-0.0029480979384111095,0.0027950495712190104,2,111,Safe,Safe
T003,2025-09-08 10:19:00,18.52785950062531,73.85238406587735,Safe,Shaniwar Wada,92.53,Good,Normal,10,19,0.006024416893911422,-0.0025556663402568347,2,37,Safe,Safe
T003,2025-09-08 10:19:30,18.523872228751465,73.85187990251416,Safe,Lal Mahal,94.66,Good,Normal,10,19,-0.00398727187384651,-0.0005041633631890363,2,61,Safe,Safe
T003,2025-09-08 10:20:00,18.514611395131645,73.85426916869179,Safe,Aga Khan Palace,95.94,Good,Normal,10,20,-0.009260833619819664,0.002389266177630134,2,38,Safe,Restricted
T003,2025-09-08 10:20:30,18.525175951363405,73.86118130634063,Safe,Shaniwar Wada,94.87,Poor,Normal,10,20,0.01056455623175978,0.006912137648839689,2,-1,Restricted,Restricted
T003,2025-09-08 10:21:00,18.51410636494744,73.86478507091564,Safe,Sinhagad Fort,91.75,Good,Normal,10,21,-0.011069586415963784,0.003603764575018431,2,-1,Restricted,Restricted
T003,2025-09-08 10:21:30,18.522023803398515,73.85689407887408,High-Risk,Aga Khan Palace,92.14,Good,Normal,10,21,0.007917438451073622,-0.007890992041566847,0,-1,Restricted,High-Risk
T003,2025-09-08 10:22:00,18.5114675638064,73.86385475652989,High-Risk,Lal Mahal,92.41,Good,Normal,10,22,-0.010556239592116157,0.0069606776558117645,0,39,High-Risk,Safe
T003,2025-09-08 10:22:30,18.523944306939548,73.86238594304034,Safe,Shaniwar Wada,92.77,Good,Normal,10,22,0.01247674313314917,-0.0014688134895521898,2,134,Safe,Restricted
T003,2025-09-08 10:23:00,18.52897676336497,73.85516634212838,Safe,Pataleshwar Caves,94.75,Good,Normal,10,23,0.005032456425421827,-0.007219600911952284,2,-1,Restricted,Restricted
T003,2025-09-08 10:23:30,18.52457227952656,73.86263968060847,High-Risk,Shaniwar Wada,96.14,Good,Normal,10,23,-0.0044044838384103,0.007473338480082248,0,-1,Restricted,Restricted
T003,2025-09-08 10:24:00,18.511243948163937,73.85792109623382,Safe,Shaniwar Wada,95.36,Good,Normal,10,24,-0.013328331362622237,-0.004718584374643342,2,-1,Restricted,Restricted
T003,2025-09-08 10:24:30,18.52282356852413,73.8584823977483,Safe,Sinhagad Fort,94.03,Good,Normal,10,24,0.011579620360194554,0.0005613015144803057,2,-1,Restricted,Restricted
T003,2025-09-08 10:25:00,18.51679347894037,73.86286048688376,Safe,Shaniwar Wada,96.85,Good,Normal,10,25,-0.0060300895837599455,0.0043780891354572304,2,-1,Restricted,Safe
T003,2025-09-08 10:25:30,18.51719650425391,73.85314899220184,Safe,Lal Mahal,96.48,Good,Normal,10,25,0.00040302531353830773,-0.009711494681923227,2,6,Safe,Restricted
T003,2025-09-08 10:26:00,18.520127069525707,73.8583778233048,Safe,Shaniwar Wada,94.01,Poor,Normal,10,26,0.0029305652717965813,0.0052288311029684564,2,-1,Restricted,Restricted
T003,2025-09-08 10:26:30,18.522109808442774,73.86423434528142,High-Risk,Aga Khan Palace,92.29,Good,Normal,10,26,0.0019827389170679055,0.005856521976610907,0,-1,Restricted,Restricted
T003,2025-09-08 10:27:00,18.51165853850573,73.86168190092849,Safe,Aga Khan Palace,89.91,Good,Normal,10,27,-0.01045126993704315,-0.0025524443529292284,2,-1,Restricted,Restricted
T003,2025-09-08 10:27:30,18.51691684243066,73.85975155931713,High-Risk,Pataleshwar Caves,90.52,Poor,Normal,10,27,0.0052583039249292085,-0.001930341611355857,0,-1,Restricted,Restricted
T003,2025-09-08 10:28:00,18.51139266566951,73.85027535168045,High-Risk,Pataleshwar Caves,94.18,Good,Normal,10,28,-0.0055241767611491355,-0.009476207636680556,0,-1,Restricted,Restricted
T003,2025-09-08 10:28:30,18.52688301817292,73.85460425200752,Safe,Aga Khan Palace,94.5,Good,Normal,10,28,0.015490352503409355,0.004328900327067231,2,-1,Restricted,Safe
T003,2025-09-08 10:29:00,18.52720280831883,73.85343446411775,Safe,Lal Mahal,95.91,Poor,Normal,10,29,0.00031979014590888255,-0.0011697878897649616,2,118,Safe,Restricted
T003,2025-09-08 10:29:30,18.522103148036795,73.85885268490911,Safe,Pataleshwar Caves,95.39,Good,Normal,10,29,-0.00509966028203479,0.005418220791355566,2,-1,Restricted,Restricted
T003,2025-09-08 10:30:00,18.518844236728864,73.85017023284757,Safe,Pataleshwar Caves,92.59,Good,Normal,10,30,-0.0032589113079311005,-0.008682452061535173,2,-1,Restricted,Restricted
T003,2025-09-08 10:30:30,18.52196075205442,73.85845248396579,Safe,Pataleshwar Caves,87.96,Good,Normal,10,30,0.0031165153255550138,0.008282251118217232,2,-1,Restricted,Safe
T003,2025-09-08 10:31:00,18.526551386167316,73.86615836050032,Safe,Shaniwar Wada,89.41,Good,Normal,10,31,0.004590634112897618,0.007705876534529921,2,7,Safe,Restricted
T003,2025-09-08 10:31:30,18.52112041562046,73.85547841986934,Safe,Pataleshwar Caves,95.62,Good,Normal,10,31,-0.005430970546857594,-0.01067994063097899,2,-1,Restricted,Restricted
T003,2025-09-08 10:32:00,18.513328809462777,73.8477291297252,Safe,Lal Mahal,88.6,Good,Normal,10,32,-0.0077916061576814855,-0.0077492901441473805,2,-1,Restricted,Safe
T003,2025-09-08 10:32:30,18.51299966868622,73.85318707334076,Safe,Lal Mahal,91.03,Good,Normal,10,32,-0.000329140776557324,0.0054579436155677286,2,40,Safe,Safe
T003,2025-09-08 10:33:00,18.511329229200225,73.85180534902221,Safe,Pataleshwar Caves,92.42,Good,Normal,10,33,-0.00167043948599499,-0.0013817243185485495,2,41,Safe,Safe
T003,2025-09-08 10:33:30,18.512472288124552,73.85147648928739,Safe,Sinhagad Fort,94.59,Poor,Normal,10,33,0.0011430589243275335,-0.00032885973482166264,2,41,Safe,Restricted
T003,2025-09-08 10:34:00,18.52826048795554,73.85895627715837,Safe,Aga Khan Palace,94.33,Good,Normal,10,34,0.015788199830986116,0.007479787870977361,2,-1,Restricted,Restricted
T003,2025-09-08 10:34:30,18.52510628630835,73.85245437686164,High-Risk,Pataleshwar Caves,92.01,Good,Normal,10,34,-0.0031542016471881595,-0.0065019002967261486,0,-1,Restricted,Restricted
T003,2025-09-08 10:35:00,18.5289457292452,73.85064284235514,Safe,Aga Khan Palace,88.82,Good,Normal,10,35,0.003839442936850901,-0.0018115345065012889,2,-1,Restricted,Restricted
T003,2025-09-08 10:35:30,18.51583633958334,73.84715122541826,Safe,Sinhagad Fort,91.5,Good,Normal,10,35,-0.013109389661860149,-0.0034916169368841565,2,-1,Restricted,Restricted
T003,2025-09-08 10:36:00,18.52784823729977,73.86239809695866,Safe,Shaniwar Wada,87.34,Poor,Normal,10,36,0.012011897716430298,0.015246871540398388,2,-1,Restricted,Restricted
T003,2025-09-08 10:36:30,18.51220853389813,73.86232411516139,Safe,Pataleshwar Caves,89.69,Good,Normal,10,36,-0.01563970340164289,-7.39817972714718e-05,2,-1,Restricted,Restricted
T003,2025-09-08 10:37:00,18.52229249814656,73.85299594216933,Safe,Pataleshwar Caves,91.97,Good,Normal,10,37,0.010083964248430277,-0.009328172992056238,2,-1,Restricted,Restricted
T003,2025-09-08 10:37:30,18.51233238052493,73.86108363696529,Restricted,Aga Khan Palace,85.65,Good,Normal,10,37,-0.009960117621627518,0.008087694795960942,1,-1,Restricted,Restricted
T003,2025-09-08 10:38:00,18.527293635683534,73.85955666078996,High-Risk,Aga Khan Palace,89.45,Good,Normal,10,38,0.014961255158603137,-0.001526976175327377,0,-1,Restricted,Restricted
T003,2025-09-08 10:38:30,18.52261781956864,73.85907702826978,Safe,Pataleshwar Caves,95.15,Good,Normal,10,38,-0.0046758161148936495,-0.00047963252018234925,2,-1,Restricted,Safe
T003,2025-09-08 10:39:00,18.52274707255445,73.85308254923942,Safe,Pataleshwar Caves,84.42,Good,Normal,10,39,0.00012925298580768185,-0.005994479030363209,2,8,Safe,Safe
T003,2025-09-08 10:39:30,18.518301326620108,73.86616475304355,Safe,Sinhagad Fort,94.11,Good,Normal,10,39,-0.00444574593434055,0.013082203804131609,2,23,Safe,Restricted
T003,2025-09-08 10:40:00,18.51331847872934,73.85893512386794,Safe,Pataleshwar Caves,85.53,Good,Normal,10,40,-0.004982847890769193,-0.0072296291756117625,2,-1,Restricted,Restricted
T003,2025-09-08 10:40:30,18.517983715673708,73.85784619743595,Safe,Lal Mahal,87.8,Good,Normal,10,40,0.0046652369443691555,-0.0010889264319899894,2,-1,Restricted,Safe
T003,2025-09-08 10:41:00,18.523332086394756,73.85203297377242,Safe,Pataleshwar Caves,86.81,Good,Normal,10,41,0.005348370721048212,-0.005813223663523104,2,8,Safe,Restricted
T003,2025-09-08 10:41:30,18.516151308386675,73.85165324119885,High-Risk,Lal Mahal,87.58,Good,Normal,10,41,-0.007180778008081035,-0.0003797325735774848,0,-1,Restricted,Safe
T003,2025-09-08 10:42:00,18.516274204023546,73.8467625384737,Safe,Sinhagad Fort,95.49,Poor,Normal,10,42,0.00012289563687062355,-0.004890702725148799,2,24,Safe,Restricted
T003,2025-09-08 10:42:30,18.527029216937667,73.86069934118655,Safe,Lal Mahal,94.68,Good,Normal,10,42,0.010755012914120954,0.013936802712848362,2,-1,Restricted,Safe
T003,2025-09-08 10:43:00,18.518561762645387,73.8533774038204,Safe,Lal Mahal,84.3,Poor,Normal,10,43,-0.008467454292279797,-0.007321937366143061,2,128,Safe,Restricted
T003,2025-09-08 10:43:30,18.52539124886101,73.84829126794111,Restricted,Aga Khan Palace,95.53,Good,Normal,10,43,0.0068294862156221825,-0.005086135879295739,1,-1,Restricted,Restricted
T003,2025-09-08 10:44:00,18.52136151826678,73.84740365653228,Safe,Pataleshwar Caves,90.98,Good,Normal,10,44,-0.004029730594229619,-0.0008876114088280929,2,-1,Restricted,Restricted
T003,2025-09-08 10:44:30,18.53029808653125,73.86656502167813,Safe,Pataleshwar Caves,87.64,Lost,Normal,10,44,0.008936568264470424,0.019161365145848208,2,-1,Restricted,Restricted
T003,2025-09-08 10:45:00,18.521382217687872,73.8569063641862,Safe,Shaniwar Wada,92.13,Lost,Normal,10,45,-0.008915868843377694,-0.009658657491925737,2,-1,Restricted,Restricted
T003,2025-09-08 10:45:30,18.52402412628443,73.86114712953098,Safe,Sinhagad Fort,86.91,Good,Normal,10,45,0.002641908596558551,0.004240765344775355,2,-1,Restricted,Restricted
T003,2025-09-08 10:46:00,18.515493103555173,73.8635928920572,High-Risk,Aga Khan Palace,90.09,Good,Normal,10,46,-0.008531022729258098,0.002445762526221529,0,-1,Restricted,Restricted
T003,2025-09-08 10:46:30,18.517329129437805,73.8609471638225,Safe,Aga Khan Palace,84.61,Lost,Normal,10,46,0.0018360258826319864,-0.002645728234696776,2,-1,Restricted,Safe
T003,2025-09-08 10:47:00,18.52599564782436,73.85340047281281,Safe,Sinhagad Fort,93.09,Poor,Normal,10,47,0.008666518386554856,-0.007546691009693518,2,42,Safe,Safe
T003,2025-09-08 10:47:30,18.51242173523589,73.85626740965705,Safe,Pataleshwar Caves,85.21,Good,Normal,10,47,-0.013573912588469739,0.0028669368442422183,2,43,Safe,Safe
T003,2025-09-08 10:48:00,18.52080333532024,73.84707543024913,Safe,Sinhagad Fort,85.1,Lost,Normal,10,48,0.008381600084351959,-0.009191979407916051,2,44,Safe,Safe
T003,2025-09-08 10:48:30,18.515770339482064,73.84864240923508,Safe,Pataleshwar Caves,84.58,Good,Normal,10,48,-0.005032995838178067,0.0015669789859487082,2,74,Safe,Safe
T003,2025-09-08 10:49:00,18.518507733008928,73.85376352266455,Safe,Sinhagad Fort,86.91,Good,Normal,10,49,0.002737393526864196,0.005121113429467528,2,55,Safe,Restricted
T003,2025-09-08 10:49:30,18.51665087009705,73.8498386920123,High-Risk,Lal Mahal,82.93,Good,Normal,10,49,-0.0018568629118789204,-0.0039248306522523535,0,-1,Restricted,Restricted
T003,2025-09-08 10:50:00,18.52203135140907,73.85270171347757,Restricted,Pataleshwar Caves,93.35,Good,Normal,10,50,0.00538048131202018,0.0028630214652736186,1,-1,Restricted,Restricted
T003,2025-09-08 10:50:30,18.52610435424506,73.86218744606326,Restricted,Pataleshwar Caves,91.99,Good,Normal,10,50,0.004073002835990991,0.009485732585687856,1,-1,Restricted,Safe
T003,2025-09-08 10:51:00,18.52663685532892,73.86402752449332,Safe,Sinhagad Fort,87.72,Poor,Normal,10,51,0.0005325010838603816,0.0018400784300638406,2,45,Safe,Restricted
T003,2025-09-08 10:51:30,18.5244629443925,73.84808694732938,Safe,Shaniwar Wada,87.25,Good,Normal,10,51,-0.002173910936420498,-0.01594057716394559,2,-1,Restricted,Restricted
T003,2025-09-08 10:52:00,18.52761766732077,73.85801860641989,Safe,Aga Khan Palace,79.56,Good,Normal,10,52,0.003154722928268683,0.009931659090511857,2,-1,Restricted,Restricted
T003,2025-09-08 10:52:30,18.524190769700944,73.86593455673069,Safe,Sinhagad Fort,85.29,Lost,Normal,10,52,-0.0034268976198248424,0.007915950310803055,2,-1,Restricted,Safe
T003,2025-09-08 10:53:00,18.51969849697372,73.86280792281566,Safe,Aga Khan Palace,81.89,Good,Normal,10,53,-0.004492272727222968,-0.003126633915030652,2,47,Safe,Restricted
T003,2025-09-08 10:53:30,18.516189761590248,73.85899401077643,Safe,Aga Khan Palace,92.89,Good,Normal,10,53,-0.0035087353834732937,-0.003813912039234424,2,-1,Restricted,Safe
T003,2025-09-08 10:54:00,18.523998769467696,73.8645107691082,Safe,Lal Mahal,89.51,Good,Normal,10,54,0.007809007877447982,0.005516758331765459,2,46,Safe,Safe
T003,2025-09-08 10:54:30,18.517724836970157,73.86517532808485,Safe,Sinhagad Fort,86.74,Good,Normal,10,54,-0.0062739324975389366,0.0006645589766520743,2,47,Safe,Safe
T003,2025-09-08 10:55:00,18.522525703308503,73.86310792787842,Safe,Sinhagad Fort,88.83,Good,Normal,10,55,0.00480086633834631,-0.0020674002064282604,2,14,Safe,Safe
T003,2025-09-08 10:55:30,18.521890193892038,73.8610910048278,Safe,Sinhagad Fort,90.3,Good,Normal,10,55,-0.0006355094164653963,-0.002016923050618402,2,15,Safe,Restricted
T003,2025-09-08 10:56:00,18.526391508662343,73.85859664258587,High-Risk,Shaniwar Wada,92.88,Poor,Normal,10,56,0.0045013147703052425,-0.0024943622419328904,0,-1,Restricted,Restricted
T003,2025-09-08 10:56:30,18.5114658620169,73.85051174030593,Safe,Sinhagad Fort,82.02,Poor,Normal,10,56,-0.014925646645441049,-0.008084902279932749,2,-1,Restricted,Restricted
T003,2025-09-08 10:57:00,18.52810440475015,73.85214819520725,Safe,Lal Mahal,81.64,Poor,Normal,10,57,0.016638542733247164,0.0016364549013161422,2,-1,Restricted,Restricted
T003,2025-09-08 10:57:30,18.52217826585254,73.86479334250673,High-Risk,Aga Khan Palace,80.94,Good,Normal,10,57,-0.0059261388976104,0.012645147299480186,0,-1,Restricted,Restricted
T003,2025-09-08 10:58:00,18.512308142502057,73.85518894463117,Safe,Pataleshwar Caves,83.52,Poor,Normal,10,58,-0.009870123350481208,-0.009604397875563109,2,-1,Restricted,Restricted
T003,2025-09-08 10:58:30,18.517299253677848,73.86278146881808,Safe,Sinhagad Fort,79.49,Poor,Normal,10,58,0.004991111175790763,0.007592524186918581,2,-1,Restricted,Restricted
T003,2025-09-08 10:59:00,18.513974289969884,73.8593109653618,Safe,Pataleshwar Caves,85.53,Poor,Normal,10,59,-0.0033249637079642014,-0.003470503456284746,2,-1,Restricted,Safe
T003,2025-09-08 10:59:30,18.522202373813816,73.8650573056043,Safe,Shaniwar Wada,76.72,Poor,Normal,10,59,0.0082280838439317,0.005746340242495762,2,46,Safe,Restricted
T003,2025-09-08 11:00:00,18.52976867812684,73.84850264132575,Safe,Aga Khan Palace,87.07,Good,Normal,11,0,0.007566304313023409,-0.01655466427854435,2,-1,Restricted,Restricted
T003,2025-09-08 11:00:30,18.51655647160065,73.85397194944886,Safe,Aga Khan Palace,93.27,Good,Normal,11,0,-0.013212206526187487,0.00546930812311075,2,-1,Restricted,Restricted
T003,2025-09-08 11:01:00,18.5270397097402,73.84860223341742,Safe,Sinhagad Fort,79.9,Lost,Normal,11,1,0.010483238139549655,-0.005369716031438543,2,-1,Restricted,Restricted
T003,2025-09-08 11:01:30,18.52913362401644,73.86508526766814,Safe,Aga Khan Palace,83.08,Poor,Normal,11,1,0.0020939142762372853,0.016483034250711626,2,-1,Restricted,Restricted
T004,2025-09-08 10:00:00,18.518552971375385,73.84811227424865,Safe,Sinhagad Fort,100.0,Good,Normal,10,0,-0.010580652641053234,-0.016972993419486215,2,-1,Restricted,Restricted
T004,2025-09-08 10:00:30,18.523194054224447,73.8573614649183,Safe,Aga Khan Palace,99.92,Good,Normal,10,0,0.0046410828490621725,0.009249190669649465,2,-1,Restricted,Restricted
T004,2025-09-08 10:01:00,18.511800537204817,73.85914988484588,Safe,Lal Mahal,99.77,Good,Normal,10,1,-0.01139351701963065,0.0017884199275783885,2,-1,Restricted,Restricted
T004,2025-09-08 10:01:30,18.521041774571646,73.85733739896341,High-Risk,Aga Khan Palace,99.59,Lost,Normal,10,1,0.00924123736682958,-0.0018124858824677403,0,-1,Restricted,Safe
T004,2025-09-08 10:02:00,18.512105101093223,73.86601032597515,Safe,Lal Mahal,99.6,Good,Normal,10,2,-0.008936673478423529,0.008672927011744491,2,48,Safe,Restricted
T004,2025-09-08 10:02:30,18.52612355937052,73.8470890472691,Safe,Aga Khan Palace,99.38,Good,Normal,10,2,0.014018458277298862,-0.018921278706059752,2,-1,Restricted,Restricted
T004,2025-09-08 10:03:00,18.512107879762,73.86317354032482,Safe,Sinhagad Fort,99.46,Poor,Normal,10,3,-0.014015679608522902,0.0160844930557289,2,-1,Restricted,Restricted
T004,2025-09-08 10:03:30,18.51096709077902,73.85061507368977,High-Risk,Lal Mahal,99.4,Good,Normal,10,3,-0.0011407889829797568,-0.01255846663505622,0,-1,Restricted,Restricted
T004,2025-09-08 10:04:00,18.519266738609065,73.85716769698247,Safe,Shaniwar Wada,98.98,Good,Normal,10,4,0.008299647830046553,0.006552623292705562,2,-1,Restricted,Safe
T004,2025-09-08 10:04:30,18.526931901774077,73.84682209623482,Safe,Lal Mahal,98.46,Good,Normal,10,4,0.007665163165011535,-0.010345600747655226,2,49,Safe,Restricted
T004,2025-09-08 10:05:00,18.518709291758388,73.85895081130995,Restricted,Aga Khan Palace,99.34,Lost,Normal,10,5,-0.008222610015689469,0.012128715075135688,1,-1,Restricted,Safe
T004,2025-09-08 10:05:30,18.52396774668306,73.86243101669051,Safe,Pataleshwar Caves,98.38,Good,Normal,10,5,0.005258454924671696,0.003480205380554935,2,50,Safe,Restricted
T004,2025-09-08 10:06:00,18.52401417222097,73.84687651775431,Safe,Shaniwar Wada,98.81,Good,Normal,10,6,4.642553791001092e-05,-0.015554498936197092,2,-1,Restricted,Restricted
T004,2025-09-08 10:06:30,18.517917321856583,73.84929255853571,Safe,Lal Mahal,97.59,Good,Normal,10,6,-0.006096850364386341,0.00241604078139801,2,-1,Restricted,Restricted
T004,2025-09-08 10:07:00,18.51684302073737,73.85188930030237,Safe,Shaniwar Wada,98.69,Good,Normal,10,7,-0.0010743011192140273,0.002596741766666355,2,-1,Restricted,Safe
T004,2025-09-08 10:07:30,18.52156467722175,73.84894527024032,Safe,Sinhagad Fort,97.35,Poor,Normal,10,7,0.004721656484381498,-0.002944030062053571,2,71,Safe,Restricted
T004,2025-09-08 10:08:00,18.518503712543804,73.85332989230874,Restricted,Pataleshwar Caves,97.82,Good,Normal,10,8,-0.003060964677946032,0.004384622068414501,1,-1,Restricted,Restricted
T004,2025-09-08 10:08:30,18.52112779136036,73.86521770749577,Safe,Sinhagad Fort,97.38,Good,Normal,10,8,0.002624078816555908,0.011887815187037631,2,-1,Restricted,Safe
T004,2025-09-08 10:09:00,18.52354520308929,73.85915382077222,Safe,Sinhagad Fort,97.8,Good,Normal,10,9,0.0024174117289312846,-0.006063886723552514,2,35,Safe,Restricted
T004,2025-09-08 10:09:30,18.51207374069267,73.86281684667291,Restricted,Aga Khan Palace,98.43,Poor,Normal,10,9,-0.01147146239662078,0.0036630259006926735,1,-1,Restricted,Restricted
T004,2025-09-08 10:10:00,18.51997899907226,73.8659015733405,Safe,Shaniwar Wada,96.21,Poor,Normal,10,10,0.007905258379590663,0.0030847266675806395,2,-1,Restricted,Safe
T004,2025-09-08 10:10:30,18.52349086997203,73.85303101143951,Safe,Shaniwar Wada,98.7,Poor,Normal,10,10,0.0035118708997678993,-0.012870561900982125,2,76,Safe,Restricted
T004,2025-09-08 10:11:00,18.512451147527305,73.85918134494926,Safe,Sinhagad Fort,97.35,Good,Normal,10,11,-0.011039722444724731,0.006150333509751249,2,-1,Restricted,Restricted
T004,2025-09-08 10:11:30,18.51387925803628,73.86360648357746,High-Risk,Lal Mahal,96.46,Poor,Normal,10,11,0.0014281105089750668,0.004425138628192826,0,-1,Restricted,Restricted
T004,2025-09-08 10:12:00,18.524472742848182,73.86366713436783,High-Risk,Pataleshwar Caves,97.69,Good,Normal,10,12,0.010593484811902698,6.065079037398391e-05,0,-1,Restricted,Restricted
T004,2025-09-08 10:12:30,18.520060002486197,73.8590999622681,Restricted,Shaniwar Wada,98.6,Good,Normal,10,12,-0.004412740361985357,-0.0045671720997262355,1,-1,Restricted,Restricted
T004,2025-09-08 10:13:00,18.52069657162149,73.85781630926424,Safe,Pataleshwar Caves,96.68,Poor,Normal,10,13,0.0006365691352918645,-0.0012836530038669025,2,-1,Restricted,Restricted
T004,2025-09-08 10:13:30,18.514538392001967,73.86249000455778,Safe,Lal Mahal,96.04,Good,Normal,10,13,-0.006158179619522031,0.004673695293547553,2,-1,Restricted,High-Risk
T004,2025-09-08 10:14:00,18.518457289738787,73.86143447666647,High-Risk,Shaniwar Wada,98.2,Good,Normal,10,14,0.003918897736820526,-0.0010555278913102484,0,109,High-Risk,Restricted
T004,2025-09-08 10:14:30,18.52219245163116,73.85786544408654,Safe,Pataleshwar Caves,97.06,Good,Normal,10,14,0.0037351618923722185,-0.003569032579932241,2,-1,Restricted,Restricted
T004,2025-09-08 10:15:00,18.518096799875583,73.86624580759079,Safe,Aga Khan Palace,94.1,Good,Normal,10,15,-0.004095651755577023,0.008380363504244315,2,-1,Restricted,Restricted
T004,2025-09-08 10:15:30,18.511418172281815,73.86557598503045,Safe,Shaniwar Wada,96.56,Good,Normal,10,15,-0.006678627593768027,-0.0006698225603400942,2,-1,Restricted,Restricted
T004,2025-09-08 10:16:00,18.52517623026689,73.85275792470154,Safe,Shaniwar Wada,94.55,Poor,Normal,10,16,0.013758057985075567,-0.012818060328910974,2,-1,Restricted,Safe
T004,2025-09-08 10:16:30,18.52471283432564,73.86336428028926,Safe,Sinhagad Fort,97.88,Good,Normal,10,16,-0.00046339594124944483,0.010606355587725602,2,51,Safe,Restricted
T004,2025-09-08 10:17:00,18.52048927314862,73.8570461927027,High-Risk,Aga Khan Palace,94.59,Good,Normal,10,17,-0.00422356117702094,-0.006318087586564047,0,-1,Restricted,Restricted
T004,2025-09-08 10:17:30,18.525960404044145,73.8631782761594,Safe,Aga Khan Palace,93.98,Poor,Normal,10,17,0.005471130895525533,0.006132083456705573,2,-1,Restricted,Restricted
T004,2025-09-08 10:18:00,18.52564035165849,73.8518258532087,Safe,Shaniwar Wada,98.14,Good,Normal,10,18,-0.0003200523856534687,-0.011352422950707819,2,-1,Restricted,Restricted
T004,2025-09-08 10:18:30,18.51964299324576,73.85424595785928,High-Risk,Sinhagad Fort,94.86,Good,Normal,10,18,-0.005997358412731302,0.0024201046505822887,0,-1,Restricted,Safe
T004,2025-09-08 10:19:00,18.526184644345825,73.8516660447315,Safe,Shaniwar Wada,95.24,Good,Normal,10,19,0.0065416511000648825,-0.0025799131277750575,2,37,Safe,Safe
T004,2025-09-08 10:19:30,18.51406035782953,73.84890816268414,Safe,Pataleshwar Caves,95.27,Good,Normal,10,19,-0.012124286516296934,-0.002757882047362159,2,52,Safe,Restricted
T004,2025-09-08 10:20:00,18.520681241443185,73.86650623298648,Safe,Sinhagad Fort,93.04,Good,Normal,10,20,0.006620883613656758,0.017598070302341284,2,-1,Restricted,Restricted
T004,2025-09-08 10:20:30,18.51832676531789,73.86426808045742,Safe,Shaniwar Wada,92.46,Good,Normal,10,20,-0.002354476125294269,-0.0022381525290597892,2,-1,Restricted,Restricted
T004,2025-09-08 10:21:00,18.515823985036093,73.84973913947874,High-Risk,Shaniwar Wada,92.52,Good,Normal,10,21,-0.002502780281798067,-0.014528940978678406,0,-1,Restricted,Restricted
T004,2025-09-08 10:21:30,18.528055166394207,73.84955384426462,High-Risk,Sinhagad Fort,91.54,Poor,Normal,10,21,0.012231181358114185,-0.00018529521412347094,0,-1,Restricted,Safe
T004,2025-09-08 10:22:00,18.5134455981958,73.84774120857853,Safe,Pataleshwar Caves,97.72,Lost,Normal,10,22,-0.014609568198405753,-0.0018126356860932447,2,52,Safe,Restricted
T004,2025-09-08 10:22:30,18.51821022529457,73.85765320756099,Restricted,Sinhagad Fort,92.27,Good,Normal,10,22,0.004764627098769125,0.00991199898246009,1,-1,Restricted,Restricted
T004,2025-09-08 10:23:00,18.514159956393883,73.8576880290386,High-Risk,Sinhagad Fort,93.7,Good,Normal,10,23,-0.004050268900687826,3.482147761246779e-05,0,-1,Restricted,Safe
T004,2025-09-08 10:23:30,18.515100041842587,73.85211339126546,Safe,Shaniwar Wada,92.16,Poor,Normal,10,23,0.0009400854487040533,-0.005574637773136715,2,3,Safe,Safe
T004,2025-09-08 10:24:00,18.52090147962653,73.84861036959649,Safe,Pataleshwar Caves,90.72,Good,Normal,10,24,0.005801437783944152,-0.003503021668976203,2,19,Safe,Restricted
T004,2025-09-08 10:24:30,18.51087564897811,73.85976724008114,Safe,Lal Mahal,94.06,Good,Normal,10,24,-0.010025830648419998,0.011156870484654746,2,-1,Restricted,Restricted
T004,2025-09-08 10:25:00,18.51350145002116,73.85821018354407,High-Risk,Aga Khan Palace,95.97,Lost,Normal,10,25,0.002625801043048881,-0.0015570565370666145,0,-1,Restricted,Restricted
T004,2025-09-08 10:25:30,18.51855123256531,73.86573571587982,Safe,Shaniwar Wada,90.53,Good,Normal,10,25,0.005049782544151782,0.007525532335748153,2,-1,Restricted,Restricted
T004,2025-09-08 10:26:00,18.514124392092764,73.85969214313513,Safe,Pataleshwar Caves,89.87,Good,Normal,10,26,-0.0044268404725471555,-0.006043572744687253,2,-1,Restricted,Restricted
T004,2025-09-08 10:26:30,18.512183252356184,73.85379540532314,Safe,Shaniwar Wada,92.13,Good,Normal,10,26,-0.0019411397365800553,-0.005896737811994512,2,-1,Restricted,Safe
T004,2025-09-08 10:27:00,18.514469956331645,73.84746419389192,Safe,Aga Khan Palace,94.66,Good,Normal,10,27,0.0022867039754608243,-0.006331211431216843,2,53,Safe,Restricted
T004,2025-09-08 10:27:30,18.51785543160029,73.8496895221735,Safe,Lal Mahal,96.76,Good,Normal,10,27,0.003385475268643745,0.002225328281582506,2,-1,Restricted,Restricted
T004,2025-09-08 10:28:00,18.519385394955503,73.86248922756957,High-Risk,Pataleshwar Caves,96.25,Poor,Normal,10,28,0.001529963355213937,0.012799705396062677,0,-1,Restricted,Safe
T004,2025-09-08 10:28:30,18.51215368696997,73.85277148772694,Safe,Shaniwar Wada,96.76,Good,Normal,10,28,-0.0072317079855324096,-0.009717739842628248,2,54,Safe,Safe
T004,2025-09-08 10:29:00,18.51502856419493,73.85068362940412,Safe,Pataleshwar Caves,96.2,Good,Normal,10,29,0.0028748772249613808,-0.0020878583228238767,2,3,Safe,Restricted
T004,2025-09-08 10:29:30,18.515631614324946,73.84696424274426,Restricted,Aga Khan Palace,89.87,Good,Normal,10,29,0.0006030501300138269,-0.0037193866598528302,1,-1,Restricted,Restricted
T004,2025-09-08 10:30:00,18.516925106641573,73.85022721679758,High-Risk,Aga Khan Palace,95.1,Good,Normal,10,30,0.0012934923166270096,0.003262974053313883,0,-1,Restricted,Restricted
T004,2025-09-08 10:30:30,18.524481595742923,73.86052906393466,Safe,Aga Khan Palace,88.77,Good,Normal,10,30,0.00755648910135065,0.010301847137085929,2,-1,Restricted,Restricted
T004,2025-09-08 10:31:00,18.518578081550697,73.8647047562506,Safe,Aga Khan Palace,93.91,Poor,Normal,10,31,-0.005903514192226567,0.0041756923159397275,2,-1,Restricted,Restricted
T004,2025-09-08 10:31:30,18.526011690963276,73.84719900532738,High-Risk,Shaniwar Wada,90.73,Lost,Normal,10,31,0.007433609412579756,-0.017505750923220376,0,-1,Restricted,Restricted
T004,2025-09-08 10:32:00,18.526293803687825,73.86248624716556,High-Risk,Aga Khan Palace,91.08,Poor,Normal,10,32,0.00028211272454825576,0.015287241838180421,0,-1,Restricted,Restricted
T004,2025-09-08 10:32:30,18.51539735375475,73.86616354347204,Safe,Lal Mahal,87.18,Good,Normal,10,32,-0.010896449933074592,0.0036772963064777286,2,-1,Restricted,Restricted
T004,2025-09-08 10:33:00,18.512451209177478,73.86139667853121,Safe,Aga Khan Palace,96.22,Lost,Normal,10,33,-0.0029461445772724915,-0.0047668649408336705,2,-1,Restricted,Restricted
T004,2025-09-08 10:33:30,18.5240878895078,73.848017042581,Safe,Aga Khan Palace,91.84,Good,Normal,10,33,0.011636680330322946,-0.013379635950201418,2,-1,Restricted,Restricted
T004,2025-09-08 10:34:00,18.51899942345785,73.86493099832457,Safe,Sinhagad Fort,93.07,Poor,Normal,10,34,-0.005088466049951279,0.01691395574356136,2,-1,Restricted,Safe
T004,2025-09-08 10:34:30,18.527253794559737,73.84960226368604,Safe,Lal Mahal,95.18,Lost,Normal,10,34,0.00825437110188787,-0.015328734638529795,2,22,Safe,Restricted
T004,2025-09-08 10:35:00,18.52422565417188,73.86468249854119,Safe,Aga Khan Palace,90.07,Good,Normal,10,35,-0.003028140387858258,0.015080234855147978,2,-1,Restricted,Restricted
T004,2025-09-08 10:35:30,18.527330226601144,73.85419228757644,High-Risk,Pataleshwar Caves,92.05,Lost,Normal,10,35,0.0031045724292653176,-0.010490210964746893,0,-1,Restricted,Restricted
T004,2025-09-08 10:36:00,18.521956489031435,73.84949885163658,Restricted,Aga Khan Palace,89.74,Good,Normal,10,36,-0.005373737569708936,-0.004693435939856272,1,-1,Restricted,Safe
T004,2025-09-08 10:36:30,18.522265011653896,73.849366402182,Safe,Sinhagad Fort,94.64,Good,Normal,10,36,0.0003085226224612825,-0.00013244945458268376,2,26,Safe,Restricted
T004,2025-09-08 10:37:00,18.52441328702616,73.859552907102,High-Risk,Sinhagad Fort,89.24,Good,Normal,10,37,0.002148275372263697,0.010186504920000061,0,-1,Restricted,Restricted
T004,2025-09-08 10:37:30,18.51102753288685,73.85145750205847,Safe,Aga Khan Palace,94.56,Lost,Normal,10,37,-0.013385754139310535,-0.008095405043533788,2,-1,Restricted,Restricted
T004,2025-09-08 10:38:00,18.51290277790471,73.8608000026975,Safe,Lal Mahal,94.65,Poor,Normal,10,38,0.0018752450178602942,0.009342500639036189,2,-1,Restricted,Restricted
T004,2025-09-08 10:38:30,18.51665056362114,73.84671242846821,Safe,Lal Mahal,89.25,Poor,Normal,10,38,0.0037477857164311956,-0.01408757422929341,2,-1,Restricted,Restricted
T004,2025-09-08 10:39:00,18.51422414092855,73.86155856500511,Safe,Pataleshwar Caves,91.87,Good,Normal,10,39,-0.00242642269259008,0.014846136536903032,2,-1,Restricted,Restricted
T004,2025-09-08 10:39:30,18.529518695486196,73.85821494083277,High-Risk,Lal Mahal,85.93,Poor,Normal,10,39,0.015294554557645057,-0.0033436241723450166,0,-1,Restricted,Restricted
T004,2025-09-08 10:40:00,18.528742494560166,73.85334596950692,Safe,Shaniwar Wada,86.74,Good,Normal,10,40,-0.000776200926029702,-0.0048689713258482925,2,-1,Restricted,Restricted
T004,2025-09-08 10:40:30,18.516060160575403,73.85661034476384,Safe,Aga Khan Palace,93.16,Good,Normal,10,40,-0.012682333984763261,0.0032643752569185835,2,-1,Restricted,Restricted
T004,2025-09-08 10:41:00,18.52480910233448,73.8631027439523,Safe,Aga Khan Palace,90.39,Good,Normal,10,41,0.0087489417590767,0.006492399188459785,2,-1,Restricted,Restricted
T004,2025-09-08 10:41:30,18.515753698331277,73.8586683082712,High-Risk,Pataleshwar Caves,91.61,Good,Normal,10,41,-0.009055404003202483,-0.004434435681091031,0,-1,Restricted,Restricted
T004,2025-09-08 10:42:00,18.52883412221554,73.8659757452204,High-Risk,Pataleshwar Caves,88.55,Good,Normal,10,42,0.01308042388426145,0.00730743694919056,0,-1,Restricted,Restricted
T004,2025-09-08 10:42:30,18.5194786163371,73.85038865300335,High-Risk,Sinhagad Fort,87.7,Good,Normal,10,42,-0.009355505878438919,-0.015587092217046461,0,-1,Restricted,Safe
T004,2025-09-08 10:43:00,18.51549415248363,73.86105222405811,Safe,Sinhagad Fort,94.99,Good,Normal,10,43,-0.003984463853470288,0.010663571054763565,2,65,Safe,Safe
T004,2025-09-08 10:43:30,18.53020507367289,73.85840003257924,Safe,Shaniwar Wada,86.04,Good,Normal,10,43,0.014710921189259096,-0.0026521914788730783,2,11,Safe,Restricted
T004,2025-09-08 10:44:00,18.52349714425438,73.85381710401909,Restricted,Aga Khan Palace,85.19,Good,Normal,10,44,-0.006707929418507064,-0.004582928560154187,1,-1,Restricted,Restricted
T004,2025-09-08 10:44:30,18.52031218213996,73.85818851022516,Safe,Aga Khan Palace,93.49,Good,Normal,10,44,-0.003184962114421097,0.00437140620607579,2,-1,Restricted,Restricted
T004,2025-09-08 10:45:00,18.52969778028171,73.85610431286686,Restricted,Shaniwar Wada,88.69,Good,Normal,10,45,0.009385598141751217,-0.0020841973583003437,1,-1,Restricted,Restricted
T004,2025-09-08 10:45:30,18.51197826483148,73.85314692347096,Restricted,Shaniwar Wada,95.29,Good,Normal,10,45,-0.017719515450231427,-0.00295738939590251,1,-1,Restricted,High-Risk
T004,2025-09-08 10:46:00,18.51189573907265,73.84826832359249,High-Risk,Pataleshwar Caves,91.28,Good,Normal,10,46,-8.252575883105351e-05,-0.004878599878466616,0,57,High-Risk,Safe
T004,2025-09-08 10:46:30,18.51510424771069,73.85390614289705,Safe,Aga Khan Palace,85.23,Good,Normal,10,46,0.0032085086380391203,0.005637819304553204,2,55,Safe,Safe
T004,2025-09-08 10:47:00,18.51187043001368,73.85611207223509,Safe,Pataleshwar Caves,83.08,Poor,Normal,10,47,-0.0032338176970085897,0.0022059293380465306,2,56,Safe,Restricted
T004,2025-09-08 10:47:30,18.528588061504337,73.86236881036587,Restricted,Pataleshwar Caves,85.88,Lost,Normal,10,47,0.01671763149065697,0.0062567381307729875,1,-1,Restricted,Safe
T004,2025-09-08 10:48:00,18.52073935156489,73.86281165900003,Safe,Sinhagad Fort,81.28,Lost,Normal,10,48,-0.007848709939445087,0.000442848634165216,2,104,Safe,Restricted
T004,2025-09-08 10:48:30,18.528628272074176,73.85401003920691,High-Risk,Shaniwar Wada,92.08,Good,Normal,10,48,0.007888920509284247,-0.00880161979311822,0,-1,Restricted,Restricted
T004,2025-09-08 10:49:00,18.51930600652017,73.8567144924051,Safe,Sinhagad Fort,84.64,Lost,Normal,10,49,-0.009322265554004616,0.002704453198191459,2,-1,Restricted,Restricted
T004,2025-09-08 10:49:30,18.513256916650967,73.854895674149,High-Risk,Pataleshwar Caves,87.12,Poor,Normal,10,49,-0.006049089869204494,-0.001818818256097643,0,-1,Restricted,Restricted
T004,2025-09-08 10:50:00,18.512041595691645,73.84756134289032,Safe,Pataleshwar Caves,86.87,Good,Normal,10,50,-0.0012153209593215308,-0.007334331258689986,2,-1,Restricted,Safe
T004,2025-09-08 10:50:30,18.51408271454229,73.85393552819426,Safe,Shaniwar Wada,84.5,Good,Normal,10,50,0.002041118850645063,0.006374185303940294,2,55,Safe,High-Risk
T004,2025-09-08 10:51:00,18.511600085426306,73.84813668661879,High-Risk,Aga Khan Palace,82.0,Good,Normal,10,51,-0.002482629115984736,-0.005798841575469282,0,57,High-Risk,Restricted
T004,2025-09-08 10:51:30,18.529255199120623,73.85809527689382,Safe,Lal Mahal,91.11,Good,Normal,10,51,0.017655113694317492,0.00995859027503343,2,-1,Restricted,Restricted
T004,2025-09-08 10:52:00,18.528101373777204,73.85172007110022,Safe,Sinhagad Fort,88.86,Good,Normal,10,52,-0.0011538253434189016,-0.006375205793602845,2,-1,Restricted,Restricted
T004,2025-09-08 10:52:30,18.528096476629425,73.84787872615347,High-Risk,Shaniwar Wada,94.4,Good,Normal,10,52,-4.897147778848421e-06,-0.003841344946749814,0,-1,Restricted,Restricted
T004,2025-09-08 10:53:00,18.52807250614622,73.85980190293512,High-Risk,Lal Mahal,85.7,Good,Normal,10,53,-2.3970483205459914e-05,0.011923176781650113,0,-1,Restricted,Restricted
T004,2025-09-08 10:53:30,18.52963636961633,73.84672839358446,Safe,Shaniwar Wada,91.98,Lost,Normal,10,53,0.0015638634701105047,-0.013073509350661539,2,-1,Restricted,Restricted
T004,2025-09-08 10:54:00,18.51980900512013,73.84716177834176,Safe,Lal Mahal,92.75,Good,Normal,10,54,-0.00982736449619992,0.00043338475730081427,2,-1,Restricted,Restricted
T004,2025-09-08 10:54:30,18.523594868577657,73.84771754813454,High-Risk,Sinhagad Fort,90.22,Poor,Normal,10,54,0.003785863457526517,0.0005557697927827121,0,-1,Restricted,Restricted
T005,2025-09-08 10:00:00,18.52551571027052,73.8620323013961,Safe,Aga Khan Palace,100.0,Good,Normal,10,0,0.0019208416928613303,0.014314753261558621,2,-1,Restricted,Restricted
T005,2025-09-08 10:00:30,18.51987974733168,73.85736469642168,High-Risk,Lal Mahal,99.93,Good,Normal,10,0,-0.0056359629388396115,-0.004667604974414985,0,-1,Restricted,Restricted
T005,2025-09-08 10:01:00,18.51412145121797,73.85369944714215,Safe,Aga Khan Palace,99.75,Good,Normal,10,1,-0.005758296113707928,-0.0036652492795354874,2,-1,Restricted,Restricted
T005,2025-09-08 10:01:30,18.526893591473105,73.85188561205057,High-Risk,Aga Khan Palace,99.76,Good,Normal,10,1,0.012772140255133735,-0.0018138350915819501,0,-1,Restricted,Restricted
T005,2025-09-08 10:02:00,18.52683399956912,73.85512151657738,Safe,Aga Khan Palace,99.23,Good,Normal,10,2,-5.959190398385772e-05,0.00323590452681799,2,-1,Restricted,Safe
T005,2025-09-08 10:02:30,18.5118848698746,73.8627076602651,Safe,Sinhagad Fort,99.13,Good,Normal,10,2,-0.014949129694521446,0.007586143687717595,2,16,Safe,High-Risk
T005,2025-09-08 10:03:00,18.5236141179517,73.85347861972367,High-Risk,Aga Khan Palace,99.26,Lost,Normal,10,3,0.011729248077099186,-0.00922904054142748,0,58,High-Risk,Restricted
T005,2025-09-08 10:03:30,18.52401354481868,73.86232223881288,Restricted,Aga Khan Palace,99.29,Poor,Normal,10,3,0.00039942686698068997,0.00884361908920539,1,-1,Restricted,Restricted
T005,2025-09-08 10:04:00,18.511138819941284,73.85968136944538,Safe,Sinhagad Fort,98.77,Good,Normal,10,4,-0.012874724877395494,-0.0026408693674966344,2,-1,Restricted,Restricted
T005,2025-09-08 10:04:30,18.51820013439493,73.85677016191165,Safe,Sinhagad Fort,98.9,Good,Normal,10,4,0.007061314453647327,-0.0029112075337280885,2,-1,Restricted,Restricted
T005,2025-09-08 10:05:00,18.51844368080044,73.86225972913246,Restricted,Shaniwar Wada,99.25,Poor,Normal,10,5,0.00024354640551038642,0.00548956722080618,1,-1,Restricted,Safe
T005,2025-09-08 10:05:30,18.522711763772577,73.86453954038133,Safe,Aga Khan Palace,98.0,Good,Normal,10,5,0.004268082972135545,0.0022798112488686684,2,50,Safe,Restricted
T005,2025-09-08 10:06:00,18.5297491499034,73.86016258026366,High-Risk,Shaniwar Wada,97.69,Good,Normal,10,6,0.007037386130821943,-0.00437696011766775,0,-1,Restricted,Safe
T005,2025-09-08 10:06:30,18.51269821672844,73.86228666191678,Safe,Aga Khan Palace,99.12,Good,Normal,10,6,-0.017050933174957095,0.0021240816531218343,2,16,Safe,Restricted
T005,2025-09-08 10:07:00,18.51541917981638,73.86491629537926,Safe,Pataleshwar Caves,98.92,Lost,Normal,10,7,0.002720963087938344,0.002629633462476022,2,-1,Restricted,Restricted
T005,2025-09-08 10:07:30,18.52866319930737,73.84922498805574,High-Risk,Sinhagad Fort,97.18,Good,Normal,10,7,0.01324401949099041,-0.01569130732352164,0,-1,Restricted,Restricted
T005,2025-09-08 10:08:00,18.511279442036297,73.86570128009912,High-Risk,Sinhagad Fort,98.86,Poor,Normal,10,8,-0.017383757271073108,0.01647629204337875,0,-1,Restricted,Restricted
T005,2025-09-08 10:08:30,18.526717967356507,73.84932855568654,Safe,Pataleshwar Caves,98.45,Good,Normal,10,8,0.015438525320210061,-0.016372724412576645,2,-1,Restricted,Restricted
T005,2025-09-08 10:09:00,18.51559334127676,73.84873863365638,Safe,Pataleshwar Caves,97.89,Good,Normal,10,9,-0.011124626079748623,-0.0005899220301586183,2,-1,Restricted,Restricted
T005,2025-09-08 10:09:30,18.527205668203,73.85880724607605,High-Risk,Pataleshwar Caves,96.71,Lost,Normal,10,9,0.011612326926240257,0.010068612419672718,0,-1,Restricted,Restricted
T005,2025-09-08 10:10:00,18.512139414512884,73.85745983523407,High-Risk,Sinhagad Fort,97.93,Lost,Normal,10,10,-0.015066253690115161,-0.0013474108419870845,0,-1,Restricted,Restricted
T005,2025-09-08 10:10:30,18.528767473515583,73.84688748327083,Safe,Aga Khan Palace,96.99,Poor,Normal,10,10,0.016628059002698592,-0.010572351963233473,2,-1,Restricted,Restricted
T005,2025-09-08 10:11:00,18.52100689234996,73.85864623769957,Safe,Aga Khan Palace,98.85,Good,Normal,10,11,-0.0077605811656233925,0.011758754428740303,2,-1,Restricted,Restricted
T005,2025-09-08 10:11:30,18.51967792948084,73.85472684624449,Safe,Pataleshwar Caves,95.79,Good,Normal,10,11,-0.0013289628691204314,-0.0039193914550850195,2,-1,Restricted,Restricted
T005,2025-09-08 10:12:00,18.52648345840082,73.85894121406284,High-Risk,Pataleshwar Caves,97.81,Good,Normal,10,12,0.006805528919979764,0.004214367818349274,0,-1,Restricted,Safe
T005,2025-09-08 10:12:30,18.52051005374583,73.8492811864522,Safe,Lal Mahal,97.24,Good,Normal,10,12,-0.005973404654987746,-0.00966002761063578,2,59,Safe,Restricted
T005,2025-09-08 10:13:00,18.52574930566181,73.85855980617742,Safe,Aga Khan Palace,95.57,Good,Normal,10,13,0.005239251915980958,0.00927861972522237,2,-1,Restricted,Safe
T005,2025-09-08 10:13:30,18.527744030669144,73.84870209893172,Safe,Aga Khan Palace,97.84,Poor,Normal,10,13,0.001994725007332221,-0.009857707245700453,2,82,Safe,Safe
T005,2025-09-08 10:14:00,18.51721500379979,73.85545518465375,Safe,Lal Mahal,96.67,Good,Normal,10,14,-0.010529026869352975,0.006753085722024821,2,89,Safe,Restricted
T005,2025-09-08 10:14:30,18.51262741669971,73.85578809556641,Safe,Aga Khan Palace,95.75,Poor,Normal,10,14,-0.00458758710007956,0.0003329109126610774,2,-1,Restricted,Restricted
T005,2025-09-08 10:15:00,18.525455458052008,73.8502642341704,Safe,Sinhagad Fort,96.58,Good,Normal,10,15,0.012828041352296538,-0.00552386139601424,2,-1,Restricted,Restricted
T005,2025-09-08 10:15:30,18.52771252387113,73.84857635709618,Safe,Pataleshwar Caves,98.27,Good,Normal,10,15,0.002257065819122772,-0.001687877074218136,2,-1,Restricted,Safe
T005,2025-09-08 10:16:00,18.52141815871857,73.8479297684681,Safe,Pataleshwar Caves,98.31,Poor,Normal,10,16,-0.0062943651525593225,-0.0006465886280722088,2,127,Safe,Safe
T005,2025-09-08 10:16:30,18.52728222507244,73.8543212519598,Safe,Lal Mahal,94.68,Good,Normal,10,16,0.005864066353868935,0.006391483491697159,2,60,Safe,Restricted
T005,2025-09-08 10:17:00,18.521590808969965,73.84952960397663,Safe,Sinhagad Fort,94.71,Poor,Normal,10,17,-0.005691416102475699,-0.0047916479831684455,2,-1,Restricted,Restricted
T005,2025-09-08 10:17:30,18.522394571525343,73.8548783829507,Safe,Aga Khan Palace,97.58,Good,Normal,10,17,0.0008037625553782846,0.005348778974067159,2,-1,Restricted,Restricted
T005,2025-09-08 10:18:00,18.519136358420077,73.86656043266794,Safe,Sinhagad Fort,94.29,Good,Normal,10,18,-0.0032582131052656393,0.011682049717236964,2,-1,Restricted,High-Risk
T005,2025-09-08 10:18:30,18.517746631765213,73.86211106670842,High-Risk,Shaniwar Wada,97.93,Lost,Normal,10,18,-0.0013897266548639209,-0.004449365959516172,0,109,High-Risk,Safe
T005,2025-09-08 10:19:00,18.529361581067757,73.86027959470543,Safe,Shaniwar Wada,93.68,Good,Normal,10,19,0.01161494930254392,-0.0018314720029906084,2,34,Safe,Restricted
T005,2025-09-08 10:19:30,18.51330183370275,73.86041938640315,Safe,Pataleshwar Caves,92.75,Good,Normal,10,19,-0.016059747365005705,0.00013979169771971556,2,-1,Restricted,Restricted
T005,2025-09-08 10:20:00,18.52994834972772,73.84932210470835,High-Risk,Sinhagad Fort,94.71,Good,Normal,10,20,0.016646516024970026,-0.011097281694802064,0,-1,Restricted,Safe
T005,2025-09-08 10:20:30,18.52619923206709,73.84890078752943,Safe,Sinhagad Fort,97.64,Poor,Normal,10,20,-0.0037491176606323506,-0.00042131717891891185,2,61,Safe,Restricted
T005,2025-09-08 10:21:00,18.510992507304127,73.85923976506147,High-Risk,Aga Khan Palace,93.1,Poor,Normal,10,21,-0.015206724762961699,0.010338977532043714,0,-1,Restricted,Restricted
T005,2025-09-08 10:21:30,18.51798247752062,73.8588913412746,Safe,Sinhagad Fort,93.04,Good,Normal,10,21,0.006989970216491059,-0.00034842378687471864,2,-1,Restricted,Restricted
T005,2025-09-08 10:22:00,18.520969931964206,73.86157786433354,Restricted,Pataleshwar Caves,91.9,Good,Normal,10,22,0.0029874544435877226,0.002686523058940793,1,-1,Restricted,Restricted
T005,2025-09-08 10:22:30,18.51793475958211,73.8660137911416,Safe,Lal Mahal,97.25,Poor,Normal,10,22,-0.0030351723820949417,0.004435926808056934,2,-1,Restricted,Safe
T005,2025-09-08 10:23:00,18.51699699611693,73.85381509266512,Safe,Lal Mahal,94.01,Good,Normal,10,23,-0.0009377634651812627,-0.012198698476481695,2,6,Safe,Restricted
T005,2025-09-08 10:23:30,18.5269616142927,73.86202936808924,Restricted,Shaniwar Wada,94.75,Good,Normal,10,23,0.009964618175768436,0.00821427542412323,1,-1,Restricted,Restricted
T005,2025-09-08 10:24:00,18.52640948424741,73.8666926523488,Safe,Lal Mahal,96.32,Good,Normal,10,24,-0.0005521300452890898,0.004663284259564193,2,-1,Restricted,Restricted
T005,2025-09-08 10:24:30,18.52814057435528,73.84978781850609,Safe,Sinhagad Fort,93.6,Good,Normal,10,24,0.0017310901078708696,-0.016904833842716016,2,-1,Restricted,Safe
T005,2025-09-08 10:25:00,18.514051161308387,73.85347431074422,Safe,Aga Khan Palace,94.43,Good,Normal,10,25,-0.014089413046892929,0.0036864922381312226,2,62,Safe,Restricted
T005,2025-09-08 10:25:30,18.52849519528526,73.85381823456552,High-Risk,Shaniwar Wada,93.43,Good,Normal,10,25,0.014444033976872106,0.00034392382130477017,0,-1,Restricted,Restricted
T005,2025-09-08 10:26:00,18.5223454757627,73.84969332671677,Restricted,Sinhagad Fort,96.93,Good,Normal,10,26,-0.006149719522557717,-0.004124907848748194,1,-1,Restricted,Restricted
T005,2025-09-08 10:26:30,18.515969666979416,73.85878827642829,Safe,Aga Khan Palace,95.44,Poor,Normal,10,26,-0.006375808783285919,0.00909494971151048,2,-1,Restricted,Restricted
T005,2025-09-08 10:27:00,18.52450241112408,73.85151335183431,High-Risk,Aga Khan Palace,95.06,Lost,Normal,10,27,0.008532744144662985,-0.007274924593971832,0,-1,Restricted,Restricted
T005,2025-09-08 10:27:30,18.52557888814652,73.86465409423161,Safe,Shaniwar Wada,91.13,Lost,Normal,10,27,0.001076477022440514,0.013140742397297345,2,-1,Restricted,Restricted
T005,2025-09-08 10:28:00,18.520275090014767,73.85740515437996,Safe,Lal Mahal,90.12,Good,Normal,10,28,-0.005303798131752302,-0.0072489398516495385,2,-1,Restricted,Restricted
T005,2025-09-08 10:28:30,18.5281704209077,73.84878190397896,High-Risk,Shaniwar Wada,89.1,Good,Normal,10,28,0.00789533089293215,-0.008623250401001314,0,-1,Restricted,Restricted
T005,2025-09-08 10:29:00,18.516563171140707,73.86154806466573,Safe,Shaniwar Wada,96.58,Poor,Normal,10,29,-0.011607249766992567,0.01276616068676617,2,-1,Restricted,Restricted
T005,2025-09-08 10:29:30,18.51504387769697,73.8556613785621,Restricted,Aga Khan Palace,90.65,Good,Normal,10,29,-0.0015192934437351369,-0.005886686103622196,1,-1,Restricted,Safe
T005,2025-09-08 10:30:00,18.52470045093086,73.8597803417324,Safe,Aga Khan Palace,92.05,Good,Normal,10,30,0.009656573233890242,0.004118963170299139,2,63,Safe,Restricted
T005,2025-09-08 10:30:30,18.5211089064306,73.85806110139636,Safe,Aga Khan Palace,96.05,Poor,Normal,10,30,-0.003591544500260113,-0.0017192403360439812,2,-1,Restricted,Restricted
T005,2025-09-08 10:31:00,18.52251652566203,73.86561140133104,Safe,Lal Mahal,90.33,Good,Normal,10,31,0.0014076192314291802,0.007550299934678151,2,-1,Restricted,Restricted
T005,2025-09-08 10:31:30,18.529563040831032,73.8520101979499,Safe,Pataleshwar Caves,90.68,Poor,Normal,10,31,0.007046515169001566,-0.013601203381142568,2,-1,Restricted,Restricted
T005,2025-09-08 10:32:00,18.517917344027182,73.8650815114124,Safe,Aga Khan Palace,95.93,Good,Normal,10,32,-0.011645696803849859,0.013071313462504008,2,-1,Restricted,Restricted
T005,2025-09-08 10:32:30,18.520544131122303,73.84705606571272,Safe,Sinhagad Fort,93.1,Good,Normal,10,32,0.002626787095120875,-0.01802544569967779,2,-1,Restricted,Restricted
T005,2025-09-08 10:33:00,18.51242563374816,73.8612015472876,High-Risk,Shaniwar Wada,96.67,Poor,Normal,10,33,-0.00811849737414505,0.014145481574885821,0,-1,Restricted,Restricted
T005,2025-09-08 10:33:30,18.519562927760017,73.85908488729035,High-Risk,Pataleshwar Caves,90.32,Poor,Normal,10,33,0.007137294011858586,-0.002116659997255965,0,-1,Restricted,Safe
T005,2025-09-08 10:34:00,18.521323197826074,73.85405645437015,Safe,Lal Mahal,92.05,Good,Normal,10,34,0.001760270066057501,-0.005028432920198611,2,8,Safe,Safe
T005,2025-09-08 10:34:30,18.51953691777722,73.86051561929656,Safe,Shaniwar Wada,86.21,Lost,Normal,10,34,-0.001786280048854394,0.006459164926411631,2,92,Safe,Safe
T005,2025-09-08 10:35:00,18.528057223626394,73.84838758400477,Safe,Shaniwar Wada,94.36,Poor,Normal,10,35,0.008520305849174292,-0.012128035291794959,2,22,Safe,Restricted
T005,2025-09-08 10:35:30,18.529664573561625,73.84950606419,High-Risk,Aga Khan Palace,90.65,Good,Normal,10,35,0.0016073499352309284,0.0011184801852266446,0,-1,Restricted,Restricted
T005,2025-09-08 10:36:00,18.52059831351153,73.8613107515248,Safe,Sinhagad Fort,89.05,Good,Normal,10,36,-0.009066260050094144,0.01180468733480211,2,-1,Restricted,Restricted
T005,2025-09-08 10:36:30,18.523032076203467,73.8627343274812,Restricted,Pataleshwar Caves,89.94,Good,Normal,10,36,0.002433762691936181,0.0014235759564087402,1,-1,Restricted,Restricted
T005,2025-09-08 10:37:00,18.523829566468287,73.8637325305569,Safe,Sinhagad Fort,86.81,Good,Normal,10,37,0.0007974902648193449,0.0009982030756958693,2,-1,Restricted,Restricted
T005,2025-09-08 10:37:30,18.52099900870645,73.84715466305532,Safe,Sinhagad Fort,93.05,Poor,Normal,10,37,-0.002830557761836161,-0.016577867501581522,2,-1,Restricted,Safe
T005,2025-09-08 10:38:00,18.516891283417586,73.85871848992727,Safe,Lal Mahal,94.12,Good,Normal,10,38,-0.0041077252888648275,0.011563826871949345,2,65,Safe,Restricted
T005,2025-09-08 10:38:30,18.529604141395858,73.86537130007225,Safe,Lal Mahal,87.32,Good,Normal,10,38,0.01271285797827204,0.006652810144984755,2,-1,Restricted,Restricted
T005,2025-09-08 10:39:00,18.523780080019343,73.85153765388631,High-Risk,Sinhagad Fort,94.38,Good,Normal,10,39,-0.005824061376515033,-0.013833646185943849,0,-1,Restricted,Restricted
T005,2025-09-08 10:39:30,18.511203122618948,73.85055310466795,Restricted,Pataleshwar Caves,86.01,Lost,Normal,10,39,-0.012576957400394662,-0.0009845492183586657,1,-1,Restricted,Restricted
T005,2025-09-08 10:40:00,18.51598081243249,73.85767151029921,Safe,Lal Mahal,88.64,Good,Normal,10,40,0.00477768981354032,0.007118405631260316,2,-1,Restricted,Restricted
T005,2025-09-08 10:40:30,18.51866727536316,73.84812202101816,Safe,Sinhagad Fort,87.91,Good,Normal,10,40,0.0026864629306722065,-0.009549489281056367,2,-1,Restricted,Restricted
T005,2025-09-08 10:41:00,18.51751655178292,73.8630339218605,Safe,Lal Mahal,84.16,Lost,Normal,10,41,-0.0011507235802419302,0.014911900842349723,2,-1,Restricted,Restricted
T005,2025-09-08 10:41:30,18.51745722017416,73.85664693345487,Safe,Aga Khan Palace,87.89,Good,Normal,10,41,-5.9331608760260224e-05,-0.006386988405637339,2,-1,Restricted,Safe
T005,2025-09-08 10:42:00,18.51966812790953,73.85288299375472,Safe,Aga Khan Palace,94.46,Good,Normal,10,42,0.002210907735371137,-0.0037639397001498764,2,8,Safe,Safe
T005,2025-09-08 10:42:30,18.52134932756765,73.85031595844949,Safe,Sinhagad Fort,93.1,Poor,Normal,10,42,0.0016811996581189703,-0.0025670353052333894,2,26,Safe,Restricted
T005,2025-09-08 10:43:00,18.51243078513713,73.86023443596444,Safe,Shaniwar Wada,90.13,Good,Normal,10,43,-0.008918542430517817,0.009918477514958113,2,-1,Restricted,Restricted
T005,2025-09-08 10:43:30,18.511338509300614,73.85969884440003,Safe,Lal Mahal,89.44,Good,Normal,10,43,-0.0010922758365161656,-0.000535591564414517,2,-1,Restricted,Restricted
T005,2025-09-08 10:44:00,18.52638970311312,73.84691321448672,Safe,Sinhagad Fort,87.97,Good,Normal,10,44,0.01505119381250708,-0.012785629913310004,2,-1,Restricted,Safe
T005,2025-09-08 10:44:30,18.527451986079672,73.8562961824794,Safe,Aga Khan Palace,82.28,Good,Normal,10,44,0.0010622829665507538,0.00938296799267846,2,64,Safe,Restricted
T005,2025-09-08 10:45:00,18.523918693092583,73.8657298358477,High-Risk,Sinhagad Fort,94.46,Good,Normal,10,45,-0.003533292987089709,0.009433653368304817,0,-1,Restricted,Restricted
T005,2025-09-08 10:45:30,18.52082591611637,73.8512124334794,Safe,Pataleshwar Caves,93.74,Lost,Normal,10,45,-0.0030927769762136847,-0.014517402368298349,2,-1,Restricted,Restricted
T005,2025-09-08 10:46:00,18.529355081284347,73.85914162798409,Safe,Sinhagad Fort,92.69,Good,Normal,10,46,0.008529165167978192,0.007929194504683323,2,-1,Restricted,Restricted
T005,2025-09-08 10:46:30,18.51732694478929,73.86664149692947,Restricted,Sinhagad Fort,87.35,Good,Normal,10,46,-0.01202813649505785,0.007499868945387789,1,-1,Restricted,Restricted
T005,2025-09-08 10:47:00,18.52923797206517,73.85728866556985,Safe,Lal Mahal,90.99,Good,Normal,10,47,0.011911027275882446,-0.00935283135962095,2,-1,Restricted,Restricted
T005,2025-09-08 10:47:30,18.52972524326017,73.86543768542873,High-Risk,Lal Mahal,88.06,Lost,Normal,10,47,0.0004872711949985842,0.008149019858876727,0,-1,Restricted,Restricted
T005,2025-09-08 10:48:00,18.528503003855256,73.85449017060348,Safe,Lal Mahal,82.19,Lost,Normal,10,48,-0.0012222394049139496,-0.01094751482524714,2,-1,Restricted,Restricted
T005,2025-09-08 10:48:30,18.526672179516456,73.84702527149754,Safe,Aga Khan Palace,82.78,Good,Normal,10,48,-0.0018308243387998857,-0.007464899105940503,2,-1,Restricted,Safe
T005,2025-09-08 10:49:00,18.52882595888202,73.85583434135967,Safe,Aga Khan Palace,90.36,Poor,Normal,10,49,0.002153779365563935,0.008809069862124375,2,64,Safe,Restricted
T005,2025-09-08 10:49:30,18.52256379465567,73.85574950903614,Restricted,Sinhagad Fort,87.93,Poor,Normal,10,49,-0.006262164226349398,-8.483232352318737e-05,1,-1,Restricted,Restricted
T005,2025-09-08 10:50:00,18.521571453970928,73.8561766657116,Safe,Lal Mahal,87.3,Lost,Normal,10,50,-0.000992340684742743,0.0004271566754567857,2,-1,Restricted,Restricted
T005,2025-09-08 10:50:30,18.522513189298763,73.84918996260025,Safe,Shaniwar Wada,89.7,Good,Normal,10,50,0.000941735327835147,-0.006986703111351744,2,-1,Restricted,Restricted
T005,2025-09-08 10:51:00,18.5137426580764,73.86341114515305,High-Risk,Pataleshwar Caves,91.05,Good,Normal,10,51,-0.008770531222364042,0.014221182552802247,0,-1,Restricted,Restricted
T005,2025-09-08 10:51:30,18.518076965205385,73.86390795415817,Safe,Pataleshwar Caves,92.57,Good,Normal,10,51,0.004334307128985415,0.0004968090051136187,2,-1,Restricted,Restricted
T005,2025-09-08 10:52:00,18.518190828249093,73.85084692677432,Safe,Pataleshwar Caves,90.38,Good,Normal,10,52,0.00011386304370830658,-0.013061027383841406,2,-1,Restricted,Restricted
T005,2025-09-08 10:52:30,18.51192776201489,73.86517448545462,Safe,Pataleshwar Caves,80.1,Poor,Normal,10,52,-0.006263066234204473,0.014327558680292896,2,-1,Restricted,Restricted
T005,2025-09-08 10:53:00,18.512988367790648,73.85469016474643,Safe,Shaniwar Wada,83.09,Good,Normal,10,53,0.0010606057757591714,-0.010484320708187056,2,-1,Restricted,Restricted
T005,2025-09-08 10:53:30,18.52730768073523,73.8485746990863,Safe,Pataleshwar Caves,89.86,Good,Normal,10,53,0.014319312944582663,-0.006115465660130326,2,-1,Restricted,Restricted
T005,2025-09-08 10:54:00,18.524989436169456,73.86009732449185,Safe,Shaniwar Wada,94.33,Good,Normal,10,54,-0.002318244565774563,0.01152262540554716,2,-1,Restricted,Restricted
T005,2025-09-08 10:54:30,18.52924008212837,73.84832813672257,High-Risk,Lal Mahal,91.21,Lost,Normal,10,54,0.004250645958915555,-0.011769187769274936,0,-1,Restricted,Restricted
T005,2025-09-08 10:55:00,18.51647036863445,73.84810543814356,Safe,Pataleshwar Caves,88.09,Good,Normal,10,55,-0.01276971349392042,-0.00022269857900880652,2,-1,Restricted,Restricted
T005,2025-09-08 10:55:30,18.512685778625027,73.8574947227065,Safe,Sinhagad Fort,92.5,Good,Normal,10,55,-0.0037845900094239937,0.009389284562942635,2,-1,Restricted,Restricted
T005,2025-09-08 10:56:00,18.521936178285827,73.86198443537933,High-Risk,Aga Khan Palace,91.8,Poor,Normal,10,56,0.009250399660800213,0.004489712672821611,0,-1,Restricted,Restricted
T005,2025-09-08 10:56:30,18.525917290681107,73.84902423591275,Safe,Shaniwar Wada,78.41,Lost,Normal,10,56,0.003981112395280206,-0.012960199466576228,2,-1,Restricted,Restricted
T005,2025-09-08 10:57:00,18.530150250970365,73.86458907357061,Safe,Aga Khan Palace,81.09,Good,Normal,10,57,0.004232960289257903,0.01556483765786254,2,-1,Restricted,Restricted
T005,2025-09-08 10:57:30,18.51893341393613,73.85259898292757,Safe,Shaniwar Wada,86.19,Good,Normal,10,57,-0.011216837034236704,-0.011990090643038798,2,-1,Restricted,Restricted
T005,2025-09-08 10:58:00,18.52219711409388,73.84863518150982,Restricted,Pataleshwar Caves,91.73,Good,Normal,10,58,0.0032637001577526803,-0.003963801417754098,1,-1,Restricted,Restricted
T005,2025-09-08 10:58:30,18.516038825329744,73.84797389610033,High-Risk,Lal Mahal,84.79,Good,Normal,10,58,-0.006158288764137154,-0.0006612854094925069,0,-1,Restricted,Restricted
T005,2025-09-08 10:59:00,18.528697081439194,73.85883888533267,Safe,Sinhagad Fort,90.73,Good,Normal,10,59,0.01265825610945015,0.010864989232345579,2,-1,Restricted,Restricted
T005,2025-09-08 10:59:30,18.5165505545559,73.84805280981698,Safe,Pataleshwar Caves,81.06,Poor,Normal,10,59,-0.01214652688329565,-0.010786075515696325,2,-1,Restricted,Safe
T005,2025-09-08 11:00:00,18.518655493207728,73.85615632260776,Safe,Lal Mahal,88.54,Good,Normal,11,0,0.002104938651829258,0.008103512790782474,2,125,Safe,Restricted
T005,2025-09-08 11:00:30,18.51424984984344,73.8659506476337,Safe,Sinhagad Fort,80.1,Poor,Normal,11,0,-0.0044056433642865045,0.009794325025936246,2,-1,Restricted,Restricted
T005,2025-09-08 11:01:00,18.517772142477977,73.85070918255958,Safe,Pataleshwar Caves,81.98,Good,Normal,11,1,0.0035222926345355177,-0.01524146507411217,2,-1,Restricted,Restricted
T005,2025-09-08 11:01:30,18.511203390124816,73.84923635181198,Safe,Sinhagad Fort,75.7,Poor,Normal,11,1,-0.006568752353160789,-0.0014728307476019609,2,-1,Restricted,Restricted
T005,2025-09-08 11:02:00,18.528013316017237,73.85801331785538,Safe,Aga Khan Palace,83.52,Good,Normal,11,2,0.016809925892420807,0.00877696604339917,2,-1,Restricted,Restricted
T005,2025-09-08 11:02:30,18.52873189679604,73.85353179837212,Safe,Lal Mahal,75.69,Good,Normal,11,2,0.000718580778801936,-0.004481519483263696,2,-1,Restricted,Restricted
T005,2025-09-08 11:03:00,18.5141301591509,73.84867344067996,Safe,Shaniwar Wada,81.01,Poor,Normal,11,3,-0.014601737645140389,-0.004858357692157256,2,-1,Restricted,Restricted
T005,2025-09-08 11:03:30,18.527733402471192,73.85327140802008,Safe,Shaniwar Wada,82.9,Good,Normal,11,3,0.013603243320293501,0.004597967340117748,2,-1,Restricted,Restricted
T005,2025-09-08 11:04:00,18.520772138995,73.86584290036474,Safe,Aga Khan Palace,90.82,Lost,Normal,11,4,-0.006961263476192414,0.01257149234466226,2,-1,Restricted,Restricted
T005,2025-09-08 11:04:30,18.51677115423101,73.85731088675799,Restricted,Shaniwar Wada,91.73,Good,Normal,11,4,-0.0040009847639908,-0.008532013606753708,1,-1,Restricted,Restricted
T005,2025-09-08 11:05:00,18.51732259793947,73.8476190565416,Safe,Shaniwar Wada,91.68,Poor,Normal,11,5,0.0005514437084599422,-0.009691830216382868,2,-1,Restricted,Restricted
T005,2025-09-08 11:05:30,18.522467720904057,73.84804076500538,Safe,Lal Mahal,78.07,Good,Normal,11,5,0.005145122964588467,0.0004217084637758717,2,-1,Restricted,Restricted
T005,2025-09-08 11:06:00,18.514932514587045,73.85677425585678,Safe,Lal Mahal,87.36,Poor,Normal,11,6,-0.007535206317012211,0.008733490851398074,2,-1,Restricted,Restricted
T005,2025-09-08 11:06:30,18.527466547921488,73.8608864077571,Safe,Pataleshwar Caves,76.09,Good,Normal,11,6,0.01253403333444325,0.0041121519003297635,2,-1,Restricted,Safe
T005,2025-09-08 11:07:00,18.530118170328848,73.85398758000207,Safe,Shaniwar Wada,74.63,Good,Normal,11,7,0.0026516224073596106,-0.006898827755037473,2,135,Safe,Restricted
T005,2025-09-08 11:07:30,18.517309742574263,73.84892506436104,Safe,Pataleshwar Caves,90.5,Good,Normal,11,7,-0.012808427754585239,-0.005062515641029108,2,-1,Restricted,Restricted
T005,2025-09-08 11:08:00,18.51986552760334,73.85151833145397,Safe,Sinhagad Fort,74.53,Good,Normal,11,8,0.0025557850290773843,0.0025932670929336155,2,-1,Restricted,Restricted
T005,2025-09-08 11:08:30,18.528154982157183,73.85264511136012,High-Risk,Aga Khan Palace,72.95,Lost,Normal,11,8,0.008289454553843001,0.001126779906144293,0,-1,Restricted,Restricted
T005,2025-09-08 11:09:00,18.51366031927905,73.85164930621816,Safe,Aga Khan Palace,79.77,Good,Normal,11,9,-0.014494662878131948,-0.00099580514195452,2,-1,Restricted,Restricted
T005,2025-09-08 11:09:30,18.52085653658829,73.86542379189997,Safe,Lal Mahal,74.84,Good,Normal,11,9,0.007196217309239472,0.013774485681807391,2,-1,Restricted,Restricted
T005,2025-09-08 11:10:00,18.51143107764329,73.86643342191945,Safe,Shaniwar Wada,89.79,Lost,Normal,11,10,-0.009425458944999576,0.0010096300194817331,2,-1,Restricted,Restricted
T005,2025-09-08 11:10:30,18.518204404672744,73.85543869491438,Safe,Lal Mahal,77.3,Good,Normal,11,10,0.006773327029453213,-0.010994727005069649,2,-1,Restricted,Restricted
T005,2025-09-08 11:11:00,18.52457180287289,73.86160370311188,Safe,Aga Khan Palace,74.44,Lost,Normal,11,11,0.006367398200147534,0.006165008197498878,2,-1,Restricted,Restricted
T006,2025-09-08 10:00:00,18.52861192610029,73.86472749917351,Safe,Pataleshwar Caves,100.0,Good,Normal,10,0,0.004040123227397885,0.0031237960616294913,2,-1,Restricted,Restricted
T006,2025-09-08 10:00:30,18.522127685283763,73.85147167647565,Safe,Shaniwar Wada,99.83,Poor,Normal,10,0,-0.00648424081652621,-0.013255822697857411,2,-1,Restricted,Restricted
T006,2025-09-08 10:01:00,18.52021276278667,73.8484536861478,High-Risk,Sinhagad Fort,99.67,Good,Normal,10,1,-0.00191492249709313,-0.003017990327847997,0,-1,Restricted,Restricted
T006,2025-09-08 10:01:30,18.5209713222688,73.84866206028975,Safe,Sinhagad Fort,99.49,Lost,Normal,10,1,0.0007585594821293284,0.00020837414194829762,2,-1,Restricted,Restricted
T006,2025-09-08 10:02:00,18.522815514471382,73.86326790297039,Safe,Sinhagad Fort,99.57,Good,Normal,10,2,0.0018441922025829172,0.014605842680637693,2,-1,Restricted,Restricted
T006,2025-09-08 10:02:30,18.52847830636462,73.85569427948302,Safe,Aga Khan Palace,99.07,Poor,Normal,10,2,0.005662791893236374,-0.007573623487374448,2,-1,Restricted,Safe
T006,2025-09-08 10:03:00,18.5131851126459,73.86200438496935,Safe,Pataleshwar Caves,99.61,Good,Normal,10,3,-0.015293193718719067,0.00631010548633526,2,16,Safe,Safe
T006,2025-09-08 10:03:30,18.516822673873687,73.85101686926635,Safe,Lal Mahal,99.02,Good,Normal,10,3,0.003637561227787245,-0.010987515703007489,2,30,Safe,Restricted
T006,2025-09-08 10:04:00,18.51767657241921,73.86000108622063,Safe,Sinhagad Fort,98.88,Good,Normal,10,4,0.0008538985455217585,0.008984216954289082,2,-1,Restricted,Restricted
T006,2025-09-08 10:04:30,18.51762434840217,73.86481484643855,Safe,Aga Khan Palace,99.25,Good,Normal,10,4,-5.2224017039748105e-05,0.004813760217913909,2,-1,Restricted,Restricted
T006,2025-09-08 10:05:00,18.51163945752813,73.85389292603175,Safe,Lal Mahal,98.51,Good,Normal,10,5,-0.005984890874039195,-0.010921920406801178,2,-1,Restricted,Restricted
T006,2025-09-08 10:05:30,18.51261277279508,73.86216590284107,Safe,Aga Khan Palace,99.17,Good,Normal,10,5,0.0009733152669504364,0.00827297680932304,2,-1,Restricted,Restricted
T006,2025-09-08 10:06:00,18.522960346354854,73.8569694652293,Restricted,Sinhagad Fort,98.97,Poor,Normal,10,6,0.010347573559773338,-0.005196437611772353,1,-1,Restricted,Restricted
T006,2025-09-08 10:06:30,18.526535494419683,73.85275463412826,Safe,Sinhagad Fort,98.14,Good,Normal,10,6,0.003575148064829392,-0.00421483110103793,2,-1,Restricted,Safe
T006,2025-09-08 10:07:00,18.5208510705364,73.85981193893271,Safe,Pataleshwar Caves,98.67,Good,Normal,10,7,-0.005684423883284495,0.007057304804447995,2,1,Safe,Restricted
T006,2025-09-08 10:07:30,18.514125059214813,73.86342671538229,Safe,Pataleshwar Caves,99.2,Good,Normal,10,7,-0.006726011321585901,0.0036147764495808588,2,-1,Restricted,Restricted
T006,2025-09-08 10:08:00,18.51202479143219,73.86182618953163,Safe,Sinhagad Fort,97.48,Poor,Normal,10,8,-0.0021002677826231775,-0.0016005258506623932,2,-1,Restricted,Safe
T006,2025-09-08 10:08:30,18.51669851748786,73.85357684400208,Safe,Aga Khan Palace,98.76,Poor,Normal,10,8,0.004673726055671068,-0.008249345529549146,2,70,Safe,Safe
T006,2025-09-08 10:09:00,18.52440931162633,73.8515333030182,Safe,Pataleshwar Caves,97.31,Good,Normal,10,9,0.007710794138468202,-0.0020435409838768237,2,107,Safe,Restricted
T006,2025-09-08 10:09:30,18.5106462724182,73.8643209727745,High-Risk,Lal Mahal,98.19,Good,Normal,10,9,-0.013763039208129157,0.01278766975629253,0,-1,Restricted,Restricted
T006,2025-09-08 10:10:00,18.526201300679134,73.84756725618799,Safe,Lal Mahal,98.66,Good,Normal,10,10,0.015555028260934023,-0.01675371658650704,2,-1,Restricted,Restricted
T006,2025-09-08 10:10:30,18.513552095257214,73.85728854632305,High-Risk,Lal Mahal,97.08,Good,Normal,10,10,-0.012649205421919163,0.009721290135061622,0,-1,Restricted,Restricted
T006,2025-09-08 10:11:00,18.52050168005697,73.86583700663721,High-Risk,Pataleshwar Caves,98.19,Good,Normal,10,11,0.006949584799755826,0.008548460314159456,0,-1,Restricted,Restricted
T006,2025-09-08 10:11:30,18.51160936564089,73.85599397188479,High-Risk,Aga Khan Palace,96.88,Good,Normal,10,11,-0.008892314416080183,-0.009843034752421431,0,-1,Restricted,Restricted
T006,2025-09-08 10:12:00,18.516879969011008,73.84736940134523,Safe,Shaniwar Wada,95.62,Good,Normal,10,12,0.005270603370117755,-0.008624570539552678,2,-1,Restricted,Restricted
T006,2025-09-08 10:12:30,18.51434104114379,73.86560755152556,Safe,Lal Mahal,95.69,Good,Normal,10,12,-0.002538927867217211,0.018238150180323487,2,-1,Restricted,Restricted
T006,2025-09-08 10:13:00,18.514359550415897,73.84682022174334,High-Risk,Sinhagad Fort,95.13,Good,Normal,10,13,1.8509272106115304e-05,-0.018787329782213646,0,-1,Restricted,Restricted
T006,2025-09-08 10:13:30,18.52805968537826,73.85877058049007,Restricted,Sinhagad Fort,95.12,Lost,Normal,10,13,0.013700134962363109,0.011950358746730672,1,-1,Restricted,Safe
T006,2025-09-08 10:14:00,18.521295477690128,73.84996035580932,Safe,Shaniwar Wada,98.26,Good,Normal,10,14,-0.006764207688132018,-0.008810224680757983,2,59,Safe,Restricted
T006,2025-09-08 10:14:30,18.52815460057333,73.86342229200999,Safe,Shaniwar Wada,94.27,Poor,Normal,10,14,0.006859122883202673,0.013461936200670266,2,-1,Restricted,Restricted
T006,2025-09-08 10:15:00,18.51711523796713,73.8648538828948,Restricted,Sinhagad Fort,97.34,Good,Normal,10,15,-0.011039362606201308,0.0014315908848203662,1,-1,Restricted,Safe
T006,2025-09-08 10:15:30,18.528993401545897,73.86030539830757,Safe,Pataleshwar Caves,95.84,Good,Normal,10,15,0.011878163578767698,-0.004548484587232338,2,34,Safe,Restricted
T006,2025-09-08 10:16:00,18.523357404772312,73.84814851011124,Safe,Shaniwar Wada,97.89,Good,Normal,10,16,-0.005635996773584395,-0.012156888196329874,2,-1,Restricted,Restricted
T006,2025-09-08 10:16:30,18.51501927600982,73.86514699852819,High-Risk,Aga Khan Palace,95.69,Good,Normal,10,16,-0.008338128762492403,0.01699848841694518,0,-1,Restricted,Restricted
T006,2025-09-08 10:17:00,18.522716269095604,73.85178406278206,Safe,Lal Mahal,97.68,Good,Normal,10,17,0.007696993085783532,-0.013362935746130233,2,-1,Restricted,Restricted
T006,2025-09-08 10:17:30,18.511925806342887,73.86186302654092,High-Risk,Sinhagad Fort,94.41,Good,Normal,10,17,-0.010790462752716223,0.01007896375885764,0,-1,Restricted,Restricted
T006,2025-09-08 10:18:00,18.528686211066887,73.85901656956128,High-Risk,Shaniwar Wada,93.77,Good,Normal,10,18,0.016760404723999756,-0.002846456979639811,0,-1,Restricted,Restricted
T006,2025-09-08 10:18:30,18.52696327956176,73.8571798449279,Restricted,Pataleshwar Caves,94.98,Good,Normal,10,18,-0.0017229315051281446,-0.0018367246333781395,1,-1,Restricted,Restricted
T006,2025-09-08 10:19:00,18.52802783699162,73.85147744153275,Safe,Sinhagad Fort,94.09,Poor,Normal,10,19,0.0010645574298600025,-0.005702403395147826,2,-1,Restricted,Restricted
T006,2025-09-08 10:19:30,18.521667779041408,73.86669083870258,Restricted,Sinhagad Fort,97.77,Good,Normal,10,19,-0.0063600579502107735,0.0152133971698305,1,-1,Restricted,Restricted
T006,2025-09-08 10:20:00,18.526973040857275,73.85209227869356,Safe,Aga Khan Palace,97.51,Good,Normal,10,20,0.005305261815866658,-0.014598560009019934,2,-1,Restricted,Safe
T006,2025-09-08 10:20:30,18.51287941028365,73.84987542843938,Safe,Sinhagad Fort,97.27,Good,Normal,10,20,-0.014093630573626115,-0.0022168502541859425,2,52,Safe,Restricted
T006,2025-09-08 10:21:00,18.51331435324643,73.86043414222878,Safe,Aga Khan Palace,95.75,Good,Normal,10,21,0.0004349429627801271,0.010558713789407648,2,-1,Restricted,Restricted
T006,2025-09-08 10:21:30,18.516672156646884,73.86301585054768,Safe,Sinhagad Fort,95.77,Poor,Normal,10,21,0.003357803400454884,0.0025817083188997003,2,-1,Restricted,Restricted
T006,2025-09-08 10:22:00,18.52731363663268,73.86450420151972,Safe,Pataleshwar Caves,96.27,Good,Normal,10,22,0.010641479985796565,0.001488350972039143,2,-1,Restricted,Restricted
T006,2025-09-08 10:22:30,18.51606045207535,73.86115870086226,High-Risk,Sinhagad Fort,95.52,Poor,Normal,10,22,-0.011253184557329377,-0.0033455006574598656,0,-1,Restricted,Restricted
T006,2025-09-08 10:23:00,18.516735751025504,73.85834052291024,Safe,Pataleshwar Caves,91.94,Good,Normal,10,23,0.0006752989501528361,-0.002818177952022438,2,-1,Restricted,Restricted
T006,2025-09-08 10:23:30,18.530203039296232,73.84789284055836,Safe,Sinhagad Fort,96.96,Good,Normal,10,23,0.013467288270728517,-0.010447682351880871,2,-1,Restricted,Restricted
T006,2025-09-08 10:24:00,18.512135741100924,73.84956694047669,Safe,Pataleshwar Caves,96.58,Lost,Normal,10,24,-0.018067298195308723,0.0016740999183326721,2,-1,Restricted,Restricted
T006,2025-09-08 10:24:30,18.52808973971211,73.85763330463489,Restricted,Aga Khan Palace,97.0,Good,Normal,10,24,0.01595399861118807,0.008066364158196393,1,-1,Restricted,Restricted
T006,2025-09-08 10:25:00,18.51309920481938,73.85383050179854,High-Risk,Lal Mahal,93.27,Good,Normal,10,25,-0.014990534892731944,-0.003802802836347041,0,-1,Restricted,Safe
T006,2025-09-08 10:25:30,18.514912384890664,73.85803135466558,Safe,Lal Mahal,96.33,Good,Normal,10,25,0.0018131800712843926,0.004200852867043636,2,4,Safe,Restricted
T006,2025-09-08 10:26:00,18.519752706271262,73.85484656442665,Safe,Sinhagad Fort,94.33,Good,Normal,10,26,0.004840321380598311,-0.003184790238933033,2,-1,Restricted,Restricted
T006,2025-09-08 10:26:30,18.519795195111328,73.86103499377343,Safe,Shaniwar Wada,92.93,Good,Normal,10,26,4.24888400658574e-05,0.006188429346778435,2,-1,Restricted,Safe
T006,2025-09-08 10:27:00,18.51738004116496,73.85383506273385,Safe,Shaniwar Wada,90.0,Good,Normal,10,27,-0.002415153946369486,-0.00719993103957961,2,6,Safe,Restricted
T006,2025-09-08 10:27:30,18.52100954855089,73.84997284916005,Restricted,Sinhagad Fort,95.43,Good,Normal,10,27,0.003629507385930708,-0.00386221357379668,1,-1,Restricted,Restricted
T006,2025-09-08 10:28:00,18.512958791964294,73.8622740821805,High-Risk,Pataleshwar Caves,91.95,Good,Normal,10,28,-0.008050756586595043,0.012301233020451718,0,-1,Restricted,Restricted
T006,2025-09-08 10:28:30,18.51098013328156,73.85708569847401,Safe,Shaniwar Wada,95.66,Good,Normal,10,28,-0.001978658682734391,-0.0051883837064963245,2,-1,Restricted,Restricted
T006,2025-09-08 10:29:00,18.521939035507938,73.85533047277052,High-Risk,Pataleshwar Caves,93.01,Good,Normal,10,29,0.010958902226377631,-0.001755225703490737,0,-1,Restricted,Safe
T006,2025-09-08 10:29:30,18.52561409206071,73.84738289104762,Safe,Aga Khan Palace,97.04,Good,Normal,10,29,0.00367505655277256,-0.007947581722902441,2,9,Safe,Restricted
T006,2025-09-08 10:30:00,18.520493993573115,73.855180769902,High-Risk,Sinhagad Fort,88.13,Good,Normal,10,30,-0.00512009848759476,0.0077978788543902056,0,-1,Restricted,Safe
T006,2025-09-08 10:30:30,18.52705022476985,73.86347257972744,Safe,Lal Mahal,95.04,Lost,Normal,10,30,0.006556231196736206,0.008291809825436758,2,7,Safe,Restricted
T006,2025-09-08 10:31:00,18.51714116330816,73.8656415538264,Safe,Shaniwar Wada,93.56,Good,Normal,10,31,-0.009909061461691238,0.002168974098964327,2,-1,Restricted,Restricted
T006,2025-09-08 10:31:30,18.5303428041422,73.84688144932653,Safe,Shaniwar Wada,95.35,Lost,Normal,10,31,0.013201640834040518,-0.01876010449987575,2,-1,Restricted,Restricted
T006,2025-09-08 10:32:00,18.516635079227637,73.85247080021038,Safe,Lal Mahal,95.09,Good,Normal,10,32,-0.013707724914564068,0.005589350883852262,2,-1,Restricted,Restricted
T006,2025-09-08 10:32:30,18.515490991601062,73.86268984801386,Restricted,Lal Mahal,94.09,Good,Normal,10,32,-0.0011440876265744748,0.010219047803474268,1,-1,Restricted,Restricted
T006,2025-09-08 10:33:00,18.52808147613602,73.86504394610716,Safe,Pataleshwar Caves,89.59,Good,Normal,10,33,0.012590484534957369,0.002354098093306334,2,-1,Restricted,Restricted
T006,2025-09-08 10:33:30,18.511371950800463,73.85371799795115,Safe,Aga Khan Palace,88.1,Good,Normal,10,33,-0.01670952533555692,-0.01132594815601351,2,-1,Restricted,Restricted
T006,2025-09-08 10:34:00,18.524050582445547,73.85172063493259,High-Risk,Pataleshwar Caves,90.63,Good,Normal,10,34,0.012678631645083982,-0.0019973630185603497,0,-1,Restricted,Safe
T006,2025-09-08 10:34:30,18.521607667511194,73.84961682299046,Safe,Lal Mahal,86.61,Poor,Normal,10,34,-0.002442914934352558,-0.0021038119421348256,2,26,Safe,Safe
T006,2025-09-08 10:35:00,18.522253858247414,73.85153772502407,Safe,Shaniwar Wada,95.87,Good,Normal,10,35,0.0006461907362194097,0.0019209020336177218,2,26,Safe,Restricted
T006,2025-09-08 10:35:30,18.51274407157825,73.85632746855916,Restricted,Lal Mahal,93.6,Good,Normal,10,35,-0.009509786669163134,0.004789743535084767,1,-1,Restricted,Restricted
T006,2025-09-08 10:36:00,18.51443233478402,73.84671032322288,Safe,Lal Mahal,90.54,Good,Normal,10,36,0.0016882632057679814,-0.009617145336278554,2,-1,Restricted,Safe
T006,2025-09-08 10:36:30,18.51272758797665,73.85268646077509,Safe,Shaniwar Wada,88.22,Good,Normal,10,36,-0.0017047468073698724,0.005976137552210048,2,40,Safe,Safe
T006,2025-09-08 10:37:00,18.51790434312656,73.85155020436301,Safe,Sinhagad Fort,94.55,Good,Normal,10,37,0.005176755149911116,-0.0011362564120815932,2,8,Safe,Safe
T006,2025-09-08 10:37:30,18.51337226825995,73.85877565048328,Safe,Pataleshwar Caves,88.84,Good,Normal,10,37,-0.004532074866610003,0.0072254461202732045,2,65,Safe,Restricted
T006,2025-09-08 10:38:00,18.51833044243845,73.86624004962052,High-Risk,Pataleshwar Caves,95.11,Good,Normal,10,38,0.004958174178501196,0.007464399137234068,0,-1,Restricted,Restricted
T006,2025-09-08 10:38:30,18.518510479216445,73.85017589326692,Safe,Shaniwar Wada,90.36,Good,Normal,10,38,0.00018003677799427464,-0.016064156353593262,2,-1,Restricted,Restricted
T006,2025-09-08 10:39:00,18.52948973163565,73.85185942826419,Safe,Pataleshwar Caves,92.65,Good,Normal,10,39,0.0109792524192045,0.0016835349972694758,2,-1,Restricted,Restricted
T006,2025-09-08 10:39:30,18.52138932937737,73.84849873254582,Safe,Sinhagad Fort,92.95,Good,Normal,10,39,-0.008100402258278905,-0.003360695718370721,2,-1,Restricted,Restricted
T006,2025-09-08 10:40:00,18.524509927108017,73.85210421845777,High-Risk,Pataleshwar Caves,90.23,Good,Normal,10,40,0.003120597730646324,0.003605485911947426,0,-1,Restricted,High-Risk
T006,2025-09-08 10:40:30,18.52600675066412,73.8562887321213,High-Risk,Pataleshwar Caves,95.39,Good,Normal,10,40,0.001496823556102811,0.004184513663531675,0,114,High-Risk,Restricted
T006,2025-09-08 10:41:00,18.517493206473027,73.85964191427045,Restricted,Shaniwar Wada,83.86,Good,Normal,10,41,-0.008513544191092848,0.0033531821491550318,1,-1,Restricted,Safe
T006,2025-09-08 10:41:30,18.51454181444308,73.85326658220676,Safe,Lal Mahal,93.99,Poor,Normal,10,41,-0.002951392029945765,-0.00637533206369767,2,66,Safe,Safe
T006,2025-09-08 10:42:00,18.513667915844803,73.85634923343126,Safe,Pataleshwar Caves,87.83,Good,Normal,10,42,-0.0008738985982787995,0.003082651224502797,2,65,Safe,Restricted
T006,2025-09-08 10:42:30,18.51346507781316,73.85212238147064,Safe,Aga Khan Palace,89.83,Good,Normal,10,42,-0.0002028380316438927,-0.00422685196062389,2,-1,Restricted,Restricted
T006,2025-09-08 10:43:00,18.523252960266262,73.85426937998801,Safe,Aga Khan Palace,89.36,Good,Normal,10,43,0.009787882453103691,0.0021469985173752093,2,-1,Restricted,Restricted
T006,2025-09-08 10:43:30,18.51393683645785,73.84841163415851,Safe,Pataleshwar Caves,86.48,Good,Normal,10,43,-0.009316123808410737,-0.005857745829501937,2,-1,Restricted,Safe
T006,2025-09-08 10:44:00,18.52367325414272,73.86568981785966,Safe,Aga Khan Palace,89.37,Good,Normal,10,44,0.009736417684869991,0.017278183701151306,2,67,Safe,Restricted
T006,2025-09-08 10:44:30,18.513077230207465,73.85132505395937,Safe,Pataleshwar Caves,89.81,Good,Normal,10,44,-0.010596023935256937,-0.01436476390028929,2,-1,Restricted,Safe
T006,2025-09-08 10:45:00,18.52005897657424,73.85080650618437,Safe,Lal Mahal,87.0,Good,Normal,10,45,0.006981746366776065,-0.0005185477750018208,2,25,Safe,Restricted
T006,2025-09-08 10:45:30,18.51868084710213,73.85618305655491,High-Risk,Lal Mahal,93.81,Poor,Normal,10,45,-0.0013781294721120219,0.005376550370542077,0,-1,Restricted,Safe
T006,2025-09-08 10:46:00,18.52005336446145,73.86281972374145,Safe,Shaniwar Wada,84.24,Good,Normal,10,46,0.0013725173593215345,0.00663666718654099,2,123,Safe,Restricted
T006,2025-09-08 10:46:30,18.52832152028849,73.8592804851555,Safe,Shaniwar Wada,91.22,Good,Normal,10,46,0.008268155827039436,-0.00353923858595806,2,-1,Restricted,Restricted
T006,2025-09-08 10:47:00,18.51989267304969,73.84863874359466,High-Risk,Sinhagad Fort,84.97,Good,Normal,10,47,-0.00842884723880033,-0.010641741560831974,0,-1,Restricted,Restricted
T006,2025-09-08 10:47:30,18.51137952978853,73.85693411431826,High-Risk,Lal Mahal,82.24,Good,Normal,10,47,-0.008513143261158262,0.008295370723601536,0,-1,Restricted,Restricted
T006,2025-09-08 10:48:00,18.527314293885897,73.84989741206398,High-Risk,Lal Mahal,84.8,Poor,Normal,10,48,0.015934764097366383,-0.007036702254282545,0,-1,Restricted,Safe
T006,2025-09-08 10:48:30,18.52001376108997,73.85867473333559,Safe,Sinhagad Fort,86.93,Poor,Normal,10,48,-0.007300532795927239,0.008777321271608685,2,116,Safe,Restricted
T006,2025-09-08 10:49:00,18.51305291935608,73.8592992579148,Safe,Aga Khan Palace,91.85,Poor,Normal,10,49,-0.0069608417338891115,0.0006245245792086962,2,-1,Restricted,Safe
T006,2025-09-08 10:49:30,18.516395146168215,73.85830071184144,Safe,Pataleshwar Caves,87.53,Good,Normal,10,49,0.0033422268121334753,-0.0009985460733616947,2,12,Safe,Restricted
T006,2025-09-08 10:50:00,18.52504634428796,73.85829436336245,Safe,Lal Mahal,85.25,Good,Normal,10,50,0.008651198119746795,-6.348478990503281e-06,2,-1,Restricted,Restricted
T006,2025-09-08 10:50:30,18.527406451907883,73.86419162364396,Safe,Pataleshwar Caves,90.22,Poor,Normal,10,50,0.0023601076199213367,0.005897260281514605,2,-1,Restricted,Restricted
T006,2025-09-08 10:51:00,18.528379691789624,73.84675959177325,High-Risk,Aga Khan Palace,93.03,Good,Normal,10,51,0.0009732398817412502,-0.01743203187071174,0,-1,Restricted,Restricted
T006,2025-09-08 10:51:30,18.511508696033538,73.85791622228767,Safe,Lal Mahal,85.7,Lost,Normal,10,51,-0.016870995756086415,0.01115663051442084,2,-1,Restricted,Restricted
T006,2025-09-08 10:52:00,18.519932895873843,73.84866317226934,High-Risk,Sinhagad Fort,92.1,Good,Normal,10,52,0.008424199840305846,-0.0092530500183301,0,-1,Restricted,Restricted
T006,2025-09-08 10:52:30,18.51645120977281,73.86085351451396,Safe,Lal Mahal,82.46,Good,Normal,10,52,-0.0034816861010327216,0.012190342244622343,2,-1,Restricted,Restricted
T006,2025-09-08 10:53:00,18.519561849248884,73.85959601656587,Safe,Lal Mahal,83.34,Poor,Normal,10,53,0.0031106394760733735,-0.001257497948088826,2,-1,Restricted,Restricted
T006,2025-09-08 10:53:30,18.5169959451908,73.86298451027254,Restricted,Lal Mahal,86.31,Good,Normal,10,53,-0.002565904058084101,0.0033884937066659404,1,-1,Restricted,Restricted
T006,2025-09-08 10:54:00,18.518779892291228,73.86523407779933,High-Risk,Lal Mahal,93.11,Poor,Normal,10,54,0.0017839471004279517,0.0022495675267890647,0,-1,Restricted,Restricted
T006,2025-09-08 10:54:30,18.514127742105543,73.85011372377966,Safe,Shaniwar Wada,93.78,Good,Normal,10,54,-0.004652150185684434,-0.015120354019671822,2,-1,Restricted,Restricted
T006,2025-09-08 10:55:00,18.514846175718755,73.84940887866678,Safe,Sinhagad Fort,93.51,Poor,Normal,10,55,0.0007184336132119995,-0.0007048451128781608,2,-1,Restricted,Safe
T006,2025-09-08 10:55:30,18.51914061832684,73.86616786574756,Safe,Sinhagad Fort,92.99,Poor,Normal,10,55,0.004294442608085092,0.016758987080777388,2,68,Safe,Restricted
T006,2025-09-08 10:56:00,18.52718455923559,73.863033890391,Safe,Sinhagad Fort,91.24,Lost,Normal,10,56,0.008043940908748937,-0.003133975356561791,2,-1,Restricted,Safe
T006,2025-09-08 10:56:30,18.512075524507,73.85492592709093,Safe,Shaniwar Wada,94.15,Good,Normal,10,56,-0.01510903472858871,-0.008107963300062693,2,69,Safe,Restricted
T006,2025-09-08 10:57:00,18.527762812572565,73.85861634594168,Safe,Sinhagad Fort,87.15,Good,Normal,10,57,0.015687288065564076,0.003690418850752053,2,-1,Restricted,Restricted
T006,2025-09-08 10:57:30,18.51734806432785,73.86624762876153,Safe,Pataleshwar Caves,77.06,Good,Normal,10,57,-0.010414748244713223,0.007631282819843932,2,-1,Restricted,Restricted
T006,2025-09-08 10:58:00,18.515972372109832,73.84944567267569,High-Risk,Lal Mahal,93.68,Good,Normal,10,58,-0.0013756922180192532,-0.016801956085842562,0,-1,Restricted,Restricted
T006,2025-09-08 10:58:30,18.519606474691823,73.8500702101675,Safe,Aga Khan Palace,84.3,Lost,Normal,10,58,0.003634102581990817,0.000624537491816568,2,-1,Restricted,Restricted
T006,2025-09-08 10:59:00,18.51424699969863,73.8483638987959,Safe,Shaniwar Wada,91.72,Poor,Normal,10,59,-0.005359474993191782,-0.0017063113716062617,2,-1,Restricted,Restricted
T006,2025-09-08 10:59:30,18.51854292604829,73.85197295816721,High-Risk,Aga Khan Palace,86.15,Good,Normal,10,59,0.0042959263496591404,0.0036090593713140606,0,-1,Restricted,Restricted
T006,2025-09-08 11:00:00,18.529644942214603,73.85327218181699,High-Risk,Aga Khan Palace,81.12,Good,Normal,11,0,0.011102016166312012,0.0012992236497808562,0,-1,Restricted,Restricted
T006,2025-09-08 11:00:30,18.528178335639936,73.85934435633766,Safe,Aga Khan Palace,88.52,Good,Normal,11,0,-0.0014666065746666845,0.006072174520667772,2,-1,Restricted,Restricted
T006,2025-09-08 11:01:00,18.52516054169469,73.85727073589457,Safe,Lal Mahal,78.82,Good,Normal,11,1,-0.003017793945247149,-0.0020736204430846783,2,-1,Restricted,Restricted
T006,2025-09-08 11:01:30,18.523740958910743,73.85640182411959,Safe,Aga Khan Palace,82.99,Good,Normal,11,1,-0.0014195827839458275,-0.0008689117749867137,2,-1,Restricted,Restricted
T006,2025-09-08 11:02:00,18.52291222217681,73.8612789880066,Restricted,Aga Khan Palace,89.99,Good,Normal,11,2,-0.0008287367339328,0.0048771638870164224,1,-1,Restricted,Restricted
T006,2025-09-08 11:02:30,18.515966340679288,73.8632985756574,Safe,Aga Khan Palace,80.34,Good,Normal,11,2,-0.006945881497522066,0.002019587650792687,2,-1,Restricted,Restricted
T006,2025-09-08 11:03:00,18.517888490481297,73.86369329408724,Safe,Shaniwar Wada,87.58,Good,Normal,11,3,0.001922149802009443,0.0003947184298453976,2,-1,Restricted,Restricted
T006,2025-09-08 11:03:30,18.518850192963377,73.85078318522902,High-Risk,Aga Khan Palace,90.64,Good,Normal,11,3,0.0009617024820798292,-0.012910108858221747,0,-1,Restricted,Restricted
T006,2025-09-08 11:04:00,18.525204519249996,73.86466208020866,High-Risk,Shaniwar Wada,83.9,Good,Normal,11,4,0.0063543262866190275,0.013878894979640677,0,-1,Restricted,Restricted
T006,2025-09-08 11:04:30,18.513899870729507,73.84688562651556,Safe,Sinhagad Fort,83.97,Good,Normal,11,4,-0.011304648520489735,-0.017776453693102212,2,-1,Restricted,Restricted
T006,2025-09-08 11:05:00,18.52228543436648,73.86440746734408,High-Risk,Sinhagad Fort,81.53,Good,Normal,11,5,0.00838556363697407,0.017521840828521817,0,-1,Restricted,Restricted
T006,2025-09-08 11:05:30,18.525481394369805,73.86513376561096,Restricted,Lal Mahal,75.24,Good,Normal,11,5,0.0031959600033246716,0.0007262982668834184,1,-1,Restricted,Restricted
T006,2025-09-08 11:06:00,18.52240955198469,73.863081454553,High-Risk,Sinhagad Fort,74.98,Good,Normal,11,6,-0.0030718423851148202,-0.0020523110579659942,0,-1,Restricted,Restricted
T006,2025-09-08 11:06:30,18.52900054643731,73.86667253980683,Safe,Pataleshwar Caves,76.37,Good,Normal,11,6,0.0065909944526190145,0.0035910852538307836,2,-1,Restricted,Restricted
T006,2025-09-08 11:07:00,18.513685757851185,73.85574523424333,Safe,Pataleshwar Caves,84.68,Good,Normal,11,7,-0.01531478858612445,-0.010927305563498635,2,-1,Restricted,Restricted
T006,2025-09-08 11:07:30,18.521684572921394,73.85501637833937,Safe,Aga Khan Palace,84.26,Lost,Normal,11,7,0.007998815070209275,-0.0007288559039579923,2,-1,Restricted,Restricted
T006,2025-09-08 11:08:00,18.512628390759247,73.8521360600394,High-Risk,Pataleshwar Caves,77.16,Good,Normal,11,8,-0.009056182162147763,-0.002880318299972373,0,-1,Restricted,Restricted
T006,2025-09-08 11:08:30,18.51163650936377,73.84843567968936,Safe,Aga Khan Palace,92.46,Lost,Normal,11,8,-0.0009918813954783445,-0.0037003803500397225,2,-1,Restricted,Restricted
T006,2025-09-08 11:09:00,18.516042984834154,73.85669449288781,Safe,Pataleshwar Caves,88.67,Lost,Normal,11,9,0.004406475470386084,0.00825881319845223,2,-1,Restricted,Restricted
T006,2025-09-08 11:09:30,18.518809578540257,73.86566168983191,Safe,Sinhagad Fort,76.58,Good,Normal,11,9,0.002766593706102327,0.008967196944098532,2,-1,Restricted,Restricted
T006,2025-09-08 11:10:00,18.52373162271626,73.8472073017959,Safe,Pataleshwar Caves,85.08,Good,Normal,11,10,0.004922044176002061,-0.018454388036005298,2,-1,Restricted,Restricted
T006,2025-09-08 11:10:30,18.52874401039046,73.86363073223012,High-Risk,Shaniwar Wada,72.3,Good,Normal,11,10,0.005012387674202756,0.016423430434215902,0,-1,Restricted,Restricted
T006,2025-09-08 11:11:00,18.52653985776644,73.85196337902043,Safe,Shaniwar Wada,80.69,Good,Normal,11,11,-0.0022041526240208498,-0.011667353209688258,2,-1,Restricted,Restricted
T006,2025-09-08 11:11:30,18.527520577471105,73.86122927566275,Safe,Pataleshwar Caves,76.11,Good,Normal,11,11,0.000980719704664068,0.009265896642318694,2,-1,Restricted,Restricted
T006,2025-09-08 11:12:00,18.514428897532117,73.84832659183353,Safe,Pataleshwar Caves,85.11,Good,Normal,11,12,-0.013091679938987966,-0.01290268382922477,2,-1,Restricted,Restricted
T006,2025-09-08 11:12:30,18.526502598381487,73.8513218585478,Restricted,Sinhagad Fort,89.18,Good,Normal,11,12,0.012073700849370539,0.00299526671427941,1,-1,Restricted,Restricted
T006,2025-09-08 11:13:00,18.52631689031566,73.8583625541812,Restricted,Aga Khan Palace,89.31,Good,Normal,11,13,-0.0001857080658282939,0.007040695633392602,1,-1,Restricted,Restricted
T006,2025-09-08 11:13:30,18.523682408449304,73.84851316081506,Safe,Pataleshwar Caves,91.47,Poor,Normal,11,13,-0.002634481866355287,-0.00984939336613877,2,-1,Restricted,Restricted
T006,2025-09-08 11:14:00,18.516063330161504,73.85243281907725,Safe,Lal Mahal,89.31,Good,Normal,11,14,-0.007619078287799397,0.003919658262191206,2,-1,Restricted,Restricted
T006,2025-09-08 11:14:30,18.517821262204308,73.85795464823673,Safe,Aga Khan Palace,78.4,Good,Normal,11,14,0.0017579320428033895,0.005521829159476965,2,-1,Restricted,Restricted
T006,2025-09-08 11:15:00,18.510955017786063,73.85283385980468,Safe,Aga Khan Palace,88.69,Lost,Normal,11,15,-0.006866244418244349,-0.0051207884320518815,2,-1,Restricted,Restricted
T006,2025-09-08 11:15:30,18.522408185899195,73.86115953000584,Safe,Aga Khan Palace,77.25,Good,Normal,11,15,0.011453168113131795,0.008325670201159596,2,-1,Restricted,Restricted
T006,2025-09-08 11:16:00,18.520291177911123,73.86035277822127,High-Risk,Pataleshwar Caves,75.03,Good,Normal,11,16,-0.0021170079880725723,-0.0008067517845660177,0,-1,Restricted,Restricted
T006,2025-09-08 11:16:30,18.51276219365496,73.85063803748066,Safe,Pataleshwar Caves,72.37,Good,Normal,11,16,-0.007528984256161664,-0.00971474074060552,2,-1,Restricted,Restricted
T006,2025-09-08 11:17:00,18.52970045326839,73.85237930314848,Safe,Pataleshwar Caves,74.52,Good,Normal,11,17,0.016938259613429096,0.0017412656678175154,2,-1,Restricted,Restricted
T006,2025-09-08 11:17:30,18.51651034737845,73.84994431533461,Safe,Pataleshwar Caves,71.27,Good,Normal,11,17,-0.013190105889940185,-0.002434987813870748,2,-1,Restricted,Restricted
T006,2025-09-08 11:18:00,18.520110002190467,73.85007651803993,High-Risk,Lal Mahal,86.4,Good,Normal,11,18,0.0035996548120174054,0.00013220270531633105,0,-1,Restricted,Safe
T006,2025-09-08 11:18:30,18.526972486344004,73.86032530088092,Safe,Lal Mahal,91.1,Good,Normal,11,18,0.006862484153536741,0.010248782840989179,2,94,Safe,Restricted
T006,2025-09-08 11:19:00,18.52096683639943,73.86665326693324,Safe,Sinhagad Fort,73.83,Good,Normal,11,19,-0.006005649944572866,0.006327966052324996,2,-1,Restricted,Restricted
T006,2025-09-08 11:19:30,18.520827260990156,73.85559372695229,Safe,Lal Mahal,72.8,Good,Normal,11,19,-0.00013957540927478362,-0.01105953998094833,2,-1,Restricted,Restricted
T006,2025-09-08 11:20:00,18.52969500231286,73.84945129510153,High-Risk,Pataleshwar Caves,86.76,Poor,Normal,11,20,0.008867741322703182,-0.006142431850761909,0,-1,Restricted,Restricted
T006,2025-09-08 11:20:30,18.523473839693075,73.85338351458503,Safe,Lal Mahal,82.16,Poor,Normal,11,20,-0.006221162619784337,0.003932219483502308,2,-1,Restricted,Restricted
T006,2025-09-08 11:21:00,18.528374814406185,73.85920231709,Safe,Shaniwar Wada,86.19,Poor,Normal,11,21,0.004900974713109463,0.005818802504961695,2,-1,Restricted,Restricted
T006,2025-09-08 11:21:30,18.525530189102355,73.85154553975745,Safe,Shaniwar Wada,86.37,Good,Normal,11,21,-0.002844625303829673,-0.0076567773325422195,2,-1,Restricted,Restricted
T006,2025-09-08 11:22:00,18.51479203231654,73.86105163952034,High-Risk,Shaniwar Wada,84.85,Good,Normal,11,22,-0.010738156785816244,0.009506099762887743,0,-1,Restricted,Restricted
T006,2025-09-08 11:22:30,18.52916359481574,73.86028499592135,Safe,Lal Mahal,79.88,Lost,Normal,11,22,0.014371562499199797,-0.0007666435989932552,2,-1,Restricted,Restricted
T006,2025-09-08 11:23:00,18.518970247768163,73.8656626663815,Safe,Shaniwar Wada,83.12,Good,Normal,11,23,-0.010193347047575685,0.00537767046014892,2,-1,Restricted,Restricted
T006,2025-09-08 11:23:30,18.513262905706966,73.86456647193695,Safe,Shaniwar Wada,91.11,Good,Normal,11,23,-0.005707342061196385,-0.0010961944445426752,2,-1,Restricted,Restricted
T006,2025-09-08 11:24:00,18.52056240176696,73.8645153627201,Restricted,Aga Khan Palace,79.5,Poor,Normal,11,24,0.007299496059992805,-5.1109216855138584e-05,1,-1,Restricted,Restricted
T006,2025-09-08 11:24:30,18.515477496218544,73.85240050926791,High-Risk,Pataleshwar Caves,78.48,Good,Normal,11,24,-0.0050849055484150085,-0.012114853452189323,0,-1,Restricted,Restricted
T006,2025-09-08 11:25:00,18.52085910411017,73.86279426037358,Safe,Lal Mahal,76.99,Good,Normal,11,25,0.0053816078916248955,0.010393751105667093,2,-1,Restricted,Restricted
T006,2025-09-08 11:25:30,18.51253197399048,73.84774972599115,Safe,Shaniwar Wada,83.06,Good,Normal,11,25,-0.008327130119688775,-0.015044534382425923,2,-1,Restricted,Restricted
T006,2025-09-08 11:26:00,18.511690539057195,73.84815875817569,Safe,Lal Mahal,72.8,Good,Normal,11,26,-0.0008414349332852566,0.00040903218453536283,2,-1,Restricted,Restricted
T006,2025-09-08 11:26:30,18.528596275637245,73.853458699227,Restricted,Lal Mahal,85.42,Poor,Normal,11,26,0.01690573658004979,0.005299941051319479,1,-1,Restricted,Restricted
T006,2025-09-08 11:27:00,18.52580316723063,73.85055173817803,High-Risk,Pataleshwar Caves,77.8,Good,Normal,11,27,-0.0027931084066139533,-0.0029069610489784736,0,-1,Restricted,Restricted
T006,2025-09-08 11:27:30,18.52307278172661,73.85394441525963,Safe,Sinhagad Fort,83.47,Good,Normal,11,27,-0.0027303855040194946,0.003392677081606621,2,-1,Restricted,Restricted
T006,2025-09-08 11:28:00,18.527855041855208,73.84780006998197,Safe,Pataleshwar Caves,86.98,Good,Normal,11,28,0.004782260128596505,-0.0061443452776615,2,-1,Restricted,Restricted
T006,2025-09-08 11:28:30,18.51242639967547,73.8645322543705,Safe,Sinhagad Fort,85.2,Good,Normal,11,28,-0.015428642179738716,0.016732184388530413,2,-1,Restricted,Restricted
T006,2025-09-08 11:29:00,18.52546793480041,73.8576331640752,Safe,Sinhagad Fort,72.23,Good,Normal,11,29,0.013041535124941106,-0.0068990902953061095,2,-1,Restricted,Restricted
T006,2025-09-08 11:29:30,18.51071892036285,73.8476453677985,Safe,Pataleshwar Caves,86.99,Lost,Normal,11,29,-0.014749014437558827,-0.009987796276689664,2,-1,Restricted,Restricted
T006,2025-09-08 11:30:00,18.514753818880127,73.85506566532811,Safe,Pataleshwar Caves,78.22,Good,Normal,11,30,0.004034898517275565,0.007420297529606046,2,-1,Restricted,Restricted
T006,2025-09-08 11:30:30,18.516287172129317,73.85784689843832,High-Risk,Sinhagad Fort,84.27,Good,Normal,11,30,0.001533353249190128,0.002781233110212611,0,-1,Restricted,Restricted
T006,2025-09-08 11:31:00,18.517152444165877,73.85232574445075,Safe,Sinhagad Fort,73.05,Poor,Normal,11,31,0.0008652720365596167,-0.005521153987572802,2,-1,Restricted,Restricted
T006,2025-09-08 11:31:30,18.53020785239104,73.86461583439579,Safe,Pataleshwar Caves,71.94,Good,Normal,11,31,0.01305540822516349,0.012290089945039995,2,-1,Restricted,Restricted
T006,2025-09-08 11:32:00,18.51217046702647,73.86626024397675,Safe,Shaniwar Wada,79.79,Poor,Normal,11,32,-0.01803738536457189,0.001644409580961792,2,-1,Restricted,Restricted
T006,2025-09-08 11:32:30,18.53023958517998,73.85605353217953,Safe,Shaniwar Wada,89.65,Good,Normal,11,32,0.01806911815351242,-0.010206711797223988,2,-1,Restricted,Restricted
T006,2025-09-08 11:33:00,18.52780141910462,73.85053213649215,Safe,Lal Mahal,72.11,Good,Normal,11,33,-0.002438166075361181,-0.005521395687381414,2,-1,Restricted,Restricted
T006,2025-09-08 11:33:30,18.511866382444342,73.84700495667163,Safe,Pataleshwar Caves,67.79,Lost,Normal,11,33,-0.01593503666027729,-0.0035271798205229743,2,-1,Restricted,Restricted
T006,2025-09-08 11:34:00,18.519973136115176,73.85845058429517,Safe,Pataleshwar Caves,80.21,Good,Normal,11,34,0.00810675367083391,0.011445627623544397,2,-1,Restricted,Safe
T006,2025-09-08 11:34:30,18.520044526969784,73.86413164215081,Safe,Aga Khan Palace,82.04,Poor,Normal,11,34,7.139085460750039e-05,0.0056810578556394375,2,86,Safe,Restricted
T006,2025-09-08 11:35:00,18.525466410259234,73.86651966090747,High-Risk,Lal Mahal,63.67,Good,Normal,11,35,0.005421883289450591,0.002388018756661836,0,-1,Restricted,Restricted
T006,2025-09-08 11:35:30,18.524357242802,73.86328032588261,Safe,Aga Khan Palace,71.7,Poor,Normal,11,35,-0.0011091674572334398,-0.003239335024858292,2,-1,Restricted,Safe
T006,2025-09-08 11:36:00,18.519969574557503,73.86100079553127,Safe,Lal Mahal,78.04,Poor,Normal,11,36,-0.0043876682444974335,-0.0022795303513447607,2,87,Safe,Restricted
T006,2025-09-08 11:36:30,18.52103699858694,73.85861383864,Safe,Pataleshwar Caves,85.22,Good,Normal,11,36,0.0010674240294363813,-0.002386956891271552,2,-1,Restricted,Restricted
T006,2025-09-08 11:37:00,18.51258362722287,73.85517439409756,Safe,Pataleshwar Caves,76.63,Good,Normal,11,37,-0.00845337136406954,-0.0034394445424368314,2,-1,Restricted,Restricted
T006,2025-09-08 11:37:30,18.51622593062162,73.85497818598246,Safe,Lal Mahal,82.85,Good,Normal,11,37,0.003642303398748936,-0.00019620811509923897,2,-1,Restricted,Restricted
T006,2025-09-08 11:38:00,18.51294022232074,73.85016315242518,Safe,Lal Mahal,82.46,Lost,Normal,11,38,-0.0032857083008792642,-0.004815033557278525,2,-1,Restricted,Restricted
T006,2025-09-08 11:38:30,18.51992545903793,73.86480737326261,Safe,Aga Khan Palace,84.8,Poor,Normal,11,38,0.0069852367171883145,0.014644220837425337,2,-1,Restricted,Restricted
T006,2025-09-08 11:39:00,18.52505278389457,73.85609554365226,Safe,Pataleshwar Caves,66.95,Good,Normal,11,39,0.0051273248566410246,-0.008711829610348332,2,-1,Restricted,Restricted
T006,2025-09-08 11:39:30,18.527517192034036,73.86434909611721,Safe,Sinhagad Fort,63.76,Poor,Normal,11,39,0.0024644081394669115,0.008253552464950076,2,-1,Restricted,Restricted
T007,2025-09-08 10:00:00,18.5174564171572,73.852298417691,Safe,Sinhagad Fort,100.0,Good,Normal,10,0,-0.010060774876837542,-0.012050678426206218,2,-1,Restricted,Safe
T007,2025-09-08 10:00:30,18.524462207347376,73.85033985405404,Safe,Lal Mahal,99.94,Good,Normal,10,0,0.007005790190177663,-0.0019585636369612303,2,117,Safe,Restricted
T007,2025-09-08 10:01:00,18.522728515323564,73.85992453616086,Safe,Shaniwar Wada,99.75,Good,Normal,10,1,-0.0017336920238122389,0.009584682106819287,2,-1,Restricted,Restricted
T007,2025-09-08 10:01:30,18.518705498983905,73.8666836947752,Safe,Aga Khan Palace,99.83,Good,Normal,10,1,-0.004023016339658625,0.006759158614343619,2,-1,Restricted,Restricted
T007,2025-09-08 10:02:00,18.514665126131156,73.85075288112003,Safe,Sinhagad Fort,99.79,Lost,Normal,10,2,-0.004040372852749385,-0.015930813655174347,2,-1,Restricted,Restricted
T007,2025-09-08 10:02:30,18.53011175657876,73.8616973068265,Safe,Lal Mahal,99.63,Good,Normal,10,2,0.015446630447602416,0.010944425706469474,2,-1,Restricted,Restricted
T007,2025-09-08 10:03:00,18.52695159654773,73.85156601929653,Safe,Pataleshwar Caves,99.36,Good,Normal,10,3,-0.0031601600310295908,-0.01013128752997261,2,-1,Restricted,Restricted
T007,2025-09-08 10:03:30,18.523830711063493,73.84888654474487,Safe,Lal Mahal,98.87,Good,Normal,10,3,-0.003120885484236169,-0.002679474551655403,2,-1,Restricted,Restricted
T007,2025-09-08 10:04:00,18.522010278092747,73.86356938824144,High-Risk,Aga Khan Palace,99.08,Poor,Normal,10,4,-0.0018204329707458555,0.014682843496572673,0,-1,Restricted,Restricted
T007,2025-09-08 10:04:30,18.513843461311552,73.85724382924136,Safe,Shaniwar Wada,98.47,Good,Normal,10,4,-0.008166816781194797,-0.0063255590000892425,2,-1,Restricted,Restricted
T007,2025-09-08 10:05:00,18.53013148298067,73.86121837874228,High-Risk,Sinhagad Fort,98.21,Poor,Normal,10,5,0.016288021669119246,0.00397454950092424,0,-1,Restricted,Restricted
T007,2025-09-08 10:05:30,18.52563752688101,73.86173406084994,Safe,Sinhagad Fort,99.4,Poor,Normal,10,5,-0.0044939560996617445,0.000515682107661064,2,-1,Restricted,Restricted
T007,2025-09-08 10:06:00,18.521089986454804,73.84805981180925,Restricted,Sinhagad Fort,99.09,Lost,Normal,10,6,-0.004547540426205643,-0.013674249040690256,1,-1,Restricted,Safe
T007,2025-09-08 10:06:30,18.51963863568394,73.85281229101165,Safe,Shaniwar Wada,98.56,Good,Normal,10,6,-0.0014513507708642237,0.004752479202394966,2,33,Safe,Restricted
T007,2025-09-08 10:07:00,18.52440502153265,73.85706072652775,Safe,Aga Khan Palace,98.03,Good,Normal,10,7,0.004766385848711252,0.004248435516103655,2,-1,Restricted,High-Risk
T007,2025-09-08 10:07:30,18.526423113107978,73.86393945676217,High-Risk,Shaniwar Wada,98.24,Good,Normal,10,7,0.0020180915753265083,0.006878730234419095,0,32,High-Risk,Restricted
T007,2025-09-08 10:08:00,18.51772119137356,73.84921678379573,High-Risk,Pataleshwar Caves,97.23,Good,Normal,10,8,-0.008701921734417084,-0.014722672966442474,0,-1,Restricted,Restricted
T007,2025-09-08 10:08:30,18.525728184098845,73.85753647794967,Safe,Pataleshwar Caves,96.7,Good,Normal,10,8,0.008006992725285045,0.00831969415393985,2,-1,Restricted,Safe
T007,2025-09-08 10:09:00,18.51202561460083,73.86252693518857,Safe,Shaniwar Wada,97.57,Lost,Normal,10,9,-0.013702569498015293,0.0049904572389039,2,16,Safe,Restricted
T007,2025-09-08 10:09:30,18.51711792056043,73.85151646152,Restricted,Shaniwar Wada,98.45,Good,Normal,10,9,0.005092305959600196,-0.011010473668562781,1,-1,Restricted,Restricted
T007,2025-09-08 10:10:00,18.52804322425404,73.85371899811734,High-Risk,Shaniwar Wada,97.6,Good,Normal,10,10,0.010925303693611,0.002202536597337712,0,-1,Restricted,Restricted
T007,2025-09-08 10:10:30,18.511993011278363,73.86123123007314,Restricted,Pataleshwar Caves,96.73,Good,Normal,10,10,-0.01605021297567788,0.00751223195580053,1,-1,Restricted,Restricted
T007,2025-09-08 10:11:00,18.524211225013968,73.86548684947412,Restricted,Lal Mahal,96.71,Lost,Normal,10,11,0.012218213735604166,0.0042556194009790715,1,-1,Restricted,Restricted
T007,2025-09-08 10:11:30,18.512943563343097,73.86372106839525,Safe,Lal Mahal,98.58,Poor,Normal,10,11,-0.01126766167087112,-0.001765781078873374,2,-1,Restricted,Safe
T007,2025-09-08 10:12:00,18.523511121520077,73.8514959776615,Safe,Aga Khan Palace,96.95,Good,Normal,10,12,0.010567558176980185,-0.012225090733750221,2,2,Safe,Restricted
T007,2025-09-08 10:12:30,18.52455304844553,73.84719838979336,Safe,Sinhagad Fort,97.96,Poor,Normal,10,12,0.0010419269254526853,-0.004297587868137498,2,-1,Restricted,Restricted
T007,2025-09-08 10:13:00,18.51556483143839,73.86644463473063,High-Risk,Shaniwar Wada,94.85,Good,Normal,10,13,-0.00898821700713981,0.019246244937264123,0,-1,Restricted,Safe
T007,2025-09-08 10:13:30,18.51416934973631,73.86180698289746,Safe,Shaniwar Wada,98.62,Poor,Normal,10,13,-0.0013954817020795929,-0.004637651833164114,2,108,Safe,Safe
T007,2025-09-08 10:14:00,18.51697292120133,73.8539676861967,Safe,Pataleshwar Caves,94.45,Good,Normal,10,14,0.0028035714650194166,-0.007839296700765885,2,70,Safe,Restricted
T007,2025-09-08 10:14:30,18.51634100980825,73.85353483795163,Safe,Lal Mahal,97.68,Poor,Normal,10,14,-0.0006319113930786102,-0.0004328482450688398,2,-1,Restricted,Safe
T007,2025-09-08 10:15:00,18.522523965124424,73.84862844499843,Safe,Shaniwar Wada,97.31,Good,Normal,10,15,0.006182955316173633,-0.004906392953202499,2,71,Safe,Restricted
T007,2025-09-08 10:15:30,18.52049998926101,73.86176454594876,High-Risk,Shaniwar Wada,97.95,Good,Normal,10,15,-0.002023975863416183,0.013136100950333685,0,-1,Restricted,Restricted
T007,2025-09-08 10:16:00,18.52464061784562,73.8508623870538,Safe,Pataleshwar Caves,93.66,Good,Normal,10,16,0.004140628584611505,-0.010902158894964487,2,-1,Restricted,Restricted
T007,2025-09-08 10:16:30,18.52509372605637,73.85738092425163,High-Risk,Lal Mahal,94.2,Good,Normal,10,16,0.0004531082107490647,0.006518537197834462,0,-1,Restricted,Restricted
T007,2025-09-08 10:17:00,18.520998048433555,73.86528946786039,Safe,Sinhagad Fort,96.53,Good,Normal,10,17,-0.004095677622814264,0.007908543608763807,2,-1,Restricted,Restricted
T007,2025-09-08 10:17:30,18.516958873490925,73.85038918962961,Safe,Aga Khan Palace,96.58,Good,Normal,10,17,-0.004039174942629842,-0.014900278230783215,2,-1,Restricted,Restricted
T007,2025-09-08 10:18:00,18.514682264835898,73.85492915902697,Safe,Sinhagad Fort,96.13,Good,Normal,10,18,-0.0022766086550269904,0.004539969397356458,2,-1,Restricted,Restricted
T007,2025-09-08 10:18:30,18.517338617063235,73.8663295532009,High-Risk,Pataleshwar Caves,98.14,Poor,Normal,10,18,0.0026563522273370666,0.011400394173932682,0,-1,Restricted,Restricted
T007,2025-09-08 10:19:00,18.51121790106536,73.85363749094839,Safe,Shaniwar Wada,93.75,Good,Normal,10,19,-0.00612071599787356,-0.01269206225251196,2,-1,Restricted,Restricted
T007,2025-09-08 10:19:30,18.519457476796603,73.86227711912483,Safe,Pataleshwar Caves,97.25,Good,Normal,10,19,0.0082395757312419,0.008639628176439373,2,-1,Restricted,Restricted
T007,2025-09-08 10:20:00,18.530190965477345,73.85629152230835,Safe,Shaniwar Wada,95.46,Good,Normal,10,20,0.010733488680742198,-0.005985596816472594,2,-1,Restricted,Restricted
T007,2025-09-08 10:20:30,18.515246589796085,73.85058415790384,Safe,Aga Khan Palace,96.35,Good,Normal,10,20,-0.014944375681260169,-0.005707364404514692,2,-1,Restricted,Restricted
T007,2025-09-08 10:21:00,18.5118781406721,73.85234361126913,Safe,Lal Mahal,93.49,Poor,Normal,10,21,-0.0033684491239860392,0.0017594533652953714,2,-1,Restricted,Restricted
T007,2025-09-08 10:21:30,18.529403396302808,73.86317348458478,Safe,Pataleshwar Caves,94.28,Poor,Normal,10,21,0.017525255630708614,0.010829873315643113,2,-1,Restricted,Restricted
T007,2025-09-08 10:22:00,18.51529105975602,73.85139002899481,High-Risk,Pataleshwar Caves,94.3,Good,Normal,10,22,-0.014112336546787674,-0.01178345558996341,0,-1,Restricted,Restricted
T007,2025-09-08 10:22:30,18.52154326487381,73.85755732995798,High-Risk,Aga Khan Palace,91.24,Good,Normal,10,22,0.0062522051177893445,0.006167300963170419,0,-1,Restricted,Safe
T007,2025-09-08 10:23:00,18.516622854710537,73.85284234717807,Safe,Aga Khan Palace,95.04,Good,Normal,10,23,-0.004920410163272493,-0.004714982779915999,2,6,Safe,Restricted
T007,2025-09-08 10:23:30,18.51225540159062,73.86005451096682,Safe,Shaniwar Wada,91.83,Good,Normal,10,23,-0.0043674531199151545,0.0072121637887505585,2,-1,Restricted,Restricted
T007,2025-09-08 10:24:00,18.518342208537025,73.86082156294307,Restricted,Aga Khan Palace,93.66,Good,Normal,10,24,0.006086806946402845,0.0007670519762541517,1,-1,Restricted,Restricted
T007,2025-09-08 10:24:30,18.52752735611084,73.8565251605283,Safe,Pataleshwar Caves,90.8,Poor,Normal,10,24,0.009185147573816721,-0.004296402414766476,2,-1,Restricted,Safe
T007,2025-09-08 10:25:00,18.52880750403856,73.8592273250529,Safe,Lal Mahal,91.51,Good,Normal,10,25,0.001280147927719355,0.0027021645245923764,2,119,Safe,Restricted
T007,2025-09-08 10:25:30,18.52000310654908,73.85257758001053,Safe,Shaniwar Wada,94.26,Good,Normal,10,25,-0.00880439748948092,-0.006649745042366817,2,-1,Restricted,Restricted
T007,2025-09-08 10:26:00,18.52501992550121,73.84825459597269,High-Risk,Sinhagad Fort,95.06,Good,Normal,10,26,0.005016818952128688,-0.004322984037841593,0,-1,Restricted,Restricted
T007,2025-09-08 10:26:30,18.524725578980643,73.85479194953257,Safe,Shaniwar Wada,91.02,Good,Normal,10,26,-0.0002943465205653695,0.006537353559878056,2,-1,Restricted,Restricted
T007,2025-09-08 10:27:00,18.525012969503177,73.86514105457049,Safe,Lal Mahal,96.61,Poor,Normal,10,27,0.00028739052253357045,0.010349105037917639,2,-1,Restricted,Restricted
T007,2025-09-08 10:27:30,18.5229605364083,73.85551622587623,Safe,Pataleshwar Caves,94.95,Good,Normal,10,27,-0.0020524330948781255,-0.009624828694256848,2,-1,Restricted,Safe
T007,2025-09-08 10:28:00,18.51656864128159,73.8545305394003,Safe,Pataleshwar Caves,92.89,Good,Normal,10,28,-0.006391895126707681,-0.00098568647592856,2,38,Safe,Safe
T007,2025-09-08 10:28:30,18.52934429691023,73.85625872419678,Safe,Shaniwar Wada,96.21,Good,Normal,10,28,0.012775655628640692,0.0017281847964767394,2,5,Safe,Restricted
T007,2025-09-08 10:29:00,18.5215131692427,73.86108552015214,Safe,Lal Mahal,90.3,Good,Normal,10,29,-0.007831127667532911,0.004826795955366947,2,-1,Restricted,Restricted
T007,2025-09-08 10:29:30,18.51698753100152,73.84797246826376,High-Risk,Aga Khan Palace,91.82,Poor,Normal,10,29,-0.004525638241180019,-0.013113051888382188,0,-1,Restricted,Restricted
T007,2025-09-08 10:30:00,18.519794871519395,73.85693167006073,Safe,Shaniwar Wada,96.31,Good,Normal,10,30,0.0028073405178759003,0.008959201796969296,2,-1,Restricted,Restricted
T007,2025-09-08 10:30:30,18.52263099099299,73.85712472628991,Safe,Pataleshwar Caves,96.08,Poor,Normal,10,30,0.002836119473595744,0.00019305622917897836,2,-1,Restricted,Restricted
T007,2025-09-08 10:31:00,18.525354692393247,73.85037532232172,High-Risk,Aga Khan Palace,94.58,Good,Normal,10,31,0.002723701400256573,-0.0067494039681861295,0,-1,Restricted,Restricted
T007,2025-09-08 10:31:30,18.517992499769697,73.85227097806003,Safe,Sinhagad Fort,95.19,Good,Normal,10,31,-0.007362192623549646,0.0018956557383091877,2,-1,Restricted,Restricted
T007,2025-09-08 10:32:00,18.52829517874177,73.8567914862328,Safe,Pataleshwar Caves,94.85,Good,Normal,10,32,0.010302678972074375,0.004520508172760174,2,-1,Restricted,Safe
T007,2025-09-08 10:32:30,18.52390909504023,73.86461105310494,Safe,Aga Khan Palace,91.44,Lost,Normal,10,32,-0.004386083701540144,0.007819566872143469,2,72,Safe,Restricted
T007,2025-09-08 10:33:00,18.51892973496558,73.86298026388066,Safe,Aga Khan Palace,90.51,Good,Normal,10,33,-0.004979360074649719,-0.0016307892242792832,2,-1,Restricted,Restricted
T007,2025-09-08 10:33:30,18.51249292976592,73.85243753448269,High-Risk,Lal Mahal,91.84,Good,Normal,10,33,-0.006436805199662388,-0.010542729397968742,0,-1,Restricted,Restricted
T007,2025-09-08 10:34:00,18.525084673851342,73.85132913378325,Restricted,Shaniwar Wada,95.14,Good,Normal,10,34,0.012591744085423073,-0.0011084006994366291,1,-1,Restricted,Safe
T007,2025-09-08 10:34:30,18.521752030518417,73.84964955594013,Safe,Lal Mahal,95.55,Good,Normal,10,34,-0.003332643332925045,-0.001679577843120228,2,26,Safe,Restricted
T007,2025-09-08 10:35:00,18.511588479687088,73.8636722400428,Safe,Shaniwar Wada,89.88,Good,Normal,10,35,-0.01016355083132936,0.014022684102670269,2,-1,Restricted,Restricted
T007,2025-09-08 10:35:30,18.529395668448757,73.85353714581893,Safe,Sinhagad Fort,91.77,Good,Normal,10,35,0.01780718876166887,-0.0101350942238696,2,-1,Restricted,Restricted
T007,2025-09-08 10:36:00,18.52571283973624,73.85835375754678,Safe,Sinhagad Fort,89.07,Good,Normal,10,36,-0.0036828287125167947,0.0048166117278469756,2,-1,Restricted,Safe
T007,2025-09-08 10:36:30,18.51632420140896,73.85495485373058,Safe,Sinhagad Fort,86.59,Good,Normal,10,36,-0.009388638327280319,-0.003398903816204779,2,73,Safe,Restricted
T007,2025-09-08 10:37:00,18.510947759540308,73.86396096174838,Safe,Sinhagad Fort,95.07,Poor,Normal,10,37,-0.005376441868651938,0.00900610801780033,2,-1,Restricted,Restricted
T007,2025-09-08 10:37:30,18.52672771401917,73.851802545881,Safe,Sinhagad Fort,86.87,Good,Normal,10,37,0.01577995447886238,-0.012158415867375538,2,-1,Restricted,Restricted
T007,2025-09-08 10:38:00,18.51371511653037,73.86121930056964,High-Risk,Pataleshwar Caves,92.52,Good,Normal,10,38,-0.013012597488799571,0.009416754688643891,0,-1,Restricted,Safe
T007,2025-09-08 10:38:30,18.522819494728683,73.85012027791514,Safe,Pataleshwar Caves,84.67,Good,Normal,10,38,0.009104378198312446,-0.011099022654505575,2,9,Safe,Restricted
T007,2025-09-08 10:39:00,18.524519551960964,73.86284495924883,High-Risk,Pataleshwar Caves,93.64,Good,Normal,10,39,0.0017000572322807272,0.012724681333693866,0,-1,Restricted,Restricted
T007,2025-09-08 10:39:30,18.522571052742027,73.85078191812455,Safe,Pataleshwar Caves,93.34,Good,Normal,10,39,-0.0019484992189369166,-0.012063041124278584,2,-1,Restricted,Restricted
T007,2025-09-08 10:40:00,18.517634705875,73.85256926096261,Safe,Lal Mahal,87.04,Poor,Normal,10,40,-0.0049363468670264865,0.0017873428380568157,2,-1,Restricted,Safe
T007,2025-09-08 10:40:30,18.51732090393686,73.8620119918186,Safe,Aga Khan Palace,87.37,Good,Normal,10,40,-0.00031380193814101176,0.009442730855994341,2,92,Safe,Safe
T007,2025-09-08 10:41:00,18.52588280463098,73.84772655986579,Safe,Shaniwar Wada,86.76,Lost,Normal,10,41,0.008561900694122215,-0.014285431952814065,2,22,Safe,Restricted
T007,2025-09-08 10:41:30,18.51247398725969,73.85797942206129,High-Risk,Aga Khan Palace,88.62,Poor,Normal,10,41,-0.013408817371292514,0.010252862195500256,0,-1,Restricted,Safe
T007,2025-09-08 10:42:00,18.51656517124036,73.86127855957842,Safe,Aga Khan Palace,90.5,Good,Normal,10,42,0.004091183980669655,0.003299137517132067,2,12,Safe,Restricted
T007,2025-09-08 10:42:30,18.51576537323545,73.85198609222199,Safe,Aga Khan Palace,84.85,Good,Normal,10,42,-0.0007997980049090359,-0.009292467356431189,2,-1,Restricted,Restricted
T007,2025-09-08 10:43:00,18.523888937979308,73.85636395251912,Safe,Aga Khan Palace,89.61,Poor,Normal,10,43,0.008123564743858225,0.004377860297125835,2,-1,Restricted,Restricted
T007,2025-09-08 10:43:30,18.51353972781791,73.85086687656641,Restricted,Sinhagad Fort,95.27,Good,Normal,10,43,-0.010349210161397338,-0.005497075952703767,1,-1,Restricted,Restricted
T007,2025-09-08 10:44:00,18.530230652749765,73.84980337928279,Restricted,Pataleshwar Caves,84.78,Good,Normal,10,44,0.016690924931854312,-0.001063497283624315,1,-1,Restricted,Safe
T007,2025-09-08 10:44:30,18.51832074052201,73.8597708690883,Safe,Shaniwar Wada,91.99,Good,Normal,10,44,-0.01190991222775395,0.009967489805504215,2,116,Safe,Restricted
T007,2025-09-08 10:45:00,18.52045544722521,73.85844317652204,Safe,Shaniwar Wada,90.3,Good,Normal,10,45,0.0021347067031989297,-0.0013276925662495387,2,-1,Restricted,Safe
T007,2025-09-08 10:45:30,18.525865174642345,73.85612048453294,Safe,Aga Khan Palace,88.0,Good,Normal,10,45,0.0054097274171347465,-0.002322691989107284,2,83,Safe,Restricted
T007,2025-09-08 10:46:00,18.529050302129,73.8622683628354,Safe,Sinhagad Fort,94.74,Good,Normal,10,46,0.003185127486656114,0.006147878302456888,2,-1,Restricted,Restricted
T007,2025-09-08 10:46:30,18.51087939998804,73.85238547438956,Safe,Lal Mahal,82.05,Good,Normal,10,46,-0.018170902140962397,-0.009882888445829963,2,-1,Restricted,Restricted
T007,2025-09-08 10:47:00,18.510482856822303,73.85902829140666,Safe,Shaniwar Wada,88.37,Good,Normal,10,47,-0.00039654316573489723,0.006642817017095126,2,-1,Restricted,Restricted
T007,2025-09-08 10:47:30,18.52602384226757,73.86556992946916,Safe,Sinhagad Fort,90.09,Poor,Normal,10,47,0.015540985445266386,0.006541638062500965,2,-1,Restricted,Restricted
T007,2025-09-08 10:48:00,18.527506545990573,73.86109811760181,High-Risk,Shaniwar Wada,81.8,Poor,Normal,10,48,0.0014827037230027429,-0.004471811867347242,0,-1,Restricted,Restricted
T007,2025-09-08 10:48:30,18.51883893222102,73.86443352127982,Restricted,Sinhagad Fort,90.5,Good,Normal,10,48,-0.008667613769553384,0.0033354036780082197,1,-1,Restricted,Restricted
T007,2025-09-08 10:49:00,18.52535510902477,73.86094714874964,Safe,Sinhagad Fort,89.79,Lost,Normal,10,49,0.006516176803749829,-0.0034863725301761406,2,-1,Restricted,Restricted
T007,2025-09-08 10:49:30,18.51093484680029,73.86267106790731,Safe,Sinhagad Fort,88.71,Poor,Normal,10,49,-0.014420262224479785,0.0017239191576692292,2,-1,Restricted,Restricted
T007,2025-09-08 10:50:00,18.522282784979986,73.85347351991467,High-Risk,Lal Mahal,80.33,Good,Normal,10,50,0.01134793817969637,-0.00919754799264183,0,-1,Restricted,Restricted
T007,2025-09-08 10:50:30,18.518164481745004,73.84845783556895,Restricted,Aga Khan Palace,80.73,Poor,Normal,10,50,-0.004118303234982079,-0.005015684345721638,1,-1,Restricted,Safe
T007,2025-09-08 10:51:00,18.51371077129,73.84930367453902,Safe,Lal Mahal,87.79,Good,Normal,10,51,-0.00445371045500309,0.0008458389700649604,2,74,Safe,Safe
T007,2025-09-08 10:51:30,18.524265090405063,73.8656713975177,Safe,Lal Mahal,87.48,Good,Normal,10,51,0.010554319115062327,0.016367722978685606,2,67,Safe,Safe
T007,2025-09-08 10:52:00,18.51297947583095,73.85872886259976,Safe,Shaniwar Wada,90.4,Good,Normal,10,52,-0.011285614574113367,-0.0069425349179397244,2,75,Safe,Safe
T007,2025-09-08 10:52:30,18.52766239558535,73.8617733885753,Safe,Shaniwar Wada,86.73,Good,Normal,10,52,0.014682919754399393,0.0030445259755396137,2,13,Safe,Restricted
T007,2025-09-08 10:53:00,18.519738384433683,73.85425371779958,Safe,Sinhagad Fort,79.19,Good,Normal,10,53,-0.007924011151665411,-0.007519670775721465,2,-1,Restricted,Safe
T007,2025-09-08 10:53:30,18.515561422164247,73.86552022013149,Safe,Lal Mahal,80.38,Poor,Normal,10,53,-0.004176962269436757,0.011266502331906736,2,23,Safe,Safe
T007,2025-09-08 10:54:00,18.521786149081024,73.85536872051867,Safe,Pataleshwar Caves,78.98,Good,Normal,10,54,0.006224726916777001,-0.01015149961281736,2,105,Safe,Safe
T007,2025-09-08 10:54:30,18.51179932661577,73.85652732959392,Safe,Aga Khan Palace,81.38,Good,Normal,10,54,-0.009986822465254619,0.001158609075247341,2,43,Safe,High-Risk
T007,2025-09-08 10:55:00,18.51155358236912,73.84895562389495,High-Risk,Aga Khan Palace,87.06,Good,Normal,10,55,-0.0002457442466479165,-0.0075717056989645926,0,57,High-Risk,Restricted
T007,2025-09-08 10:55:30,18.5276864149736,73.86659288465685,Safe,Lal Mahal,86.56,Poor,Normal,10,55,0.016132832604480285,0.01763726076190153,2,-1,Restricted,Restricted
T007,2025-09-08 10:56:00,18.52349702665723,73.85293952362534,Safe,Shaniwar Wada,94.17,Good,Normal,10,56,-0.004189388316373055,-0.013653361031515487,2,-1,Restricted,Restricted
T007,2025-09-08 10:56:30,18.520796007292432,73.86482661333812,Safe,Sinhagad Fort,82.32,Good,Normal,10,56,-0.0027010193647960534,0.011887089712786292,2,-1,Restricted,Restricted
T007,2025-09-08 10:57:00,18.525900006385264,73.85793621573364,High-Risk,Aga Khan Palace,84.42,Lost,Normal,10,57,0.005103999092831657,-0.0068903976044794035,0,-1,Restricted,Restricted
T007,2025-09-08 10:57:30,18.513984069438862,73.85151940640083,Safe,Aga Khan Palace,79.62,Poor,Normal,10,57,-0.011915936946401473,-0.006416809332819184,2,-1,Restricted,Safe
T007,2025-09-08 10:58:00,18.51904023411616,73.86548059098105,Safe,Pataleshwar Caves,92.12,Poor,Normal,10,58,0.00505616467729908,0.013961184580224995,2,68,Safe,Restricted
T008,2025-09-08 10:00:00,18.51450350008077,73.84804812540962,High-Risk,Pataleshwar Caves,100.0,Poor,Normal,10,0,-0.004536734035390566,-0.01743246557143152,0,-1,Restricted,Restricted
T008,2025-09-08 10:00:30,18.525970057673835,73.85409000613348,Restricted,Pataleshwar Caves,99.95,Good,Normal,10,0,0.011466557593063698,0.006041880723856252,1,-1,Restricted,Restricted
T008,2025-09-08 10:01:00,18.5275187416087,73.85493037235398,Safe,Aga Khan Palace,99.64,Good,Normal,10,1,0.0015486839348639592,0.0008403662205012097,2,-1,Restricted,Restricted
T008,2025-09-08 10:01:30,18.520728677179527,73.85615302199348,Safe,Sinhagad Fort,99.51,Good,Normal,10,1,-0.006790064429171849,0.001222649639501583,2,-1,Restricted,Restricted
T008,2025-09-08 10:02:00,18.527319959807556,73.8653744962576,Safe,Lal Mahal,99.47,Lost,Normal,10,2,0.00659128262802966,0.00922147426412323,2,-1,Restricted,Restricted
T008,2025-09-08 10:02:30,18.51852741273261,73.8559281448316,Safe,Lal Mahal,99.62,Good,Normal,10,2,-0.00879254707494681,-0.009446351426007027,2,-1,Restricted,Safe
T008,2025-09-08 10:03:00,18.523960051879985,73.86217746385124,Safe,Lal Mahal,98.86,Good,Normal,10,3,0.005432639147375795,0.006249319019644872,2,50,Safe,High-Risk
T008,2025-09-08 10:03:30,18.51664437428133,73.85218249043717,High-Risk,Shaniwar Wada,99.24,Good,Normal,10,3,-0.007315677598654702,-0.009994973414066521,0,121,High-Risk,Restricted
T008,2025-09-08 10:04:00,18.511537159761065,73.85619765280451,Restricted,Shaniwar Wada,98.43,Good,Normal,10,4,-0.005107214520265302,0.004015162367338121,1,-1,Restricted,Restricted
T008,2025-09-08 10:04:30,18.52870865125292,73.84852516442167,Restricted,Lal Mahal,98.31,Good,Normal,10,4,0.017171491491854596,-0.007672488382837628,1,-1,Restricted,Restricted
T008,2025-09-08 10:05:00,18.52014041485452,73.86130566632794,High-Risk,Shaniwar Wada,98.12,Good,Normal,10,5,-0.008568236398399875,0.012780501906263453,0,-1,Restricted,Safe
T008,2025-09-08 10:05:30,18.52180694474861,73.85183751323902,Safe,Shaniwar Wada,99.16,Good,Normal,10,5,0.0016665298940914397,-0.009468153088917575,2,76,Safe,Safe
T008,2025-09-08 10:06:00,18.520147914155608,73.86042373791201,Safe,Sinhagad Fort,99.39,Poor,Normal,10,6,-0.001659030593003763,0.008586224672995968,2,1,Safe,Restricted
T008,2025-09-08 10:06:30,18.511184642089468,73.85525430566918,Safe,Sinhagad Fort,97.71,Good,Normal,10,6,-0.008963272066139893,-0.005169432242837502,2,-1,Restricted,Restricted
T008,2025-09-08 10:07:00,18.52510125393622,73.86374844968765,Safe,Aga Khan Palace,97.34,Poor,Normal,10,7,0.013916611846752858,0.008494144018470706,2,-1,Restricted,Restricted
T008,2025-09-08 10:07:30,18.519076435124067,73.86606488819601,Safe,Shaniwar Wada,98.73,Good,Normal,10,7,-0.006024818812154109,0.0023164385083589423,2,-1,Restricted,Restricted
T008,2025-09-08 10:08:00,18.528227279825533,73.86597531565812,Safe,Aga Khan Palace,97.25,Poor,Normal,10,8,0.009150844701466099,-8.957253788821617e-05,2,-1,Restricted,Safe
T008,2025-09-08 10:08:30,18.52672064665668,73.8626089479538,Safe,Aga Khan Palace,96.81,Poor,Normal,10,8,-0.0015066331688515788,-0.0033663677043165308,2,35,Safe,Restricted
T008,2025-09-08 10:09:00,18.530105384943692,73.86328506649103,Safe,Shaniwar Wada,97.16,Good,Normal,10,9,0.0033847382870106912,0.0006761185372283762,2,-1,Restricted,Safe
T008,2025-09-08 10:09:30,18.5205007099309,73.85870635710643,Safe,Lal Mahal,98.41,Poor,Normal,10,9,-0.00960467501279183,-0.00457870938460303,2,77,Safe,High-Risk
T008,2025-09-08 10:10:00,18.527082049375377,73.86508180417441,High-Risk,Pataleshwar Caves,96.4,Poor,Normal,10,10,0.006581339444476697,0.006375447067981099,0,32,High-Risk,Restricted
T008,2025-09-08 10:10:30,18.529010335541297,73.85465272368295,Safe,Aga Khan Palace,98.82,Good,Normal,10,10,0.0019282861659206674,-0.010429080491462628,2,-1,Restricted,Restricted
T008,2025-09-08 10:11:00,18.527219914765062,73.85938627954398,Restricted,Pataleshwar Caves,97.02,Good,Normal,10,11,-0.0017904207762349245,0.004733555861037075,1,-1,Restricted,Safe
T008,2025-09-08 10:11:30,18.52103553138773,73.85481337191833,Safe,Shaniwar Wada,98.0,Good,Normal,10,11,-0.00618438337733096,-0.004572907625657763,2,18,Safe,Restricted
T008,2025-09-08 10:12:00,18.52243546277388,73.85199365511801,High-Risk,Shaniwar Wada,98.26,Good,Normal,10,12,0.0013999313861496887,-0.002819716800317451,0,-1,Restricted,Restricted
T008,2025-09-08 10:12:30,18.528427004276256,73.86657868019216,Safe,Pataleshwar Caves,98.08,Poor,Normal,10,12,0.005991541502375242,0.0145850250741546,2,-1,Restricted,Restricted
T008,2025-09-08 10:13:00,18.517564831584508,73.86017302551781,Safe,Lal Mahal,97.95,Good,Normal,10,13,-0.010862172691748384,-0.006405654674352945,2,-1,Restricted,Restricted
T008,2025-09-08 10:13:30,18.51463582969626,73.8572221367334,Restricted,Lal Mahal,97.94,Good,Normal,10,13,-0.0029290018882477398,-0.0029508887844116316,1,-1,Restricted,Restricted
T008,2025-09-08 10:14:00,18.51225468457334,73.84710056126418,Restricted,Lal Mahal,95.11,Good,Normal,10,14,-0.0023811451229214242,-0.01012157546921344,1,-1,Restricted,Restricted
T008,2025-09-08 10:14:30,18.511897388957674,73.85480011478683,Safe,Pataleshwar Caves,95.64,Good,Normal,10,14,-0.0003572956156645546,0.007699553522641622,2,-1,Restricted,Restricted
T008,2025-09-08 10:15:00,18.52518577735912,73.8621976856397,High-Risk,Pataleshwar Caves,97.68,Good,Normal,10,15,0.013288388401445417,0.007397570852873514,0,-1,Restricted,Restricted
T008,2025-09-08 10:15:30,18.5123041826146,73.85213757503492,Safe,Lal Mahal,96.69,Poor,Normal,10,15,-0.012881594744520442,-0.01006011060478329,2,-1,Restricted,Restricted
T008,2025-09-08 10:16:00,18.522469965280337,73.85782901087313,Safe,Sinhagad Fort,96.04,Lost,Normal,10,16,0.01016578266573731,0.0056914358382158525,2,-1,Restricted,Restricted
T008,2025-09-08 10:16:30,18.520092476268005,73.85452775735415,High-Risk,Aga Khan Palace,95.39,Good,Normal,10,16,-0.0023774890123320347,-0.0033012535189840264,0,-1,Restricted,Safe
T008,2025-09-08 10:17:00,18.526514805693928,73.85303786089618,Safe,Lal Mahal,95.84,Good,Normal,10,17,0.006422329425923579,-0.001489896457968598,2,37,Safe,Safe
T008,2025-09-08 10:17:30,18.51455607594565,73.85462813127167,Safe,Lal Mahal,94.36,Good,Normal,10,17,-0.011958729748279495,0.0015902703754875347,2,38,Safe,Safe
T008,2025-09-08 10:18:00,18.514881194717656,73.86028658239826,Safe,Pataleshwar Caves,96.22,Good,Normal,10,18,0.0003251187720074711,0.0056584511265924675,2,4,Safe,Safe
T008,2025-09-08 10:18:30,18.52125748369597,73.8497171519152,Safe,Aga Khan Palace,93.51,Poor,Normal,10,18,0.006376288978312772,-0.01056943048305925,2,133,Safe,Restricted
T008,2025-09-08 10:19:00,18.51044273554841,73.85050742149953,Safe,Lal Mahal,97.6,Poor,Normal,10,19,-0.010814748147559783,0.0007902695843284846,2,-1,Restricted,Restricted
T008,2025-09-08 10:19:30,18.52922790023932,73.86631959149561,Restricted,Shaniwar Wada,94.53,Good,Normal,10,19,0.01878516469091096,0.015812169996081593,1,-1,Restricted,Restricted
T008,2025-09-08 10:20:00,18.527861526450454,73.86021620653177,Safe,Pataleshwar Caves,94.62,Good,Normal,10,20,-0.0013663737888656158,-0.0061033849638363336,2,-1,Restricted,Restricted
T008,2025-09-08 10:20:30,18.525223899714018,73.86188556514428,High-Risk,Pataleshwar Caves,96.6,Good,Normal,10,20,-0.002637626736436971,0.001669358612502947,0,-1,Restricted,Restricted
T008,2025-09-08 10:21:00,18.516597971769453,73.85207772702913,High-Risk,Aga Khan Palace,97.33,Poor,Normal,10,21,-0.008625927944564182,-0.009807838115150957,0,-1,Restricted,Restricted
T008,2025-09-08 10:21:30,18.512686050528107,73.8644347836619,Restricted,Aga Khan Palace,93.02,Good,Normal,10,21,-0.003911921241346761,0.012357056632779972,1,-1,Restricted,Safe
T008,2025-09-08 10:22:00,18.519731004072284,73.85266130491912,Safe,Aga Khan Palace,91.34,Lost,Normal,10,22,0.007044953544177446,-0.011773478742782117,2,78,Safe,Restricted
T008,2025-09-08 10:22:30,18.52648331040508,73.84730940485291,Safe,Sinhagad Fort,95.73,Lost,Normal,10,22,0.00675230633279611,-0.005351900066216331,2,-1,Restricted,Safe
T008,2025-09-08 10:23:00,18.526819398488666,73.84960862990249,Safe,Aga Khan Palace,91.4,Good,Normal,10,23,0.00033608808358565057,0.0022992250495832423,2,61,Safe,Restricted
T008,2025-09-08 10:23:30,18.530292912807845,73.85764977904132,Safe,Aga Khan Palace,96.17,Lost,Normal,10,23,0.003473514319178861,0.008041149138833248,2,-1,Restricted,Restricted
T008,2025-09-08 10:24:00,18.51265814091568,73.8555001020605,Safe,Sinhagad Fort,94.25,Poor,Normal,10,24,-0.017634771892165446,-0.0021496769808209137,2,-1,Restricted,Safe
T008,2025-09-08 10:24:30,18.51425068972178,73.85255526310597,Safe,Sinhagad Fort,94.96,Good,Normal,10,24,0.0015925488061014903,-0.0029448389545336795,2,3,Safe,Restricted
T008,2025-09-08 10:25:00,18.526868520255665,73.84685583144808,Safe,Aga Khan Palace,92.02,Good,Normal,10,25,0.012617830533883989,-0.005699431657887999,2,-1,Restricted,Restricted
T008,2025-09-08 10:25:30,18.52195923869164,73.85540243707216,Safe,Pataleshwar Caves,95.53,Good,Normal,10,25,-0.0049092815640250365,0.008546605624076165,2,-1,Restricted,High-Risk
T008,2025-09-08 10:26:00,18.51054784733881,73.86366174108002,High-Risk,Pataleshwar Caves,96.19,Lost,Normal,10,26,-0.01141139135282998,0.008259304007864898,0,39,High-Risk,Safe
T008,2025-09-08 10:26:30,18.517495107610763,73.85281258714241,Safe,Shaniwar Wada,89.94,Poor,Normal,10,26,0.006947260271953581,-0.01084915393761321,2,78,Safe,Restricted
T008,2025-09-08 10:27:00,18.530356766508184,73.84819650487773,Safe,Aga Khan Palace,92.34,Good,Normal,10,27,0.01286165889742108,-0.0046160822646754696,2,-1,Restricted,Restricted
T008,2025-09-08 10:27:30,18.514787741677495,73.85041563260641,Safe,Sinhagad Fort,89.47,Good,Normal,10,27,-0.01556902483068967,0.002219127728679382,2,-1,Restricted,Restricted
T008,2025-09-08 10:28:00,18.51539118409021,73.86665913376741,Restricted,Pataleshwar Caves,92.96,Good,Normal,10,28,0.0006034424127143723,0.01624350116100004,1,-1,Restricted,Safe
T008,2025-09-08 10:28:30,18.51927278808764,73.85402883405115,Safe,Sinhagad Fort,91.28,Good,Normal,10,28,0.0038816039974314265,-0.012630299716263949,2,78,Safe,Restricted
T008,2025-09-08 10:29:00,18.51046033908237,73.86625402652699,Safe,Lal Mahal,93.88,Poor,Normal,10,29,-0.00881244900526923,0.012225192475838753,2,-1,Restricted,Restricted
T008,2025-09-08 10:29:30,18.516485977167463,73.85808763547826,High-Risk,Shaniwar Wada,89.58,Lost,Normal,10,29,0.0060256380850916,-0.00816639104873218,0,-1,Restricted,Safe
T009,2025-09-08 10:00:00,18.52614469034445,73.8475557774842,Safe,Lal Mahal,100.0,Good,Normal,10,0,0.009658713176985856,-0.010531857994052984,2,49,Safe,Restricted
T009,2025-09-08 10:00:30,18.51291469322518,73.86024286965123,Safe,Sinhagad Fort,99.93,Good,Normal,10,0,-0.013229997119267978,0.012687092167027458,2,-1,Restricted,Restricted
T009,2025-09-08 10:01:00,18.52376002312642,73.85809647180386,Safe,Pataleshwar Caves,99.88,Good,Normal,10,1,0.01084532990124032,-0.0021463978473690304,2,-1,Restricted,Restricted
T009,2025-09-08 10:01:30,18.52702911990758,73.84753636372827,Safe,Lal Mahal,99.83,Good,Normal,10,1,0.0032690967811603855,-0.010560108075594599,2,-1,Restricted,Restricted
T009,2025-09-08 10:02:00,18.52168976090876,73.85167928840018,Safe,Lal Mahal,99.25,Good,Normal,10,2,-0.005339358998821098,0.004142924671910464,2,-1,Restricted,Restricted
T009,2025-09-08 10:02:30,18.515595133675856,73.84723380478027,Safe,Sinhagad Fort,99.16,Poor,Normal,10,2,-0.00609462723290477,-0.004445483619903712,2,-1,Restricted,Restricted
T009,2025-09-08 10:03:00,18.524434322446652,73.86119964721192,High-Risk,Sinhagad Fort,99.31,Poor,Normal,10,3,0.008839188770796369,0.013965842431645115,0,-1,Restricted,Restricted
T009,2025-09-08 10:03:30,18.512620143501728,73.8605510523904,High-Risk,Shaniwar Wada,98.67,Good,Normal,10,3,-0.011814178944923981,-0.0006485948215129156,0,-1,Restricted,Restricted
T009,2025-09-08 10:04:00,18.51925791884585,73.86195211423173,High-Risk,Aga Khan Palace,99.17,Lost,Normal,10,4,0.006637775344120911,0.0014010618413209386,0,-1,Restricted,Restricted
T009,2025-09-08 10:04:30,18.529773078814305,73.85929103409637,Restricted,Aga Khan Palace,98.95,Good,Normal,10,4,0.01051515996845609,-0.0026610801353541547,1,-1,Restricted,Restricted
T009,2025-09-08 10:05:00,18.51933538782441,73.85477707561357,High-Risk,Aga Khan Palace,99.21,Good,Normal,10,5,-0.010437690989895998,-0.0045139584828035595,0,-1,Restricted,Restricted
T009,2025-09-08 10:05:30,18.521605370796976,73.84767154690391,Restricted,Lal Mahal,98.3,Lost,Normal,10,5,0.002269982972567419,-0.007105528709658415,1,-1,Restricted,Safe
T009,2025-09-08 10:06:00,18.518309102361844,73.86322728246772,Safe,Shaniwar Wada,99.23,Good,Normal,10,6,-0.003296268435132532,0.01555573556380807,2,97,Safe,Restricted
T009,2025-09-08 10:06:30,18.52434012993825,73.8590751123369,Safe,Aga Khan Palace,97.74,Lost,Normal,10,6,0.006031027576405279,-0.004152170130822697,2,-1,Restricted,Restricted
T009,2025-09-08 10:07:00,18.524810304555047,73.85895816057732,Restricted,Pataleshwar Caves,98.87,Poor,Normal,10,7,0.00047017461679743633,-0.00011695175957981974,1,-1,Restricted,Safe
T009,2025-09-08 10:07:30,18.51102285492933,73.85606686415898,Safe,Shaniwar Wada,98.25,Poor,Normal,10,7,-0.013787449625716874,-0.0028912964183405165,2,17,Safe,Restricted
T009,2025-09-08 10:08:00,18.529033546889384,73.86024777014522,Safe,Lal Mahal,99.17,Good,Normal,10,8,0.018010691960054004,0.004180905986245875,2,-1,Restricted,Safe
T009,2025-09-08 10:08:30,18.52944992652249,73.85139390431233,Safe,Sinhagad Fort,98.26,Poor,Normal,10,8,0.0004163796331049241,-0.008853865832890051,2,79,Safe,Restricted
T009,2025-09-08 10:09:00,18.51484811515384,73.84845249029388,Safe,Shaniwar Wada,97.62,Good,Normal,10,9,-0.014601811368649464,-0.0029414140184513826,2,-1,Restricted,Restricted
T009,2025-09-08 10:09:30,18.5243171000504,73.85359486149343,Safe,Shaniwar Wada,97.25,Poor,Normal,10,9,0.009468984896560784,0.005142371199553963,2,-1,Restricted,Restricted
T009,2025-09-08 10:10:00,18.515030399961788,73.85391799873382,Safe,Shaniwar Wada,97.48,Good,Normal,10,10,-0.00928670008861232,0.00032313724038601777,2,-1,Restricted,Restricted
T009,2025-09-08 10:10:30,18.51181218904941,73.8566087779172,High-Risk,Sinhagad Fort,98.04,Good,Normal,10,10,-0.0032182109123759517,0.0026907791833821193,0,-1,Restricted,Restricted
T009,2025-09-08 10:11:00,18.521224888133528,73.86012303793058,Safe,Shaniwar Wada,95.98,Good,Normal,10,11,0.009412699084116127,0.003514260013375292,2,-1,Restricted,Restricted
T009,2025-09-08 10:11:30,18.52891346700014,73.86204162063844,Safe,Sinhagad Fort,96.15,Good,Normal,10,11,0.007688578866613227,0.001918582707858718,2,-1,Restricted,Restricted
T009,2025-09-08 10:12:00,18.52416206200926,73.85546216097332,High-Risk,Pataleshwar Caves,95.3,Poor,Normal,10,12,-0.004751404990880559,-0.006579459665118748,0,-1,Restricted,Restricted
T009,2025-09-08 10:12:30,18.51200111562222,73.85697904144376,High-Risk,Aga Khan Palace,98.2,Good,Normal,10,12,-0.01216094638704135,0.0015168804704472905,0,-1,Restricted,Restricted
T009,2025-09-08 10:13:00,18.51319136811371,73.8571637644073,Safe,Sinhagad Fort,98.5,Good,Normal,10,13,0.0011902524914901846,0.00018472296353877482,2,-1,Restricted,Safe
T009,2025-09-08 10:13:30,18.51480259681972,73.85128568576432,Safe,Pataleshwar Caves,95.02,Poor,Normal,10,13,0.0016112287060110475,-0.00587807864297929,2,3,Safe,Restricted
T009,2025-09-08 10:14:00,18.513348741134823,73.86004485547812,High-Risk,Aga Khan Palace,96.59,Good,Normal,10,14,-0.0014538556848968653,0.008759169713798087,0,-1,Restricted,Restricted
T009,2025-09-08 10:14:30,18.51756339631594,73.85758331988501,Safe,Pataleshwar Caves,96.91,Good,Normal,10,14,0.004214655181115745,-0.00246153559311324,2,-1,Restricted,Restricted
T009,2025-09-08 10:15:00,18.51214922232969,73.85366381895814,Restricted,Pataleshwar Caves,94.58,Good,Normal,10,15,-0.005414173986249438,-0.003919500926869546,1,-1,Restricted,Restricted
T009,2025-09-08 10:15:30,18.52976146636364,73.85184577865257,Restricted,Pataleshwar Caves,98.41,Good,Normal,10,15,0.017612244033951896,-0.001818040305565205,1,-1,Restricted,Safe
T009,2025-09-08 10:16:00,18.51175826794813,73.8532404518673,Safe,Aga Khan Palace,96.91,Good,Normal,10,16,-0.018003198415510013,0.0013946732147189778,2,80,Safe,Restricted
T009,2025-09-08 10:16:30,18.521612005501687,73.85204961736315,Safe,Sinhagad Fort,95.22,Poor,Normal,10,16,0.009853737553555675,-0.0011908345041433677,2,-1,Restricted,Restricted
T009,2025-09-08 10:17:00,18.51903738315955,73.85283691001652,Safe,Aga Khan Palace,95.12,Good,Normal,10,17,-0.0025746223421379,0.0007872926533707414,2,-1,Restricted,Restricted
T009,2025-09-08 10:17:30,18.51215335241695,73.84964321277174,Safe,Shaniwar Wada,96.61,Good,Normal,10,17,-0.0068840307426008,-0.0031936972447823564,2,-1,Restricted,Restricted
T009,2025-09-08 10:18:00,18.53006065559549,73.84837755465102,Safe,Sinhagad Fort,97.32,Poor,Normal,10,18,0.017907303178542833,-0.0012656581207153295,2,-1,Restricted,Restricted
T009,2025-09-08 10:18:30,18.525563555706896,73.86600388446358,Safe,Lal Mahal,94.31,Good,Normal,10,18,-0.0044970998885958124,0.01762632981255763,2,-1,Restricted,Restricted
T009,2025-09-08 10:19:00,18.52590019683288,73.84703591660619,Safe,Lal Mahal,93.33,Good,Normal,10,19,0.00033664112598330576,-0.01896796785739241,2,-1,Restricted,Safe
T009,2025-09-08 10:19:30,18.52671951568647,73.8571364472889,Safe,Pataleshwar Caves,97.31,Good,Normal,10,19,0.0008193188535905449,0.010100530682706221,2,81,Safe,Safe
T009,2025-09-08 10:20:00,18.525719866056427,73.84938595572126,Safe,Aga Khan Palace,92.92,Poor,Normal,10,20,-0.0009996496300423985,-0.007750491567634299,2,82,Safe,Restricted
T009,2025-09-08 10:20:30,18.52591784582596,73.84671244341521,Safe,Sinhagad Fort,96.91,Good,Normal,10,20,0.00019797976953128682,-0.0026735123060461774,2,-1,Restricted,Restricted
T009,2025-09-08 10:21:00,18.51976902139208,73.85271075540172,Safe,Shaniwar Wada,93.22,Lost,Normal,10,21,-0.0061488244338789855,0.005998311986502358,2,-1,Restricted,Restricted
T009,2025-09-08 10:21:30,18.525662145234488,73.86649813847278,High-Risk,Lal Mahal,97.05,Good,Normal,10,21,0.0058931238424086985,0.013787383071061754,0,-1,Restricted,Restricted
T009,2025-09-08 10:22:00,18.51161487201473,73.84978051056004,Restricted,Lal Mahal,96.7,Good,Normal,10,22,-0.014047273219759404,-0.01671762791274034,1,-1,Restricted,Restricted
T009,2025-09-08 10:22:30,18.515832214181536,73.84811718184564,Safe,Sinhagad Fort,93.38,Poor,Normal,10,22,0.0042173421668074695,-0.0016633287144003361,2,-1,Restricted,Restricted
T009,2025-09-08 10:23:00,18.51500428618532,73.85960469535812,Safe,Lal Mahal,95.15,Lost,Normal,10,23,-0.0008279279962160047,0.011487513512477676,2,-1,Restricted,Restricted
T009,2025-09-08 10:23:30,18.511555768756818,73.8582280680608,Restricted,Pataleshwar Caves,91.38,Poor,Normal,10,23,-0.0034485174285023845,-0.0013766272973185778,1,-1,Restricted,Restricted
T009,2025-09-08 10:24:00,18.52036323230733,73.84722849287527,High-Risk,Aga Khan Palace,96.74,Good,Normal,10,24,0.008807463550510874,-0.010999575185522303,0,-1,Restricted,Restricted
T009,2025-09-08 10:24:30,18.51044140166693,73.8556179912477,Safe,Pataleshwar Caves,94.36,Good,Normal,10,24,-0.009921830640397644,0.008389498372423532,2,-1,Restricted,Restricted
T009,2025-09-08 10:25:00,18.51240073308439,73.85459998959341,Safe,Pataleshwar Caves,94.45,Good,Normal,10,25,0.001959331417459964,-0.0010180016542875592,2,-1,Restricted,Safe
T009,2025-09-08 10:25:30,18.514817097858344,73.86437691989593,Safe,Sinhagad Fort,93.02,Good,Normal,10,25,0.002416364773953461,0.009776930302521691,2,113,Safe,Restricted
T009,2025-09-08 10:26:00,18.529674568314714,73.85345651830595,High-Risk,Aga Khan Palace,93.76,Good,Normal,10,26,0.014857470456369981,-0.010920401589984863,0,-1,Restricted,Restricted
T009,2025-09-08 10:26:30,18.51624495285657,73.85876042371306,Safe,Aga Khan Palace,91.78,Lost,Normal,10,26,-0.013429615458143473,0.005303905407117782,2,-1,Restricted,Safe
T009,2025-09-08 10:27:00,18.523848843604664,73.86144198143269,Safe,Lal Mahal,93.17,Poor,Normal,10,27,0.007603890748093534,0.002681557719625971,2,63,Safe,Restricted
T009,2025-09-08 10:27:30,18.51540968734789,73.86174466704556,Safe,Aga Khan Palace,94.53,Poor,Normal,10,27,-0.008439156256773828,0.00030268561286561635,2,-1,Restricted,Restricted
T009,2025-09-08 10:28:00,18.515869718060376,73.85998092400366,Safe,Shaniwar Wada,96.91,Poor,Normal,10,28,0.00046003071248534866,-0.00176374304189153,2,-1,Restricted,Restricted
T009,2025-09-08 10:28:30,18.51246584771299,73.84887344038754,Safe,Lal Mahal,93.43,Good,Normal,10,28,-0.0034038703473875387,-0.011107483616129343,2,-1,Restricted,Safe
T009,2025-09-08 10:29:00,18.514325600314404,73.85405929454916,Safe,Sinhagad Fort,96.42,Good,Normal,10,29,0.0018597526014154653,0.005185854161624093,2,40,Safe,Safe
T009,2025-09-08 10:29:30,18.522547231378496,73.85817006106329,Safe,Lal Mahal,94.61,Poor,Normal,10,29,0.00822163106409235,0.0041107665141311145,2,63,Safe,High-Risk
T009,2025-09-08 10:30:00,18.51211364881532,73.86385732423216,High-Risk,Lal Mahal,92.76,Good,Normal,10,30,-0.010433582563177168,0.005687263168866252,0,39,High-Risk,Restricted
T009,2025-09-08 10:30:30,18.526572103228624,73.85122312619697,Safe,Shaniwar Wada,93.92,Good,Normal,10,30,0.014458454413304622,-0.012634198035186728,2,-1,Restricted,Restricted
T009,2025-09-08 10:31:00,18.516534333164824,73.8612522148661,Restricted,Shaniwar Wada,90.32,Good,Normal,10,31,-0.010037770063799911,0.010029088669128328,1,-1,Restricted,Restricted
T009,2025-09-08 10:31:30,18.51624278478937,73.8616462297338,High-Risk,Sinhagad Fort,88.15,Good,Normal,10,31,-0.0002915483754541981,0.00039401486769463645,0,-1,Restricted,Restricted
T009,2025-09-08 10:32:00,18.5193163708896,73.86112765635428,Safe,Sinhagad Fort,93.56,Good,Normal,10,32,0.0030735861002320064,-0.0005185733795087799,2,-1,Restricted,Restricted
T009,2025-09-08 10:32:30,18.52948204400487,73.85183286936581,High-Risk,Aga Khan Palace,87.14,Good,Normal,10,32,0.010165673115267282,-0.009294786988476744,0,-1,Restricted,Restricted
T009,2025-09-08 10:33:00,18.51714934419615,73.8556566952434,High-Risk,Sinhagad Fort,91.08,Good,Normal,10,33,-0.012332699808720093,0.0038238258775891154,0,-1,Restricted,Restricted
T009,2025-09-08 10:33:30,18.52264678143891,73.86507147335799,Safe,Shaniwar Wada,93.25,Good,Normal,10,33,0.00549743724276297,0.00941477811458924,2,-1,Restricted,Restricted
T009,2025-09-08 10:34:00,18.510500832503123,73.85651396911594,Safe,Lal Mahal,92.43,Lost,Normal,10,34,-0.012145948935788908,-0.008557504242048708,2,-1,Restricted,Restricted
T009,2025-09-08 10:34:30,18.52509103778752,73.850470369801,Safe,Lal Mahal,92.08,Good,Normal,10,34,0.014590205284395807,-0.006043599314935477,2,-1,Restricted,Restricted
T009,2025-09-08 10:35:00,18.52644572739014,73.85856657032235,Safe,Sinhagad Fort,89.96,Poor,Normal,10,35,0.0013546896026213062,0.008096200521350738,2,-1,Restricted,Restricted
T009,2025-09-08 10:35:30,18.51121606347206,73.86586593473427,High-Risk,Aga Khan Palace,92.06,Poor,Normal,10,35,-0.015229663918081116,0.007299364411920806,0,-1,Restricted,Restricted
T009,2025-09-08 10:36:00,18.52001810156215,73.85286778637877,Safe,Sinhagad Fort,88.05,Good,Normal,10,36,0.008802038090092168,-0.012998148355507055,2,-1,Restricted,High-Risk
T009,2025-09-08 10:36:30,18.511757825586542,73.8479225893112,High-Risk,Lal Mahal,87.63,Good,Normal,10,36,-0.008260275975608522,-0.0049451970675704615,0,120,High-Risk,Restricted
T009,2025-09-08 10:37:00,18.525374046159737,73.84870915120088,High-Risk,Shaniwar Wada,88.77,Good,Normal,10,37,0.013616220573194227,0.0007865618896829574,0,-1,Restricted,Restricted
T009,2025-09-08 10:37:30,18.528827349052897,73.85929750497375,Safe,Sinhagad Fort,87.99,Good,Normal,10,37,0.0034533028931598153,0.01058835377287437,2,-1,Restricted,Safe
T009,2025-09-08 10:38:00,18.524081441243126,73.8662793503701,Safe,Shaniwar Wada,85.22,Good,Normal,10,38,-0.0047459078097702445,0.006981845396353492,2,72,Safe,Restricted
T009,2025-09-08 10:38:30,18.52398552394148,73.85247851601714,Safe,Shaniwar Wada,89.67,Good,Normal,10,38,-9.591730164615342e-05,-0.01380083435296342,2,-1,Restricted,Restricted
T009,2025-09-08 10:39:00,18.513620340665188,73.84978199471907,Safe,Pataleshwar Caves,94.78,Good,Normal,10,39,-0.0103651832762921,-0.0026965212980769593,2,-1,Restricted,Restricted
T009,2025-09-08 10:39:30,18.511673468766656,73.85931755678334,Safe,Pataleshwar Caves,91.24,Good,Normal,10,39,-0.0019468718985322653,0.009535562064272085,2,-1,Restricted,Restricted
T009,2025-09-08 10:40:00,18.52782251311211,73.84777672968171,Safe,Shaniwar Wada,88.02,Good,Normal,10,40,0.016149044345453945,-0.011540827101626405,2,-1,Restricted,Restricted
T009,2025-09-08 10:40:30,18.5134286449432,73.85566447287796,Restricted,Shaniwar Wada,92.03,Good,Normal,10,40,-0.014393868168909307,0.00788774319624963,1,-1,Restricted,Restricted
T009,2025-09-08 10:41:00,18.51069415909809,73.86040569953215,Restricted,Shaniwar Wada,89.38,Lost,Normal,10,41,-0.0027344858451101572,0.004741226654189745,1,-1,Restricted,Restricted
T009,2025-09-08 10:41:30,18.510415307518027,73.85188964473991,Safe,Sinhagad Fort,91.88,Good,Normal,10,41,-0.00027885158006313304,-0.008516054792238492,2,-1,Restricted,Restricted
T009,2025-09-08 10:42:00,18.512100808876827,73.85383764855537,Safe,Shaniwar Wada,83.76,Good,Normal,10,42,0.0016855013587999679,0.0019480038154569002,2,-1,Restricted,Restricted
T009,2025-09-08 10:42:30,18.51208376676681,73.85544924820132,High-Risk,Lal Mahal,91.45,Good,Normal,10,42,-1.7042110016518563e-05,0.0016115996459546977,0,-1,Restricted,Restricted
T009,2025-09-08 10:43:00,18.5246560632413,73.86422099225422,Safe,Lal Mahal,84.93,Good,Normal,10,43,0.012572296474488098,0.008771744052893382,2,-1,Restricted,Restricted
T009,2025-09-08 10:43:30,18.53037833234596,73.85424147488993,Safe,Sinhagad Fort,91.41,Lost,Normal,10,43,0.0057222691046625584,-0.009979517364286039,2,-1,Restricted,Restricted
T009,2025-09-08 10:44:00,18.51133591072643,73.86424964134076,Safe,Lal Mahal,91.66,Poor,Normal,10,44,-0.01904242161953107,0.010008166450830913,2,-1,Restricted,Restricted
T009,2025-09-08 10:44:30,18.52409346948535,73.85194520688798,Safe,Shaniwar Wada,92.53,Good,Normal,10,44,0.012757558758920595,-0.01230443445278695,2,-1,Restricted,Safe
T009,2025-09-08 10:45:00,18.51121973849799,73.8553251378171,Safe,Sinhagad Fort,82.03,Good,Normal,10,45,-0.012873730987362109,0.0033799309291282498,2,43,Safe,Safe
T009,2025-09-08 10:45:30,18.517851634099124,73.8599214655832,Safe,Aga Khan Palace,83.49,Good,Normal,10,45,0.006631895601135085,0.004596327766094532,2,12,Safe,Safe
T009,2025-09-08 10:46:00,18.52514858087435,73.85451793863199,Safe,Pataleshwar Caves,89.05,Poor,Normal,10,46,0.007296946775227298,-0.0054035269512127115,2,42,Safe,Restricted
T009,2025-09-08 10:46:30,18.523647732750742,73.8484684446511,High-Risk,Pataleshwar Caves,91.85,Lost,Normal,10,46,-0.0015008481236087334,-0.006049493980881948,0,-1,Restricted,Restricted
T009,2025-09-08 10:47:00,18.51834009609069,73.8608687665332,Safe,Shaniwar Wada,85.32,Good,Normal,10,47,-0.00530763666005285,0.012400321882097387,2,-1,Restricted,Safe
T009,2025-09-08 10:47:30,18.522497331222848,73.86013482493448,Safe,Shaniwar Wada,84.58,Good,Normal,10,47,0.004157235132158377,-0.0007339415987246412,2,83,Safe,Safe
T009,2025-09-08 10:48:00,18.52563822551057,73.84899008436723,Safe,Pataleshwar Caves,85.25,Poor,Normal,10,48,0.003140894287721352,-0.011144740567246458,2,84,Safe,Safe
T009,2025-09-08 10:48:30,18.52693042607315,73.85333560076401,Safe,Sinhagad Fort,84.08,Lost,Normal,10,48,0.0012922005625810584,0.004345516396782045,2,129,Safe,Restricted
T009,2025-09-08 10:49:00,18.513018830465583,73.86425235875096,High-Risk,Aga Khan Palace,90.5,Good,Normal,10,49,-0.013911595607567051,0.0109167579869478,0,-1,Restricted,Safe
T009,2025-09-08 10:49:30,18.519814236117508,73.85620871084912,Safe,Lal Mahal,80.23,Good,Normal,10,49,0.006795405651924824,-0.008043647901843087,2,105,Safe,Restricted
T009,2025-09-08 10:50:00,18.517171630796096,73.85324978936033,High-Risk,Shaniwar Wada,88.49,Good,Normal,10,50,-0.0026426053214123613,-0.002958921488783517,0,-1,Restricted,Safe
T009,2025-09-08 10:50:30,18.51338168293487,73.85122356463751,Safe,Pataleshwar Caves,80.65,Poor,Normal,10,50,-0.003789947861225329,-0.0020262247228259866,2,74,Safe,Restricted
T009,2025-09-08 10:51:00,18.51982572336112,73.86271646701225,Safe,Lal Mahal,82.45,Poor,Normal,10,51,0.006444040426249131,0.011492902374740765,2,-1,Restricted,Restricted
T009,2025-09-08 10:51:30,18.52033276548844,73.84794171715875,Safe,Lal Mahal,91.88,Poor,Normal,10,51,0.0005070421273210002,-0.014774749853501135,2,-1,Restricted,Restricted
T009,2025-09-08 10:52:00,18.51160614264488,73.8492543704175,Safe,Lal Mahal,89.93,Poor,Normal,10,52,-0.00872662284356096,0.001312653258750629,2,-1,Restricted,Restricted
T009,2025-09-08 10:52:30,18.522623461150072,73.85993024753918,Safe,Shaniwar Wada,87.08,Good,Normal,10,52,0.01101731850519272,0.010675877121684607,2,-1,Restricted,Restricted
T009,2025-09-08 10:53:00,18.51666589109608,73.8620526551692,Safe,Shaniwar Wada,93.09,Good,Normal,10,53,-0.005957570053993777,0.0021224076300114803,2,-1,Restricted,Restricted
T009,2025-09-08 10:53:30,18.514972874300785,73.85366869306871,Safe,Pataleshwar Caves,81.19,Good,Normal,10,53,-0.0016930167952935449,-0.008383962100481313,2,-1,Restricted,Restricted
T009,2025-09-08 10:54:00,18.52444596454361,73.85797647988491,Safe,Aga Khan Palace,87.84,Lost,Normal,10,54,0.009473090242824611,0.0043077868161987,2,-1,Restricted,Restricted
T009,2025-09-08 10:54:30,18.522003992102007,73.8643892408672,Safe,Sinhagad Fort,94.12,Good,Normal,10,54,-0.002441972441602047,0.006412760982286159,2,-1,Restricted,Safe
T009,2025-09-08 10:55:00,18.51784733130479,73.86414310963714,Safe,Aga Khan Palace,87.36,Good,Normal,10,55,-0.0041566607972178815,-0.0002461312300567897,2,47,Safe,Restricted
T009,2025-09-08 10:55:30,18.52852642035195,73.85773874778862,Safe,Pataleshwar Caves,94.32,Good,Normal,10,55,0.010679089047162194,-0.0064043618485243314,2,-1,Restricted,Restricted
T009,2025-09-08 10:56:00,18.51403725359299,73.86155160374751,Restricted,Shaniwar Wada,83.08,Good,Normal,10,56,-0.014489166758963279,0.0038128559588983535,1,-1,Restricted,Restricted
T009,2025-09-08 10:56:30,18.51737161829142,73.86182497920257,Safe,Aga Khan Palace,81.81,Lost,Normal,10,56,0.0033343646984320685,0.0002733754550519052,2,-1,Restricted,Restricted
T009,2025-09-08 10:57:00,18.515730928486114,73.84687498376542,Safe,Lal Mahal,79.32,Good,Normal,10,57,-0.0016406898053062946,-0.014949995437149255,2,-1,Restricted,Restricted
T009,2025-09-08 10:57:30,18.515474869112943,73.86589374163049,Safe,Aga Khan Palace,94.24,Good,Normal,10,57,-0.0002560593731715244,0.019018757865069347,2,-1,Restricted,Restricted
T009,2025-09-08 10:58:00,18.528611190602728,73.86184420779504,Safe,Sinhagad Fort,86.94,Good,Normal,10,58,0.013136321489785274,-0.004049533835441821,2,-1,Restricted,Restricted
T009,2025-09-08 10:58:30,18.51238562665382,73.85850678861235,High-Risk,Lal Mahal,91.83,Good,Normal,10,58,-0.016225563948907507,-0.0033374191826993638,0,-1,Restricted,Restricted
T009,2025-09-08 10:59:00,18.51328774742909,73.84852090590684,High-Risk,Sinhagad Fort,76.91,Lost,Normal,10,59,0.0009021207752688554,-0.009985882705507265,0,-1,Restricted,Safe
T009,2025-09-08 10:59:30,18.51939408905104,73.86103390048304,Safe,Shaniwar Wada,93.31,Good,Normal,10,59,0.006106341621951117,0.012512994576198366,2,124,Safe,Restricted
T009,2025-09-08 11:00:00,18.52132118432346,73.85310390155438,High-Risk,Sinhagad Fort,78.7,Good,Normal,11,0,0.0019270952724212975,-0.007929998928659643,0,-1,Restricted,Restricted
T009,2025-09-08 11:00:30,18.513871660489592,73.85998591110959,Safe,Sinhagad Fort,84.41,Poor,Normal,11,0,-0.0074495238338698755,0.006882009555212676,2,-1,Restricted,Restricted
T009,2025-09-08 11:01:00,18.526385687508128,73.84736157967427,Safe,Lal Mahal,81.72,Good,Normal,11,1,0.012514027018536211,-0.012624331435318936,2,-1,Restricted,Restricted
T009,2025-09-08 11:01:30,18.52778796854936,73.86620570062821,Safe,Lal Mahal,86.46,Lost,Normal,11,1,0.0014022810412335218,0.01884412095394339,2,-1,Restricted,Restricted
T009,2025-09-08 11:02:00,18.526390730068464,73.85004641502887,High-Risk,Pataleshwar Caves,93.06,Good,Normal,11,2,-0.001397238480898011,-0.01615928559934332,0,-1,Restricted,Restricted
T009,2025-09-08 11:02:30,18.513506077492067,73.85494179290438,High-Risk,Aga Khan Palace,85.35,Good,Normal,11,2,-0.01288465257639615,0.004895377875513418,0,-1,Restricted,Restricted
T009,2025-09-08 11:03:00,18.52800446152164,73.86447263013957,Safe,Aga Khan Palace,82.68,Good,Normal,11,3,0.014498384029572264,0.009530837235189438,2,-1,Restricted,Restricted
T009,2025-09-08 11:03:30,18.529026914003023,73.86522551966954,High-Risk,Aga Khan Palace,92.7,Poor,Normal,11,3,0.001022452481382885,0.0007528895299628857,0,-1,Restricted,Restricted
T009,2025-09-08 11:04:00,18.525215293076734,73.85988846190243,Safe,Sinhagad Fort,80.45,Good,Normal,11,4,-0.003811620926288839,-0.005337057767107467,2,-1,Restricted,Restricted
T009,2025-09-08 11:04:30,18.51340092439833,73.85291916595375,Safe,Pataleshwar Caves,87.23,Good,Normal,11,4,-0.011814368678404463,-0.006969295948678678,2,-1,Restricted,Restricted
T009,2025-09-08 11:05:00,18.513527339507085,73.85199273570758,High-Risk,Aga Khan Palace,84.21,Good,Normal,11,5,0.00012641510875610606,-0.0009264302461673424,0,-1,Restricted,Restricted
T009,2025-09-08 11:05:30,18.5213083154414,73.84885760867073,Safe,Aga Khan Palace,82.81,Good,Normal,11,5,0.007780975934313261,-0.0031351270368560336,2,-1,Restricted,Restricted
T009,2025-09-08 11:06:00,18.51493072456004,73.85328667476536,Safe,Pataleshwar Caves,90.01,Good,Normal,11,6,-0.006377590881360362,0.00442906609463023,2,-1,Restricted,Restricted
T009,2025-09-08 11:06:30,18.51488963645973,73.84670246834298,Safe,Sinhagad Fort,82.26,Poor,Normal,11,6,-4.108810030700738e-05,-0.00658420642237445,2,-1,Restricted,Restricted
T009,2025-09-08 11:07:00,18.51294582510668,73.86225620597929,Safe,Aga Khan Palace,83.56,Good,Normal,11,7,-0.0019438113530512169,0.015553737636309961,2,-1,Restricted,Restricted
T009,2025-09-08 11:07:30,18.52813215450672,73.84984080031697,Safe,Pataleshwar Caves,86.29,Good,Normal,11,7,0.015186329400041387,-0.01241540566232402,2,-1,Restricted,Restricted
T009,2025-09-08 11:08:00,18.523416971199257,73.85110050990865,Safe,Sinhagad Fort,74.27,Good,Normal,11,8,-0.0047151833074643434,0.0012597095916788703,2,-1,Restricted,Restricted
T009,2025-09-08 11:08:30,18.51396271753675,73.84810836108436,Safe,Shaniwar Wada,86.72,Good,Normal,11,8,-0.009454253662507739,-0.0029921488242905525,2,-1,Restricted,Restricted
T009,2025-09-08 11:09:00,18.51620026176907,73.85034944376663,High-Risk,Sinhagad Fort,89.16,Poor,Normal,11,9,0.0022375442323223638,0.002241082682274964,0,-1,Restricted,Restricted
T009,2025-09-08 11:09:30,18.51925369341284,73.86147730574929,Safe,Pataleshwar Caves,72.89,Good,Normal,11,9,0.003053431643767368,0.011127861982657805,2,-1,Restricted,Restricted
T009,2025-09-08 11:10:00,18.520260722302645,73.85017672760151,Safe,Aga Khan Palace,79.43,Good,Normal,11,10,0.001007028889805639,-0.011300578147782403,2,-1,Restricted,Safe
T009,2025-09-08 11:10:30,18.52276494740826,73.84833901635177,Safe,Pataleshwar Caves,75.97,Poor,Normal,11,10,0.0025042251056142106,-0.0018377112497347525,2,93,Safe,Restricted
T009,2025-09-08 11:11:00,18.516379691375427,73.84910042087843,Safe,Pataleshwar Caves,80.21,Lost,Normal,11,11,-0.006385256032832132,0.0007614045266564062,2,-1,Restricted,Restricted
T009,2025-09-08 11:11:30,18.51888072159662,73.85545110898013,Safe,Shaniwar Wada,76.05,Good,Normal,11,11,0.00250103022119319,0.0063506881017048045,2,-1,Restricted,Restricted
T009,2025-09-08 11:12:00,18.522073626464103,73.86662264490444,Safe,Aga Khan Palace,74.87,Good,Normal,11,12,0.003192904867482582,0.011171535924304976,2,-1,Restricted,Restricted
T009,2025-09-08 11:12:30,18.511723351552128,73.8529075684123,Safe,Aga Khan Palace,80.77,Good,Normal,11,12,-0.010350274911974822,-0.013715076492132994,2,-1,Restricted,Restricted
T009,2025-09-08 11:13:00,18.51406022333741,73.84677722942565,Safe,Sinhagad Fort,72.46,Poor,Normal,11,13,0.0023368717852818577,-0.006130338986650941,2,-1,Restricted,Restricted
T009,2025-09-08 11:13:30,18.525109623649588,73.8638563250294,Safe,Shaniwar Wada,71.62,Good,Normal,11,13,0.011049400312177937,0.017079095603747874,2,-1,Restricted,Restricted
T009,2025-09-08 11:14:00,18.51517381288913,73.84716635056616,Safe,Lal Mahal,78.26,Poor,Normal,11,14,-0.009935810760456576,-0.01668997446324738,2,-1,Restricted,Restricted
T009,2025-09-08 11:14:30,18.517539745729536,73.85066094234745,High-Risk,Shaniwar Wada,88.92,Poor,Normal,11,14,0.002365932840405094,0.0034945917812905236,0,-1,Restricted,Restricted
T009,2025-09-08 11:15:00,18.516021412096528,73.854918037114,High-Risk,Lal Mahal,86.45,Good,Normal,11,15,-0.0015183336330082398,0.004257094766558112,0,-1,Restricted,Restricted
T009,2025-09-08 11:15:30,18.527990118644016,73.85028156817977,Safe,Shaniwar Wada,70.82,Good,Normal,11,15,0.011968706547488495,-0.004636468934236859,2,-1,Restricted,Restricted
T009,2025-09-08 11:16:00,18.51590002712836,73.8660689509481,Safe,Sinhagad Fort,74.45,Good,Normal,11,16,-0.012090091515656098,0.015787382768337466,2,-1,Restricted,Restricted
T009,2025-09-08 11:16:30,18.520982104692,73.86512355949378,Safe,Sinhagad Fort,90.02,Good,Normal,11,16,0.005082077563638876,-0.0009453914543229303,2,-1,Restricted,Restricted
T009,2025-09-08 11:17:00,18.52771163361309,73.85159755540033,Safe,Pataleshwar Caves,73.2,Good,Normal,11,17,0.0067295289210917986,-0.013526004093449728,2,-1,Restricted,Restricted
T009,2025-09-08 11:17:30,18.513416678121647,73.86459355578764,Safe,Lal Mahal,81.95,Good,Normal,11,17,-0.014294955491443773,0.012996000387303752,2,-1,Restricted,Restricted
T009,2025-09-08 11:18:00,18.52391752333933,73.85862564767008,Safe,Sinhagad Fort,71.03,Poor,Normal,11,18,0.010500845217681132,-0.005967908117554543,2,-1,Restricted,Restricted
T009,2025-09-08 11:18:30,18.51919490046308,73.85145660826635,Safe,Shaniwar Wada,82.84,Good,Normal,11,18,-0.004722622876247584,-0.0071690394037347005,2,-1,Restricted,Restricted
T009,2025-09-08 11:19:00,18.524289366401398,73.84942423853339,Safe,Lal Mahal,84.76,Poor,Normal,11,19,0.005094465938316972,-0.0020323697329587276,2,-1,Restricted,Restricted
T009,2025-09-08 11:19:30,18.517612508528003,73.85020789153027,Restricted,Lal Mahal,80.7,Good,Normal,11,19,-0.006676857873394226,0.0007836529968869854,1,-1,Restricted,Restricted
T009,2025-09-08 11:20:00,18.523954802627586,73.85819234779152,Safe,Sinhagad Fort,74.79,Lost,Normal,11,20,0.006342294099582091,0.00798445626124078,2,-1,Restricted,Restricted
T009,2025-09-08 11:20:30,18.527460645019055,73.85391357585812,High-Risk,Pataleshwar Caves,86.14,Good,Normal,11,20,0.003505842391469116,-0.004278771933400094,0,-1,Restricted,Restricted
T009,2025-09-08 11:21:00,18.51606889251798,73.85712377892118,Safe,Pataleshwar Caves,73.41,Good,Normal,11,21,-0.011391752501076269,0.0032102030630625222,2,-1,Restricted,Restricted
T009,2025-09-08 11:21:30,18.51247347524779,73.85366543118032,High-Risk,Sinhagad Fort,86.77,Lost,Normal,11,21,-0.0035954172701870846,-0.0034583477408602903,0,-1,Restricted,Restricted
T009,2025-09-08 11:22:00,18.518636592583004,73.85201296451925,High-Risk,Sinhagad Fort,83.58,Good,Normal,11,22,0.006163117335212576,-0.0016524666610706618,0,-1,Restricted,Restricted
T009,2025-09-08 11:22:30,18.51686600124151,73.85236606948814,Restricted,Shaniwar Wada,81.16,Good,Normal,11,22,-0.0017705913414935992,0.00035310496889451315,1,-1,Restricted,Restricted
T009,2025-09-08 11:23:00,18.519865631128354,73.85885559983653,Safe,Pataleshwar Caves,85.29,Poor,Normal,11,23,0.002999629886843991,0.006489530348389394,2,-1,Restricted,Restricted
T009,2025-09-08 11:23:30,18.52082526642347,73.86283643015146,Safe,Pataleshwar Caves,68.39,Good,Normal,11,23,0.0009596352951142251,0.003980830314930017,2,-1,Restricted,Restricted
T009,2025-09-08 11:24:00,18.51291808742778,73.8494672880875,Safe,Lal Mahal,70.15,Good,Normal,11,24,-0.007907178995687048,-0.013369142063965,2,-1,Restricted,Restricted
T009,2025-09-08 11:24:30,18.51084557745593,73.86629307815076,Restricted,Sinhagad Fort,75.71,Good,Normal,11,24,-0.002072509971849712,0.016825790063265345,1,-1,Restricted,Restricted
T009,2025-09-08 11:25:00,18.516647897420317,73.85147868108172,Safe,Aga Khan Palace,68.85,Good,Normal,11,25,0.00580231996438485,-0.014814397069045526,2,-1,Restricted,Restricted
T009,2025-09-08 11:25:30,18.52726186922651,73.85121690442988,Restricted,Aga Khan Palace,73.28,Good,Normal,11,25,0.010613971806193945,-0.0002617766518397957,1,-1,Restricted,Restricted
T009,2025-09-08 11:26:00,18.525367976410543,73.85520099068695,Safe,Lal Mahal,79.02,Poor,Normal,11,26,-0.001893892815967746,0.003984086257077024,2,-1,Restricted,Restricted
T009,2025-09-08 11:26:30,18.511980307149305,73.84730174953903,Safe,Pataleshwar Caves,76.5,Good,Normal,11,26,-0.013387669261238244,-0.00789924114792484,2,-1,Restricted,Restricted
T009,2025-09-08 11:27:00,18.519955583127544,73.85638918218014,Safe,Sinhagad Fort,81.8,Poor,Normal,11,27,0.007975275978239438,0.009087432641109672,2,-1,Restricted,Safe
T009,2025-09-08 11:27:30,18.518642856566206,73.856221859082,Safe,Pataleshwar Caves,89.91,Good,Normal,11,27,-0.0013127265613377403,-0.00016732309813960455,2,85,Safe,Restricted
T009,2025-09-08 11:28:00,18.51327446503976,73.86217276893471,Safe,Pataleshwar Caves,84.55,Poor,Normal,11,28,-0.005368391526445748,0.005950909852714403,2,-1,Restricted,Restricted
T009,2025-09-08 11:28:30,18.516298658525365,73.85726722751346,Safe,Aga Khan Palace,81.1,Good,Normal,11,28,0.003024193485604343,-0.004905541421251769,2,-1,Restricted,Safe
T009,2025-09-08 11:29:00,18.517541742913025,73.85671293388441,Safe,Lal Mahal,86.5,Good,Normal,11,29,0.0012430843876600761,-0.000554293629051017,2,85,Safe,Restricted
T009,2025-09-08 11:29:30,18.517881859323275,73.85611299973561,Restricted,Sinhagad Fort,84.42,Lost,Normal,11,29,0.00034011641024989103,-0.0005999341487950005,1,-1,Restricted,Safe
T009,2025-09-08 11:30:00,18.520436221539057,73.86310398373661,Safe,Lal Mahal,83.07,Good,Normal,11,30,0.0025543622157826462,0.006990984000992739,2,86,Safe,Restricted
T009,2025-09-08 11:30:30,18.52589960602181,73.85529015815709,Safe,Pataleshwar Caves,72.28,Good,Normal,11,30,0.005463384482752076,-0.007813825579518152,2,-1,Restricted,Restricted
T009,2025-09-08 11:31:00,18.512907783678628,73.85409488473972,Safe,Sinhagad Fort,76.34,Good,Normal,11,31,-0.012991822343181525,-0.0011952734173661383,2,-1,Restricted,Restricted
T009,2025-09-08 11:31:30,18.52614538520009,73.86462592329893,High-Risk,Aga Khan Palace,85.4,Good,Normal,11,31,0.013237601521460363,0.010531038559207673,0,-1,Restricted,Safe
T009,2025-09-08 11:32:00,18.521720870412217,73.86186682844492,Safe,Pataleshwar Caves,64.38,Lost,Normal,11,32,-0.004424514787871203,-0.0027590948540137106,2,87,Safe,Safe
T009,2025-09-08 11:32:30,18.51390753388237,73.85998556457317,Safe,Shaniwar Wada,88.52,Good,Normal,11,32,-0.007813336529846282,-0.0018812638717520258,2,95,Safe,Restricted
T009,2025-09-08 11:33:00,18.52670936887969,73.85549719497024,Safe,Lal Mahal,89.21,Poor,Normal,11,33,0.012801834997318906,-0.004488369602924536,2,-1,Restricted,Restricted
T009,2025-09-08 11:33:30,18.5244294919393,73.85622062316807,Restricted,Lal Mahal,81.1,Poor,Normal,11,33,-0.002279876940388448,0.0007234281978298895,1,-1,Restricted,Restricted
T009,2025-09-08 11:34:00,18.527488139982097,73.84742277417382,High-Risk,Pataleshwar Caves,87.21,Good,Normal,11,34,0.003058648042795653,-0.008797848994248625,0,-1,Restricted,Restricted
T009,2025-09-08 11:34:30,18.52256605240595,73.8473933854597,Safe,Pataleshwar Caves,72.8,Good,Normal,11,34,-0.00492208757614776,-2.9388714125389015e-05,2,-1,Restricted,Restricted
T009,2025-09-08 11:35:00,18.51734931520985,73.85160212566477,Safe,Aga Khan Palace,66.83,Good,Normal,11,35,-0.005216737196100496,0.004208740205072559,2,-1,Restricted,Restricted
T009,2025-09-08 11:35:30,18.51132323576652,73.85348744805776,Safe,Pataleshwar Caves,72.13,Good,Normal,11,35,-0.006026079443330445,0.0018853223929937712,2,-1,Restricted,Restricted
T009,2025-09-08 11:36:00,18.515951609900497,73.86330228234755,Safe,Pataleshwar Caves,62.3,Good,Normal,11,36,0.004628374133979207,0.009814834289784358,2,-1,Restricted,Restricted
T009,2025-09-08 11:36:30,18.51568450007842,73.84850404901442,Safe,Aga Khan Palace,76.85,Good,Normal,11,36,-0.00026710982207589495,-0.014798233333124244,2,-1,Restricted,Restricted
T009,2025-09-08 11:37:00,18.51671184191118,73.85438038012839,Safe,Pataleshwar Caves,85.78,Lost,Normal,11,37,0.001027341832759987,0.005876331113967126,2,-1,Restricted,Restricted
T009,2025-09-08 11:37:30,18.51199296682555,73.85789192877637,High-Risk,Lal Mahal,67.55,Good,Normal,11,37,-0.004718875085632845,0.003511548647978202,0,-1,Restricted,Restricted
T009,2025-09-08 11:38:00,18.511264204491248,73.85028874859088,Safe,Sinhagad Fort,71.63,Good,Normal,11,38,-0.0007287623343010807,-0.007603180185483893,2,-1,Restricted,Restricted
T009,2025-09-08 11:38:30,18.525240059357603,73.85926419065046,Safe,Shaniwar Wada,87.19,Good,Normal,11,38,0.013975854866355775,0.008975442059579564,2,-1,Restricted,Restricted
T009,2025-09-08 11:39:00,18.52730272913342,73.86388475840053,Restricted,Pataleshwar Caves,85.8,Good,Normal,11,39,0.002062669775817483,0.004620567750066584,1,-1,Restricted,Restricted
T009,2025-09-08 11:39:30,18.52035120332555,73.84824922803327,Safe,Pataleshwar Caves,64.82,Good,Normal,11,39,-0.006951525807870951,-0.015635530367262618,2,-1,Restricted,Safe
T010,2025-09-08 10:00:00,18.516492901345853,73.8647598222251,Safe,Pataleshwar Caves,100.0,Good,Normal,10,0,-0.003858301979697387,0.01651059419182843,2,97,Safe,Restricted
T010,2025-09-08 10:00:30,18.526928798312436,73.85427391077953,High-Risk,Shaniwar Wada,99.81,Lost,Normal,10,0,0.010435896966583869,-0.01048591144557065,0,-1,Restricted,Restricted
T010,2025-09-08 10:01:00,18.52688753278664,73.86607845172439,Safe,Shaniwar Wada,99.81,Good,Normal,10,1,-4.126552579819531e-05,0.011804540944865494,2,-1,Restricted,Restricted
T010,2025-09-08 10:01:30,18.53026973300448,73.86414938332514,High-Risk,Lal Mahal,99.4,Poor,Normal,10,1,0.0033822002178425237,-0.001929068399249445,0,-1,Restricted,Restricted
T010,2025-09-08 10:02:00,18.520775576596517,73.85313293142188,Safe,Lal Mahal,99.33,Poor,Normal,10,2,-0.009494156407964027,-0.011016451903259394,2,-1,Restricted,Restricted
T010,2025-09-08 10:02:30,18.52664955878978,73.85769423744725,Safe,Sinhagad Fort,99.17,Good,Normal,10,2,0.005873982193264737,0.004561306025365752,2,-1,Restricted,Restricted
T010,2025-09-08 10:03:00,18.51996464996547,73.85808590315354,Safe,Lal Mahal,99.7,Good,Normal,10,3,-0.006684908824311719,0.0003916657062887907,2,-1,Restricted,Restricted
T010,2025-09-08 10:03:30,18.517022250580023,73.85702563711658,Safe,Lal Mahal,99.4,Good,Normal,10,3,-0.0029423993854464925,-0.0010602660369585237,2,-1,Restricted,Safe
T010,2025-09-08 10:04:00,18.51062863329644,73.85177392059725,Safe,Aga Khan Palace,98.91,Poor,Normal,10,4,-0.006393617283581676,-0.0052517165193251,2,130,Safe,Restricted
T010,2025-09-08 10:04:30,18.518721745357887,73.86343902085609,Restricted,Aga Khan Palace,98.82,Good,Normal,10,4,0.00809311206144514,0.011665100258838379,1,-1,Restricted,Safe
T010,2025-09-08 10:05:00,18.526423861260245,73.85386730912217,Safe,Lal Mahal,98.33,Poor,Normal,10,5,0.007702115902358031,-0.009571711733926236,2,88,Safe,Safe
T010,2025-09-08 10:05:30,18.51062920242952,73.86264789846663,Safe,Sinhagad Fort,98.69,Poor,Normal,10,5,-0.015794658830724728,0.008780589344468126,2,16,Safe,Restricted
T010,2025-09-08 10:06:00,18.529961210305267,73.85842867425345,Safe,Pataleshwar Caves,98.9,Good,Normal,10,6,0.019332007875746626,-0.004219224213187545,2,-1,Restricted,Restricted
T010,2025-09-08 10:06:30,18.52260947537342,73.85238926508315,Restricted,Pataleshwar Caves,97.87,Lost,Normal,10,6,-0.007351734931845044,-0.006039409170298882,1,-1,Restricted,Restricted
T010,2025-09-08 10:07:00,18.524883483769276,73.85824193816877,Restricted,Aga Khan Palace,98.39,Poor,Normal,10,7,0.0022740083958545654,0.0058526730856272025,1,-1,Restricted,Restricted
T010,2025-09-08 10:07:30,18.520370312606573,73.8665747382704,Safe,Pataleshwar Caves,98.63,Good,Normal,10,7,-0.004513171162702889,0.008332800101626958,2,-1,Restricted,Safe
T010,2025-09-08 10:08:00,18.51407188340845,73.86087022161286,Safe,Aga Khan Palace,98.48,Good,Normal,10,8,-0.0062984291981216245,-0.0057045166575449,2,108,Safe,Restricted
T010,2025-09-08 10:08:30,18.518984614232515,73.86284776581697,Safe,Sinhagad Fort,97.71,Good,Normal,10,8,0.004912730824063516,0.0019775442041094493,2,-1,Restricted,Safe
T010,2025-09-08 10:09:00,18.52516309394937,73.84903422054106,Safe,Pataleshwar Caves,97.42,Good,Normal,10,9,0.006178479716854923,-0.013813545275908723,2,2,Safe,Restricted
T010,2025-09-08 10:09:30,18.519470439391085,73.84703331751643,Safe,Aga Khan Palace,96.51,Poor,Normal,10,9,-0.0056926545582847154,-0.0020009030246228576,2,-1,Restricted,Safe
T010,2025-09-08 10:10:00,18.51853971598256,73.85412569338484,Safe,Pataleshwar Caves,96.78,Good,Normal,10,10,-0.0009307234085262905,0.007092375868410272,2,33,Safe,Restricted
T010,2025-09-08 10:10:30,18.52666854858258,73.86082609289485,Safe,Lal Mahal,97.31,Lost,Normal,10,10,0.008128832600021951,0.006700399510009447,2,-1,Restricted,Restricted
T010,2025-09-08 10:11:00,18.518487985157865,73.85118807681465,Safe,Aga Khan Palace,97.74,Good,Normal,10,11,-0.00818056342471607,-0.00963801608020276,2,-1,Restricted,Restricted
T010,2025-09-08 10:11:30,18.53024929900677,73.8614635544311,Safe,Pataleshwar Caves,97.15,Good,Normal,10,11,0.01176131384890411,0.010275477616445983,2,-1,Restricted,Restricted
T010,2025-09-08 10:12:00,18.52794100536931,73.85521622360692,Safe,Lal Mahal,95.52,Good,Normal,10,12,-0.002308293637458547,-0.006247330824180608,2,-1,Restricted,Restricted
T010,2025-09-08 10:12:30,18.515382236549843,73.85457092271042,Restricted,Sinhagad Fort,97.84,Good,Normal,10,12,-0.012558768819467048,-0.00064530089649395,1,-1,Restricted,Restricted
T010,2025-09-08 10:13:00,18.51847892105256,73.85619475936531,Safe,Lal Mahal,96.53,Good,Normal,10,13,0.0030966845027151635,0.0016238366548861904,2,-1,Restricted,Restricted
T010,2025-09-08 10:13:30,18.513408548980827,73.847187019799,High-Risk,Shaniwar Wada,98.49,Poor,Normal,10,13,-0.005070372071731555,-0.009007739566314399,0,-1,Restricted,Restricted
T010,2025-09-08 10:14:00,18.51883781827832,73.85447206599365,Safe,Lal Mahal,94.85,Good,Normal,10,14,0.005429269297493988,0.007285046194652978,2,-1,Restricted,Restricted
T010,2025-09-08 10:14:30,18.53037348631641,73.85197104561205,Safe,Sinhagad Fort,95.08,Good,Normal,10,14,0.011535668038089142,-0.002501020381600938,2,-1,Restricted,Restricted
T010,2025-09-08 10:15:00,18.516372046624657,73.8471635253642,High-Risk,Lal Mahal,94.87,Good,Normal,10,15,-0.014001439691753603,-0.004807520247851471,0,-1,Restricted,Restricted
T010,2025-09-08 10:15:30,18.525163234630305,73.86186402104283,Safe,Lal Mahal,95.26,Good,Normal,10,15,0.00879118800564882,0.014700495678638958,2,-1,Restricted,Restricted
T010,2025-09-08 10:16:00,18.51531327544316,73.85395609396511,Safe,Aga Khan Palace,93.65,Poor,Normal,10,16,-0.009849959187146595,-0.007907927077724253,2,-1,Restricted,Restricted
T010,2025-09-08 10:16:30,18.526118280343425,73.86463037744609,Safe,Aga Khan Palace,93.63,Good,Normal,10,16,0.010805004900266368,0.010674283480980762,2,-1,Restricted,Restricted
T010,2025-09-08 10:17:00,18.52004004929657,73.86331340858902,Safe,Sinhagad Fort,96.36,Good,Normal,10,17,-0.006078231046856786,-0.0013169688570684457,2,-1,Restricted,Restricted
T010,2025-09-08 10:17:30,18.511391168217603,73.85661958707296,Safe,Aga Khan Palace,96.85,Lost,Normal,10,17,-0.008648881078965331,-0.006693821516066123,2,-1,Restricted,Restricted
T010,2025-09-08 10:18:00,18.526381470206807,73.85001950717299,Restricted,Pataleshwar Caves,96.34,Poor,Normal,10,18,0.014990301989204369,-0.0066000798999681365,1,-1,Restricted,Safe
T010,2025-09-08 10:18:30,18.518478221354638,73.85548433635407,Safe,Shaniwar Wada,96.1,Good,Normal,10,18,-0.007903248852169753,0.005464829181079267,2,89,Safe,Safe
T010,2025-09-08 10:19:00,18.530072263378887,73.85797517781785,Safe,Aga Khan Palace,93.98,Good,Normal,10,19,0.011594042024249518,0.0024908414637820897,2,131,Safe,Restricted
T010,2025-09-08 10:19:30,18.52436771163751,73.85174856130773,High-Risk,Pataleshwar Caves,96.25,Good,Normal,10,19,-0.005704551741377628,-0.006226616510119243,0,-1,Restricted,Restricted
T010,2025-09-08 10:20:00,18.52883816683248,73.84736263378875,Restricted,Shaniwar Wada,93.96,Good,Normal,10,20,0.004470455194969247,-0.004385927518981703,1,-1,Restricted,Restricted
T010,2025-09-08 10:20:30,18.51742368297408,73.85916382123327,Safe,Lal Mahal,94.8,Good,Normal,10,20,-0.011414483858398938,0.011801187444518746,2,-1,Restricted,Restricted
T010,2025-09-08 10:21:00,18.5244180726792,73.864136916794,High-Risk,Lal Mahal,92.59,Poor,Normal,10,21,0.006994389705120341,0.00497309556072878,0,-1,Restricted,Restricted
T010,2025-09-08 10:21:30,18.52662756757085,73.86536620187582,Safe,Sinhagad Fort,93.55,Poor,Normal,10,21,0.0022094948916482338,0.001229285081819853,2,-1,Restricted,Restricted
T010,2025-09-08 10:22:00,18.528651675829472,73.85491206267183,Restricted,Lal Mahal,93.01,Good,Normal,10,22,0.002024108258623869,-0.010454139203986301,1,-1,Restricted,Restricted
T010,2025-09-08 10:22:30,18.528200120455637,73.84878600178962,Safe,Sinhagad Fort,96.55,Good,Normal,10,22,-0.00045155537383578803,-0.006126060882209572,2,-1,Restricted,Safe
T010,2025-09-08 10:23:00,18.52352496227692,73.84705722518581,Safe,Aga Khan Palace,94.57,Good,Normal,10,23,-0.004675158178716998,-0.001728776603812321,2,127,Safe,Restricted
T010,2025-09-08 10:23:30,18.518307492123785,73.85121519361533,Restricted,Shaniwar Wada,90.81,Good,Normal,10,23,-0.005217470153134229,0.004157968429524317,1,-1,Restricted,Restricted
T010,2025-09-08 10:24:00,18.514852585096865,73.84816363204493,High-Risk,Lal Mahal,92.27,Good,Normal,10,24,-0.0034549070269207505,-0.003051561570401873,0,-1,Restricted,Restricted
T010,2025-09-08 10:24:30,18.510587557171263,73.84770356473989,Safe,Lal Mahal,95.66,Poor,Normal,10,24,-0.004265027925601572,-0.0004600673050418891,2,-1,Restricted,Restricted
T010,2025-09-08 10:25:00,18.5106310008993,73.86584473585222,High-Risk,Sinhagad Fort,93.11,Poor,Normal,10,25,4.344372803544161e-05,0.018141171112333154,0,-1,Restricted,Restricted
T010,2025-09-08 10:25:30,18.511638922544165,73.85744259829741,High-Risk,Shaniwar Wada,94.34,Good,Normal,10,25,0.0010079216448666273,-0.008402137554810452,0,-1,Restricted,Restricted
T010,2025-09-08 10:26:00,18.524279340519023,73.84946826965323,High-Risk,Lal Mahal,97.4,Good,Normal,10,26,0.012640417974857598,-0.007974328644181128,0,-1,Restricted,Safe
T010,2025-09-08 10:26:30,18.52066294442066,73.84827221379051,Safe,Aga Khan Palace,94.78,Good,Normal,10,26,-0.0036163960983621735,-0.0011960558627208684,2,127,Safe,Restricted
T010,2025-09-08 10:27:00,18.52256050264189,73.8561304149822,Restricted,Shaniwar Wada,91.35,Good,Normal,10,27,0.0018975582212306108,0.007858201191695002,1,-1,Restricted,Restricted
T010,2025-09-08 10:27:30,18.519108314708703,73.85036342665062,High-Risk,Lal Mahal,96.34,Lost,Normal,10,27,-0.0034521879331883554,-0.005766988331586731,0,-1,Restricted,Restricted
T010,2025-09-08 10:28:00,18.514508493259623,73.85875215365132,Safe,Aga Khan Palace,90.68,Good,Normal,10,28,-0.00459982144908011,0.008388727000706808,2,-1,Restricted,Restricted
T011,2025-09-08 10:00:00,18.51457551404848,73.84803081369651,High-Risk,Sinhagad Fort,100.0,Good,Normal,10,0,6.702078885822971e-05,-0.010721339954812947,0,-1,Restricted,Restricted
T011,2025-09-08 10:00:30,18.528504466713525,73.8618135964208,Safe,Pataleshwar Caves,99.87,Good,Normal,10,0,0.013928952665043681,0.013782782724291565,2,-1,Restricted,Restricted
T011,2025-09-08 10:01:00,18.52580105438642,73.8626043935412,Safe,Pataleshwar Caves,99.87,Good,Normal,10,1,-0.0027034123271043597,0.0007907971204019759,2,-1,Restricted,Restricted
T011,2025-09-08 10:01:30,18.51959597430427,73.86346633337044,Safe,Aga Khan Palace,99.57,Lost,Normal,10,1,-0.0062050800821502605,0.0008619398292353253,2,-1,Restricted,Restricted
T011,2025-09-08 10:02:00,18.519078426148265,73.85272316945341,Safe,Pataleshwar Caves,99.45,Good,Normal,10,2,-0.0005175481560044659,-0.010743163917027232,2,-1,Restricted,Restricted
T011,2025-09-08 10:02:30,18.529801490750412,73.86262464364415,Safe,Sinhagad Fort,99.39,Good,Normal,10,2,0.010723064602146337,0.009901474190741055,2,-1,Restricted,Restricted
T011,2025-09-08 10:03:00,18.52815023525245,73.86448141401193,High-Risk,Shaniwar Wada,99.13,Good,Normal,10,3,-0.0016512554979613014,0.0018567703677803138,0,-1,Restricted,Restricted
T011,2025-09-08 10:03:30,18.525426114220707,73.85958161819944,Restricted,Lal Mahal,99.36,Good,Normal,10,3,-0.002724121031743465,-0.004899795812491448,1,-1,Restricted,Restricted
T011,2025-09-08 10:04:00,18.521102646061955,73.86213275796135,Safe,Sinhagad Fort,98.95,Good,Normal,10,4,-0.004323468158752064,0.0025511397619055742,2,-1,Restricted,Safe
T011,2025-09-08 10:04:30,18.529494862305487,73.85758607156578,Safe,Aga Khan Palace,98.46,Poor,Normal,10,4,0.008392216243532147,-0.004546686395570987,2,126,Safe,Restricted
T011,2025-09-08 10:05:00,18.52372549373562,73.84742543100162,Safe,Pataleshwar Caves,98.4,Good,Normal,10,5,-0.00576936856986876,-0.01016064056415189,2,-1,Restricted,Restricted
T011,2025-09-08 10:05:30,18.527252331853852,73.86654591247348,Safe,Lal Mahal,99.18,Good,Normal,10,5,0.0035268381182333997,0.019120481471858852,2,-1,Restricted,Restricted
T011,2025-09-08 10:06:00,18.511341043599945,73.86392365229176,Safe,Pataleshwar Caves,98.85,Good,Normal,10,6,-0.015911288253906974,-0.0026222601817238456,2,-1,Restricted,Restricted
T011,2025-09-08 10:06:30,18.523165806904817,73.86086595225116,Safe,Sinhagad Fort,98.54,Poor,Normal,10,6,0.011824763304872477,-0.003057700040599798,2,-1,Restricted,Restricted
T011,2025-09-08 10:07:00,18.52745614671028,73.86362118239859,Safe,Shaniwar Wada,99.08,Good,Normal,10,7,0.00429033980546123,0.0027552301474287333,2,-1,Restricted,Safe
T011,2025-09-08 10:07:30,18.520443350205326,73.85866765797466,Safe,Aga Khan Palace,98.51,Good,Normal,10,7,-0.0070127965049522345,-0.00495352442392516,2,77,Safe,Restricted
T011,2025-09-08 10:08:00,18.51898879671329,73.85295352397972,Restricted,Shaniwar Wada,96.83,Poor,Normal,10,8,-0.00145455349203516,-0.005714133994942472,1,-1,Restricted,Restricted
T011,2025-09-08 10:08:30,18.520155082331183,73.84683479286251,Safe,Shaniwar Wada,98.12,Good,Normal,10,8,0.0011662856178915604,-0.006118731117211951,2,-1,Restricted,Restricted
T011,2025-09-08 10:09:00,18.525765352767976,73.85170725628404,Safe,Aga Khan Palace,97.93,Lost,Normal,10,9,0.005610270436793741,0.00487246342153469,2,-1,Restricted,Restricted
T011,2025-09-08 10:09:30,18.526446589482248,73.8533730445636,Safe,Lal Mahal,98.2,Poor,Normal,10,9,0.0006812367142714493,0.0016657882795527712,2,-1,Restricted,Safe
T011,2025-09-08 10:10:00,18.523651475381406,73.85325128711911,Safe,Sinhagad Fort,98.45,Good,Normal,10,10,-0.0027951141008415448,-0.00012175744448938985,2,111,Safe,Safe
T011,2025-09-08 10:10:30,18.518324939425916,73.86003028013516,Safe,Aga Khan Palace,97.32,Good,Normal,10,10,-0.0053265359554899305,0.006778993016055779,2,1,Safe,Restricted
T011,2025-09-08 10:11:00,18.52375015345793,73.84761788135805,High-Risk,Sinhagad Fort,98.51,Poor,Normal,10,11,0.005425214032012349,-0.01241239877711564,0,-1,Restricted,Safe
T011,2025-09-08 10:11:30,18.5284276362354,73.8500068634795,Safe,Pataleshwar Caves,95.89,Good,Normal,10,11,0.0046774827774704875,0.0023889821214595486,2,107,Safe,Restricted
T011,2025-09-08 10:12:00,18.521126280462,73.86121684535404,Safe,Lal Mahal,97.32,Good,Normal,10,12,-0.007301355773400076,0.011209981874529262,2,-1,Restricted,Restricted
T011,2025-09-08 10:12:30,18.517195249350745,73.8633329519472,Safe,Lal Mahal,97.58,Good,Normal,10,12,-0.003931031111253702,0.002116106593163636,2,-1,Restricted,Restricted
T011,2025-09-08 10:13:00,18.5106903228359,73.85415563300846,Safe,Pataleshwar Caves,95.35,Good,Normal,10,13,-0.006504926514846687,-0.009177318938739631,2,-1,Restricted,Restricted
T011,2025-09-08 10:13:30,18.513154886094487,73.86504948579115,Safe,Aga Khan Palace,95.59,Poor,Normal,10,13,0.002464563258588015,0.010893852782686508,2,-1,Restricted,Safe
T011,2025-09-08 10:14:00,18.51698343953457,73.86496653208557,Safe,Lal Mahal,96.52,Good,Normal,10,14,0.003828553440083482,-8.295370557220849e-05,2,90,Safe,Safe
T011,2025-09-08 10:14:30,18.517812217052217,73.85484282061827,Safe,Pataleshwar Caves,96.25,Good,Normal,10,14,0.0008287775176469836,-0.010123711467301177,2,70,Safe,Safe
T011,2025-09-08 10:15:00,18.523280058023257,73.84798492376714,Safe,Aga Khan Palace,94.19,Good,Normal,10,15,0.005467840971039806,-0.006857896851130363,2,71,Safe,Restricted
T011,2025-09-08 10:15:30,18.513706475189235,73.84674762647434,Restricted,Lal Mahal,94.66,Poor,Normal,10,15,-0.009573582834022432,-0.0012372972928034187,1,-1,Restricted,Restricted
T011,2025-09-08 10:16:00,18.52876823343462,73.84726104060314,High-Risk,Aga Khan Palace,94.96,Lost,Normal,10,16,0.015061758245384027,0.0005134141288039018,0,-1,Restricted,Restricted
T011,2025-09-08 10:16:30,18.512051915426483,73.86362320757715,High-Risk,Shaniwar Wada,95.66,Good,Normal,10,16,-0.016716318008136,0.016362166974005277,0,-1,Restricted,Restricted
T011,2025-09-08 10:17:00,18.515706833597623,73.85029461090643,High-Risk,Sinhagad Fort,98.12,Good,Normal,10,17,0.0036549181711400536,-0.01332859667071773,0,-1,Restricted,Restricted
T011,2025-09-08 10:17:30,18.51659087918427,73.86355160105572,Safe,Aga Khan Palace,97.15,Poor,Normal,10,17,0.000884045586648341,0.013256990149287162,2,-1,Restricted,Restricted
T011,2025-09-08 10:18:00,18.512713822772447,73.85876732317054,Safe,Lal Mahal,95.69,Lost,Normal,10,18,-0.003877056411823787,-0.004784277885178767,2,-1,Restricted,Restricted
T011,2025-09-08 10:18:30,18.52941223861076,73.8613520791873,Safe,Lal Mahal,96.33,Good,Normal,10,18,0.016698415838312997,0.0025847560167591155,2,-1,Restricted,Restricted
T011,2025-09-08 10:19:00,18.51475561670743,73.8497293432554,Safe,Sinhagad Fort,95.98,Good,Normal,10,19,-0.014656621903331057,-0.011622735931894113,2,-1,Restricted,Restricted
T011,2025-09-08 10:19:30,18.528117545867445,73.86256179117501,Safe,Lal Mahal,94.15,Lost,Normal,10,19,0.013361929160016217,0.012832447919606693,2,-1,Restricted,Restricted
T011,2025-09-08 10:20:00,18.510550587336663,73.85297471136862,Safe,Pataleshwar Caves,96.22,Lost,Normal,10,20,-0.017566958530782273,-0.009587079806394172,2,-1,Restricted,Restricted
T011,2025-09-08 10:20:30,18.527087165206694,73.84824162487526,Safe,Shaniwar Wada,91.9,Poor,Normal,10,20,0.016536577870031266,-0.004733086493359906,2,-1,Restricted,Restricted
T011,2025-09-08 10:21:00,18.523248651570547,73.85957613075014,Safe,Pataleshwar Caves,95.78,Good,Normal,10,21,-0.0038385136361469563,0.011334505874884826,2,-1,Restricted,Restricted
T011,2025-09-08 10:21:30,18.522588582871595,73.86660683387647,High-Risk,Pataleshwar Caves,92.5,Poor,Normal,10,21,-0.0006600686989521876,0.0070307031263325825,0,-1,Restricted,Restricted
T011,2025-09-08 10:22:00,18.52255474333694,73.85354048322857,Safe,Shaniwar Wada,91.51,Poor,Normal,10,22,-3.3839534655299985e-05,-0.013066350647903846,2,-1,Restricted,Restricted
T011,2025-09-08 10:22:30,18.5151992878494,73.86412029612231,High-Risk,Lal Mahal,97.31,Good,Normal,10,22,-0.007355455487541462,0.010579812893737994,0,-1,Restricted,Safe
T011,2025-09-08 10:23:00,18.51998257592289,73.85334056010929,Safe,Sinhagad Fort,93.23,Poor,Normal,10,23,0.004783288073490155,-0.010779736013020624,2,78,Safe,Restricted
T011,2025-09-08 10:23:30,18.51833620586229,73.85808048110377,Safe,Sinhagad Fort,91.67,Poor,Normal,10,23,-0.0016463700605982012,0.004739920994481395,2,-1,Restricted,Restricted
T011,2025-09-08 10:24:00,18.523439532561813,73.86587726846012,High-Risk,Lal Mahal,92.05,Good,Normal,10,24,0.005103326699522626,0.007796787356355139,0,-1,Restricted,Restricted
T011,2025-09-08 10:24:30,18.51320545592535,73.84817652788165,High-Risk,Aga Khan Palace,96.04,Good,Normal,10,24,-0.010234076636464806,-0.01770074057847637,0,-1,Restricted,Restricted
T011,2025-09-08 10:25:00,18.52044163297144,73.8606789602086,High-Risk,Lal Mahal,90.12,Good,Normal,10,25,0.007236177046092251,0.01250243232695425,0,-1,Restricted,Restricted
T011,2025-09-08 10:25:30,18.525765842874044,73.86042332974235,Safe,Sinhagad Fort,97.32,Good,Normal,10,25,0.005324209902603627,-0.000255630466256207,2,-1,Restricted,Safe
T011,2025-09-08 10:26:00,18.528203172900668,73.85894755097675,Safe,Lal Mahal,90.96,Good,Normal,10,26,0.0024373300266233855,-0.001475778765595237,2,21,Safe,Restricted
T011,2025-09-08 10:26:30,18.52742141873722,73.86659007997719,Safe,Pataleshwar Caves,96.59,Good,Normal,10,26,-0.0007817541634480563,0.007642529000435161,2,-1,Restricted,Restricted
T011,2025-09-08 10:27:00,18.5161733197248,73.84774527747143,Restricted,Lal Mahal,96.64,Good,Normal,10,27,-0.011248099012419743,-0.018844802505753933,1,-1,Restricted,Restricted
T011,2025-09-08 10:27:30,18.52872745422585,73.86218229816174,Safe,Shaniwar Wada,93.07,Poor,Normal,10,27,0.012554134501051806,0.014437020690309055,2,-1,Restricted,Restricted
T011,2025-09-08 10:28:00,18.519476971057635,73.84742897398746,Safe,Shaniwar Wada,95.16,Good,Normal,10,28,-0.009250483168216306,-0.014753324174279214,2,-1,Restricted,Restricted
T011,2025-09-08 10:28:30,18.512103941584204,73.84863101271735,Safe,Pataleshwar Caves,88.86,Good,Normal,10,28,-0.007373029473431103,0.0012020387298861124,2,-1,Restricted,Safe
T011,2025-09-08 10:29:00,18.51213435585473,73.86386013948898,Safe,Aga Khan Palace,93.1,Poor,Normal,10,29,3.0414270526080145e-05,0.015229126771629353,2,113,Safe,Restricted
T011,2025-09-08 10:29:30,18.52244799422684,73.85159492394666,Safe,Sinhagad Fort,94.58,Lost,Normal,10,29,0.010313638372110745,-0.012265215542313967,2,-1,Restricted,Restricted
T011,2025-09-08 10:30:00,18.529141467027937,73.85790847951161,Safe,Pataleshwar Caves,95.64,Poor,Normal,10,30,0.006693472801096334,0.00631355556494384,2,-1,Restricted,Restricted
T011,2025-09-08 10:30:30,18.516905587912245,73.84818969453649,Safe,Shaniwar Wada,88.1,Good,Normal,10,30,-0.012235879115692683,-0.009718784975120798,2,-1,Restricted,Restricted
T011,2025-09-08 10:31:00,18.52834769612545,73.85584465427672,High-Risk,Shaniwar Wada,91.87,Good,Normal,10,31,0.011442108213206126,0.007654959740236222,0,-1,Restricted,Restricted
T011,2025-09-08 10:31:30,18.51678065399649,73.84930819113508,Safe,Aga Khan Palace,95.69,Good,Normal,10,31,-0.011567042128959315,-0.006536463141642912,2,-1,Restricted,Restricted
T011,2025-09-08 10:32:00,18.51251750788512,73.86036106134601,Safe,Sinhagad Fort,90.15,Lost,Normal,10,32,-0.00426314611137002,0.011052870210932042,2,-1,Restricted,Restricted
T011,2025-09-08 10:32:30,18.51254479447587,73.85100460121383,Safe,Sinhagad Fort,88.55,Lost,Normal,10,32,2.7286590746911088e-05,-0.00935646013218161,2,-1,Restricted,Restricted
T011,2025-09-08 10:33:00,18.52017443074196,73.85303919422114,Restricted,Sinhagad Fort,95.03,Good,Normal,10,33,0.0076296362660919215,0.0020345930073091267,1,-1,Restricted,Safe
T011,2025-09-08 10:33:30,18.52751548997608,73.85095284560255,Safe,Shaniwar Wada,86.77,Good,Normal,10,33,0.007341059234118319,-0.0020863486185902502,2,37,Safe,Safe
T011,2025-09-08 10:34:00,18.521062212759404,73.86454025070103,Safe,Shaniwar Wada,93.69,Good,Normal,10,34,-0.006453277216674991,0.013587405098476779,2,100,Safe,Restricted
T011,2025-09-08 10:34:30,18.53036612656669,73.84731137607419,Safe,Sinhagad Fort,93.1,Good,Normal,10,34,0.00930391380728679,-0.017228874626837865,2,-1,Restricted,Restricted
T011,2025-09-08 10:35:00,18.515939333839047,73.84886350742892,Safe,Shaniwar Wada,95.99,Good,Normal,10,35,-0.0144267927276438,0.0015521313547282034,2,-1,Restricted,Restricted
T011,2025-09-08 10:35:30,18.51410416341704,73.84886250648874,Safe,Lal Mahal,86.28,Good,Normal,10,35,-0.0018351704220052056,-1.0009401734123458e-06,2,-1,Restricted,Restricted
T011,2025-09-08 10:36:00,18.526054871839268,73.85793148947332,Restricted,Shaniwar Wada,96.12,Good,Normal,10,36,0.011950708422226342,0.009068982984572926,1,-1,Restricted,Restricted
T011,2025-09-08 10:36:30,18.519841975152136,73.8479834222771,Restricted,Shaniwar Wada,86.46,Good,Normal,10,36,-0.00621289668713132,-0.009948067196219768,1,-1,Restricted,Safe
T011,2025-09-08 10:37:00,18.521688244040234,73.8471120760794,Safe,Pataleshwar Caves,89.2,Good,Normal,10,37,0.0018462688880980238,-0.0008713461976981307,2,26,Safe,Safe
T011,2025-09-08 10:37:30,18.52014150416865,73.85171591708631,Safe,Pataleshwar Caves,86.6,Good,Normal,10,37,-0.0015467398715856007,0.00460384100691158,2,132,Safe,Safe
T011,2025-09-08 10:38:00,18.52629372878287,73.84710457000385,Safe,Lal Mahal,94.64,Good,Normal,10,38,0.00615222461422249,-0.0046113470824593605,2,91,Safe,Restricted
T011,2025-09-08 10:38:30,18.52060007712636,73.85352916338907,Safe,Shaniwar Wada,90.46,Good,Normal,10,38,-0.005693651656510923,0.006424593385219168,2,-1,Restricted,Safe
T011,2025-09-08 10:39:00,18.51953484275828,73.86208616857262,Safe,Pataleshwar Caves,85.48,Lost,Normal,10,39,-0.0010652343680810361,0.008557005183547517,2,92,Safe,Restricted
T011,2025-09-08 10:39:30,18.512887262288235,73.84880068537662,Safe,Pataleshwar Caves,86.12,Lost,Normal,10,39,-0.006647580470044545,-0.013285483196000314,2,-1,Restricted,Safe
T011,2025-09-08 10:40:00,18.522186168358967,73.85027015133466,Safe,Sinhagad Fort,87.19,Lost,Normal,10,40,0.009298906070732471,0.0014694659580385405,2,25,Safe,Safe
T011,2025-09-08 10:40:30,18.515726305468416,73.85931118208894,Safe,Lal Mahal,89.73,Poor,Normal,10,40,-0.006459862890551449,0.009041030754289636,2,65,Safe,Restricted
T011,2025-09-08 10:41:00,18.5154827451807,73.86240551629818,High-Risk,Aga Khan Palace,94.18,Good,Normal,10,41,-0.00024356028771421734,0.003094334209237104,0,-1,Restricted,Restricted
T011,2025-09-08 10:41:30,18.51775464149478,73.8609046444198,Restricted,Pataleshwar Caves,88.86,Good,Normal,10,41,0.0022718963140775372,-0.001500871878377552,1,-1,Restricted,Restricted
T011,2025-09-08 10:42:00,18.526767209619468,73.86008459626898,High-Risk,Lal Mahal,83.53,Good,Normal,10,42,0.009012568124688869,-0.0008200481508282564,0,-1,Restricted,Restricted
T011,2025-09-08 10:42:30,18.52899545786596,73.85641099292793,Safe,Lal Mahal,87.83,Good,Normal,10,42,0.0022282482464923703,-0.003673603341042053,2,-1,Restricted,Restricted
T011,2025-09-08 10:43:00,18.51423956508357,73.86578086657305,High-Risk,Pataleshwar Caves,93.06,Good,Normal,10,43,-0.014755892782389424,0.009369873645113103,0,-1,Restricted,Restricted
T011,2025-09-08 10:43:30,18.519416819132385,73.85122066793008,High-Risk,Sinhagad Fort,88.47,Good,Normal,10,43,0.005177254048813751,-0.014560198642968203,0,-1,Restricted,Restricted
T011,2025-09-08 10:44:00,18.513112540719654,73.84998602031004,High-Risk,Aga Khan Palace,82.43,Lost,Normal,10,44,-0.006304278412731179,-0.0012346476200377765,0,-1,Restricted,Restricted
T011,2025-09-08 10:44:30,18.51925508066232,73.85910272471111,Safe,Shaniwar Wada,84.89,Good,Normal,10,44,0.006142539942665337,0.009116704401066045,2,-1,Restricted,Restricted
T011,2025-09-08 10:45:00,18.512304417145668,73.85114291654715,High-Risk,Sinhagad Fort,84.16,Good,Normal,10,45,-0.00695066351665119,-0.007959808163960247,0,-1,Restricted,Restricted
T011,2025-09-08 10:45:30,18.51538108660904,73.85519597218963,High-Risk,Sinhagad Fort,87.56,Good,Normal,10,45,0.0030766694633719283,0.004053055642486925,0,-1,Restricted,Restricted
T011,2025-09-08 10:46:00,18.528574868879087,73.85249848395918,Safe,Aga Khan Palace,84.36,Good,Normal,10,46,0.013193782270047194,-0.0026974882304529046,2,-1,Restricted,Restricted
T011,2025-09-08 10:46:30,18.511121660480487,73.85684253772334,Safe,Shaniwar Wada,90.59,Good,Normal,10,46,-0.01745320839859943,0.004344053764157252,2,-1,Restricted,Safe
T011,2025-09-08 10:47:00,18.52184750647615,73.84800365724912,Safe,Sinhagad Fort,86.85,Good,Normal,10,47,0.010725845995661842,-0.008838880474215216,2,44,Safe,Restricted
T011,2025-09-08 10:47:30,18.513281917403223,73.8500377568647,Safe,Sinhagad Fort,92.91,Good,Normal,10,47,-0.008565589072926372,0.0020340996155709945,2,-1,Restricted,Restricted
T011,2025-09-08 10:48:00,18.521401649951343,73.85724203504844,Safe,Pataleshwar Caves,92.6,Good,Normal,10,48,0.008119732548120595,0.0072042781837495795,2,-1,Restricted,Restricted
T011,2025-09-08 10:48:30,18.529376314673907,73.84834501613102,Safe,Shaniwar Wada,92.85,Poor,Normal,10,48,0.007974664722564029,-0.008897018917423338,2,-1,Restricted,Restricted
T011,2025-09-08 10:49:00,18.52726852247125,73.84740886481679,High-Risk,Aga Khan Palace,92.89,Poor,Normal,10,49,-0.0021077922026577767,-0.0009361513142351896,0,-1,Restricted,Restricted
T011,2025-09-08 10:49:30,18.51682091710357,73.86179344725592,Safe,Aga Khan Palace,88.1,Lost,Normal,10,49,-0.010447605367680524,0.014384582439134874,2,-1,Restricted,Restricted
T011,2025-09-08 10:50:00,18.523779843350592,73.8530731839827,High-Risk,Pataleshwar Caves,86.76,Good,Normal,10,50,0.006958926247023101,-0.00872026327321862,0,-1,Restricted,Safe
T011,2025-09-08 10:50:30,18.51152262858393,73.85608183360979,Safe,Pataleshwar Caves,91.26,Good,Normal,10,50,-0.012257214766663083,0.003008649627091131,2,43,Safe,Restricted
T011,2025-09-08 10:51:00,18.526406450534164,73.85146379604481,Safe,Pataleshwar Caves,93.99,Good,Normal,10,51,0.014883821950235188,-0.004618037564981137,2,-1,Restricted,Restricted
T011,2025-09-08 10:51:30,18.513948988024374,73.84675040792449,Safe,Pataleshwar Caves,81.13,Lost,Normal,10,51,-0.012457462509789963,-0.004713388120322293,2,-1,Restricted,Safe
T011,2025-09-08 10:52:00,18.516599505803068,73.85313095479366,Safe,Shaniwar Wada,93.94,Poor,Normal,10,52,0.0026505177786937395,0.006380546869166892,2,55,Safe,Safe
T011,2025-09-08 10:52:30,18.511316205939096,73.85530170189946,Safe,Shaniwar Wada,85.67,Good,Normal,10,52,-0.005283299863972246,0.002170747105807891,2,56,Safe,Restricted
T011,2025-09-08 10:53:00,18.5200162484383,73.8523792007905,Safe,Shaniwar Wada,83.22,Good,Normal,10,53,0.00870004249920342,-0.0029225011089693,2,-1,Restricted,Restricted
T011,2025-09-08 10:53:30,18.526129529575783,73.84800124328798,High-Risk,Aga Khan Palace,84.37,Good,Normal,10,53,0.006113281137483995,-0.004377957502512686,0,-1,Restricted,Restricted
T011,2025-09-08 10:54:00,18.51615767091709,73.85845112012721,Safe,Aga Khan Palace,81.66,Poor,Normal,10,54,-0.009971858658694543,0.01044987683923182,2,-1,Restricted,Restricted
T011,2025-09-08 10:54:30,18.517615859365616,73.8565838889119,Safe,Aga Khan Palace,83.78,Good,Normal,10,54,0.0014581884485274088,-0.0018672312153142911,2,-1,Restricted,Restricted
T011,2025-09-08 10:55:00,18.52368755478316,73.85670663789398,Safe,Pataleshwar Caves,82.55,Good,Normal,10,55,0.0060716954175426,0.0001227489820792016,2,-1,Restricted,Restricted
T011,2025-09-08 10:55:30,18.529337620458723,73.85646669628944,High-Risk,Aga Khan Palace,85.26,Good,Normal,10,55,0.005650065675563809,-0.00023994160453355562,0,-1,Restricted,Restricted
T011,2025-09-08 10:56:00,18.52990746137829,73.84846540423422,Safe,Pataleshwar Caves,78.81,Good,Normal,10,56,0.0005698409195673548,-0.008001292055226372,2,-1,Restricted,Restricted
T011,2025-09-08 10:56:30,18.524980551952677,73.86462060235358,High-Risk,Shaniwar Wada,91.14,Good,Normal,10,56,-0.004926909425613246,0.016155198119363945,0,-1,Restricted,Safe
T011,2025-09-08 10:57:00,18.513751328867283,73.85884787247309,Safe,Aga Khan Palace,88.19,Poor,Normal,10,57,-0.011229223085393869,-0.005772729880490601,2,75,Safe,Safe
T011,2025-09-08 10:57:30,18.52933809361864,73.86256991552335,Safe,Shaniwar Wada,90.68,Good,Normal,10,57,0.015586764751358118,0.0037220430502600266,2,13,Safe,Restricted
T011,2025-09-08 10:58:00,18.51447005150628,73.85234880925142,Restricted,Pataleshwar Caves,84.89,Good,Normal,10,58,-0.01486804211236148,-0.010221106271927738,1,-1,Restricted,Restricted
T011,2025-09-08 10:58:30,18.51319571027285,73.85236030920521,Safe,Lal Mahal,87.06,Good,Normal,10,58,-0.0012743412334295101,1.1499953785687467e-05,2,-1,Restricted,Restricted
T011,2025-09-08 10:59:00,18.51310173456273,73.8617871837214,Safe,Aga Khan Palace,84.85,Lost,Normal,10,59,-9.397571011859895e-05,0.009426874516194061,2,-1,Restricted,Restricted
T011,2025-09-08 10:59:30,18.51972364218177,73.85136462585646,Safe,Lal Mahal,87.69,Good,Normal,10,59,0.006621907619038581,-0.01042255786494195,2,-1,Restricted,Restricted
T011,2025-09-08 11:00:00,18.51817911029116,73.85224812535775,Safe,Lal Mahal,83.5,Good,Normal,11,0,-0.00154453189060888,0.0008834995012847457,2,-1,Restricted,Restricted
T011,2025-09-08 11:00:30,18.523589797455177,73.84971668012177,Safe,Pataleshwar Caves,87.78,Poor,Normal,11,0,0.005410687164015826,-0.002531445235973706,2,-1,Restricted,Restricted
T011,2025-09-08 11:01:00,18.510507929063603,73.86507438740848,Safe,Shaniwar Wada,76.1,Good,Normal,11,1,-0.013081868391573437,0.01535770728671082,2,-1,Restricted,Restricted
T011,2025-09-08 11:01:30,18.51546461721188,73.86021090198831,Safe,Sinhagad Fort,86.61,Poor,Normal,11,1,0.0049566881482761005,-0.004863485420173674,2,-1,Restricted,Restricted
T011,2025-09-08 11:02:00,18.51116659762408,73.8596603888238,Safe,Aga Khan Palace,90.99,Poor,Normal,11,2,-0.004298019587800184,-0.0005505131645122674,2,-1,Restricted,Restricted
T011,2025-09-08 11:02:30,18.51313871446492,73.84734993759533,High-Risk,Sinhagad Fort,93.07,Good,Normal,11,2,0.001972116840839533,-0.01231045122847263,0,-1,Restricted,Restricted
T011,2025-09-08 11:03:00,18.515964526181133,73.85698776246404,High-Risk,Pataleshwar Caves,89.4,Good,Normal,11,3,0.0028258117162138774,0.00963782486871878,0,-1,Restricted,Restricted
T011,2025-09-08 11:03:30,18.529120532958604,73.85583775553812,Safe,Lal Mahal,87.93,Good,Normal,11,3,0.013156006777471418,-0.0011500069259255952,2,-1,Restricted,Restricted
T011,2025-09-08 11:04:00,18.519784553389204,73.85892437588535,Restricted,Sinhagad Fort,81.01,Lost,Normal,11,4,-0.00933597956939991,0.003086620347232838,1,-1,Restricted,Restricted
T011,2025-09-08 11:04:30,18.513462772140382,73.86622178823573,High-Risk,Aga Khan Palace,74.98,Poor,Normal,11,4,-0.006321781248821878,0.007297412350382615,0,-1,Restricted,Restricted
T011,2025-09-08 11:05:00,18.51573138984261,73.86201091316471,Restricted,Shaniwar Wada,83.03,Good,Normal,11,5,0.0022686177022279708,-0.004210875071024134,1,-1,Restricted,Restricted
T011,2025-09-08 11:05:30,18.518980590708463,73.86616245081618,Safe,Pataleshwar Caves,78.56,Good,Normal,11,5,0.003249200865852231,0.004151537651466697,2,-1,Restricted,Restricted
T011,2025-09-08 11:06:00,18.524161544053207,73.85858661749641,High-Risk,Sinhagad Fort,85.82,Good,Normal,11,6,0.005180953344744665,-0.007575833319762637,0,-1,Restricted,Restricted
T011,2025-09-08 11:06:30,18.520780400643787,73.85384063033322,Restricted,Sinhagad Fort,91.27,Good,Normal,11,6,-0.0033811434094204174,-0.00474598716319008,1,-1,Restricted,Restricted
T011,2025-09-08 11:07:00,18.515113972017783,73.86055327154584,High-Risk,Aga Khan Palace,73.6,Good,Normal,11,7,-0.00566642862600375,0.006712641212615722,0,-1,Restricted,Restricted
T011,2025-09-08 11:07:30,18.515636781627133,73.86252322934669,Safe,Shaniwar Wada,82.81,Good,Normal,11,7,0.0005228096093503609,0.0019699578008527396,2,-1,Restricted,Restricted
T011,2025-09-08 11:08:00,18.52996165073981,73.86574933355475,Safe,Pataleshwar Caves,85.79,Good,Normal,11,8,0.014324869112677163,0.0032261042080534708,2,-1,Restricted,Restricted
T011,2025-09-08 11:08:30,18.51767504731481,73.85623243260562,High-Risk,Pataleshwar Caves,73.4,Good,Normal,11,8,-0.012286603425000209,-0.009516900949122942,0,-1,Restricted,Restricted
T011,2025-09-08 11:09:00,18.511909115744515,73.864999157368,Safe,Aga Khan Palace,86.97,Good,Normal,11,9,-0.005765931570294924,0.008766724762381273,2,-1,Restricted,Restricted
T011,2025-09-08 11:09:30,18.51531847801288,73.85613465318004,Safe,Shaniwar Wada,84.6,Poor,Normal,11,9,0.003409362268364191,-0.008864504187968691,2,-1,Restricted,Restricted
T011,2025-09-08 11:10:00,18.521339781758385,73.8481423487937,High-Risk,Lal Mahal,82.24,Good,Normal,11,10,0.006021303745505691,-0.007992304386334581,0,-1,Restricted,Restricted
T011,2025-09-08 11:10:30,18.52872684505617,73.8597897840436,Safe,Shaniwar Wada,90.32,Lost,Normal,11,10,0.00738706329778438,0.011647435249898308,2,-1,Restricted,Restricted
T011,2025-09-08 11:11:00,18.51420247993053,73.85081902215764,High-Risk,Lal Mahal,92.74,Good,Normal,11,11,-0.01452436512564148,-0.00897076188596202,0,-1,Restricted,Restricted
T011,2025-09-08 11:11:30,18.52978663802342,73.84855469358025,High-Risk,Sinhagad Fort,75.27,Good,Normal,11,11,0.015584158092892153,-0.0022643285773824573,0,-1,Restricted,Restricted
T011,2025-09-08 11:12:00,18.527820342700227,73.85558222645544,High-Risk,Aga Khan Palace,75.02,Good,Normal,11,12,-0.0019662953231929237,0.007027532875184761,0,-1,Restricted,Restricted
T011,2025-09-08 11:12:30,18.526798303597737,73.86477650172101,Safe,Aga Khan Palace,75.1,Good,Normal,11,12,-0.0010220391024908793,0.00919427526557115,2,-1,Restricted,Restricted
T011,2025-09-08 11:13:00,18.524285716364457,73.85173380695146,Safe,Aga Khan Palace,88.47,Poor,Normal,11,13,-0.0025125872332800725,-0.013042694769552554,2,-1,Restricted,Safe
T011,2025-09-08 11:13:30,18.524428808407038,73.84818549104581,Safe,Sinhagad Fort,84.36,Poor,Normal,11,13,0.00014309204258111663,-0.0035483159056468594,2,93,Safe,Restricted
T011,2025-09-08 11:14:00,18.51927484917452,73.85046359955008,High-Risk,Pataleshwar Caves,87.15,Good,Normal,11,14,-0.005153959232519156,0.0022781085042709037,0,-1,Restricted,Restricted
T011,2025-09-08 11:14:30,18.518206563104627,73.8662999436355,Safe,Aga Khan Palace,74.47,Good,Normal,11,14,-0.0010682860698913998,0.015836344085414567,2,-1,Restricted,Restricted
T011,2025-09-08 11:15:00,18.52130715261983,73.84889249360796,Safe,Shaniwar Wada,83.17,Good,Normal,11,15,0.0031005895152027563,-0.017407450027533855,2,-1,Restricted,Restricted
T011,2025-09-08 11:15:30,18.5126804204444,73.85358488331143,Safe,Aga Khan Palace,81.82,Good,Normal,11,15,-0.008626732175429197,0.004692389703464528,2,-1,Restricted,Restricted
T011,2025-09-08 11:16:00,18.52873710395518,73.85439268768248,Safe,Aga Khan Palace,87.06,Good,Normal,11,16,0.01605668351077938,0.0008078043710497695,2,-1,Restricted,Restricted
T011,2025-09-08 11:16:30,18.529668654734515,73.86332603983749,Safe,Shaniwar Wada,90.47,Poor,Normal,11,16,0.0009315507793346001,0.008933352155011676,2,-1,Restricted,Restricted
T011,2025-09-08 11:17:00,18.515346531972924,73.85184859829087,Safe,Sinhagad Fort,73.6,Poor,Normal,11,17,-0.01432212276159106,-0.011477441546617229,2,-1,Restricted,Restricted
T011,2025-09-08 11:17:30,18.51753155788146,73.84921548975184,Safe,Shaniwar Wada,79.32,Good,Normal,11,17,0.0021850259085347545,-0.0026331085390296494,2,-1,Restricted,Safe
T011,2025-09-08 11:18:00,18.527406266812168,73.8597787944267,Safe,Lal Mahal,80.6,Poor,Normal,11,18,0.00987470893070963,0.010563304674860774,2,94,Safe,Restricted
T011,2025-09-08 11:18:30,18.51105201554318,73.86267640503803,Safe,Sinhagad Fort,70.34,Lost,Normal,11,18,-0.016354251268989373,0.00289761061132765,2,-1,Restricted,Restricted
T011,2025-09-08 11:19:00,18.529890547381576,73.86459498792632,Safe,Pataleshwar Caves,84.91,Good,Normal,11,19,0.0188385318383979,0.0019185828882939404,2,-1,Restricted,Restricted
T011,2025-09-08 11:19:30,18.52467759876816,73.84755866291813,Restricted,Aga Khan Palace,74.33,Good,Normal,11,19,-0.005212948613415591,-0.017036325008191966,1,-1,Restricted,Restricted
T011,2025-09-08 11:20:00,18.530063715768016,73.85446351588817,Safe,Sinhagad Fort,81.12,Good,Normal,11,20,0.005386116999854806,0.006904852970038178,2,-1,Restricted,Restricted
T011,2025-09-08 11:20:30,18.528026934350585,73.85159844743094,High-Risk,Shaniwar Wada,74.64,Good,Normal,11,20,-0.0020367814174306886,-0.0028650684572255614,0,-1,Restricted,Restricted
T011,2025-09-08 11:21:00,18.517345823051222,73.84713631888314,Safe,Lal Mahal,88.32,Good,Normal,11,21,-0.010681111299362556,-0.004462128547800148,2,-1,Restricted,Restricted
T011,2025-09-08 11:21:30,18.5109729027384,73.86398946622221,Restricted,Lal Mahal,70.99,Good,Normal,11,21,-0.006372920312823993,0.016853147339062957,1,-1,Restricted,Restricted
T011,2025-09-08 11:22:00,18.521093890484305,73.85663812561893,Safe,Pataleshwar Caves,91.76,Good,Normal,11,22,0.010120987745906973,-0.0073513406032788,2,-1,Restricted,Restricted
T011,2025-09-08 11:22:30,18.516585108374496,73.86642392372413,Restricted,Aga Khan Palace,84.11,Good,Normal,11,22,-0.004508782109809317,0.00978579810519875,1,-1,Restricted,Restricted
T011,2025-09-08 11:23:00,18.520751956414355,73.84950426439923,Safe,Aga Khan Palace,85.34,Good,Normal,11,23,0.004166848039858451,-0.016919659324898362,2,-1,Restricted,Restricted
T011,2025-09-08 11:23:30,18.52003355295725,73.86150933712796,High-Risk,Aga Khan Palace,85.69,Good,Normal,11,23,-0.0007184034571032782,0.012005072728726418,0,-1,Restricted,Restricted
T011,2025-09-08 11:24:00,18.51328444735719,73.85269081257985,Safe,Shaniwar Wada,86.7,Good,Normal,11,24,-0.006749105600061256,-0.008818524548104278,2,-1,Restricted,Restricted
T011,2025-09-08 11:24:30,18.51478004708271,73.86118289870385,Safe,Lal Mahal,74.93,Good,Normal,11,24,0.00149559972551927,0.008492086123993658,2,-1,Restricted,Restricted
T011,2025-09-08 11:25:00,18.51362659331808,73.85011860736792,Safe,Sinhagad Fort,73.86,Poor,Normal,11,25,-0.0011534537646298304,-0.011064291335927123,2,-1,Restricted,Restricted
T011,2025-09-08 11:25:30,18.510536170979872,73.86649361570015,Safe,Aga Khan Palace,80.2,Poor,Normal,11,25,-0.0030904223382073326,0.01637500833223271,2,-1,Restricted,Restricted
T011,2025-09-08 11:26:00,18.523445922230778,73.85202191928342,High-Risk,Lal Mahal,67.74,Good,Normal,11,26,0.012909751250905543,-0.014471696416734403,0,-1,Restricted,Restricted
T011,2025-09-08 11:26:30,18.52499533501428,73.86291546573041,High-Risk,Pataleshwar Caves,87.56,Good,Normal,11,26,0.0015494127835040672,0.010893546446993696,0,-1,Restricted,Restricted
T011,2025-09-08 11:27:00,18.518881627178587,73.86425278292427,Restricted,Shaniwar Wada,68.17,Good,Normal,11,27,-0.0061137078356949814,0.0013373171938582118,1,-1,Restricted,Restricted
T011,2025-09-08 11:27:30,18.519851843379065,73.8580861485895,Restricted,Lal Mahal,74.07,Good,Normal,11,27,0.0009702162004785464,-0.006166634334761056,1,-1,Restricted,Restricted
T011,2025-09-08 11:28:00,18.51873568231484,73.86014661375792,High-Risk,Lal Mahal,85.44,Good,Normal,11,28,-0.001116161064224741,0.0020604651684124065,0,-1,Restricted,Restricted
T011,2025-09-08 11:28:30,18.519629946231927,73.86137778025036,Safe,Lal Mahal,86.28,Good,Normal,11,28,0.0008942639170861355,0.001231166492445368,2,-1,Restricted,Safe
T011,2025-09-08 11:29:00,18.51263323243441,73.85837622717308,Safe,Aga Khan Palace,88.25,Good,Normal,11,29,-0.0069967137975162075,-0.0030015530772828924,2,95,Safe,Restricted
T011,2025-09-08 11:29:30,18.518771753247005,73.84958330553175,Safe,Shaniwar Wada,80.25,Good,Normal,11,29,0.006138520812594805,-0.008792921641330054,2,-1,Restricted,Restricted
T011,2025-09-08 11:30:00,18.52918718738243,73.85453178134331,Restricted,Aga Khan Palace,82.12,Good,Normal,11,30,0.010415434135424562,0.0049484758115596605,1,-1,Restricted,Restricted
T011,2025-09-08 11:30:30,18.51622726483402,73.86035210311597,Safe,Sinhagad Fort,71.91,Lost,Normal,11,30,-0.012959922548411384,0.005820321772660009,2,-1,Restricted,Restricted
T011,2025-09-08 11:31:00,18.512137888068224,73.85325208371228,Safe,Shaniwar Wada,73.08,Lost,Normal,11,31,-0.004089376765794128,-0.007100019403694091,2,-1,Restricted,Restricted
T011,2025-09-08 11:31:30,18.515514560991598,73.84922180195176,Safe,Pataleshwar Caves,64.4,Lost,Normal,11,31,0.0033766729233732917,-0.004030281760520893,2,-1,Restricted,Restricted
T011,2025-09-08 11:32:00,18.525923944602333,73.84888275738129,High-Risk,Aga Khan Palace,83.34,Good,Normal,11,32,0.01040938361073529,-0.00033904457046673997,0,-1,Restricted,Restricted
T011,2025-09-08 11:32:30,18.52964935997161,73.85012044174849,Safe,Lal Mahal,82.54,Good,Normal,11,32,0.0037254153692778402,0.0012376843671972892,2,-1,Restricted,Restricted
T011,2025-09-08 11:33:00,18.52788493207716,73.8660872817871,Restricted,Aga Khan Palace,78.88,Good,Normal,11,33,-0.0017644278944501934,0.01596684003861526,1,-1,Restricted,Restricted
T011,2025-09-08 11:33:30,18.51882428512417,73.86026874606213,High-Risk,Lal Mahal,79.85,Good,Normal,11,33,-0.009060646952992357,-0.00581853572496982,0,-1,Restricted,Restricted
T011,2025-09-08 11:34:00,18.51704139422345,73.86669737937379,Safe,Lal Mahal,80.46,Good,Normal,11,34,-0.001782890900717149,0.006428633311656995,2,-1,Restricted,Restricted
T011,2025-09-08 11:34:30,18.530305107395915,73.86279958859566,Safe,Lal Mahal,87.18,Good,Normal,11,34,0.013263713172463554,-0.003897790778125909,2,-1,Restricted,Restricted
T011,2025-09-08 11:35:00,18.521452262535483,73.86562940210318,Safe,Aga Khan Palace,63.17,Poor,Normal,11,35,-0.008852844860431475,0.0028298135075175423,2,-1,Restricted,Restricted
T011,2025-09-08 11:35:30,18.52336543554521,73.85616974159456,Safe,Aga Khan Palace,70.82,Good,Normal,11,35,0.0019131730097257105,-0.009459660508625234,2,-1,Restricted,Restricted
T011,2025-09-08 11:36:00,18.52158779282528,73.85517886739608,Safe,Lal Mahal,82.71,Good,Normal,11,36,-0.0017776427199294176,-0.000990874198478764,2,-1,Restricted,Restricted
T011,2025-09-08 11:36:30,18.512482386510488,73.85692279459545,High-Risk,Shaniwar Wada,81.22,Poor,Normal,11,36,-0.009105406314791509,0.0017439271993708871,0,-1,Restricted,Restricted
T011,2025-09-08 11:37:00,18.51998280197452,73.85707758276686,Safe,Sinhagad Fort,80.82,Good,Normal,11,37,0.007500415464033239,0.00015478817141456602,2,-1,Restricted,Restricted
T011,2025-09-08 11:37:30,18.52114470870636,73.85408646828245,High-Risk,Sinhagad Fort,65.97,Good,Normal,11,37,0.001161906731837803,-0.0029911144844163573,0,-1,Restricted,Restricted
T011,2025-09-08 11:38:00,18.52186471419,73.85708137090839,Safe,Sinhagad Fort,84.75,Good,Normal,11,38,0.0007200054836395964,0.002994902625943041,2,-1,Restricted,Restricted
T011,2025-09-08 11:38:30,18.513028504083465,73.8622121827971,Safe,Shaniwar Wada,74.85,Lost,Normal,11,38,-0.00883621010653357,0.005130811888705011,2,-1,Restricted,Restricted
T011,2025-09-08 11:39:00,18.510699484578318,73.85822623175909,Safe,Pataleshwar Caves,76.91,Poor,Normal,11,39,-0.0023290195051473006,-0.003985951038004032,2,-1,Restricted,Restricted
T011,2025-09-08 11:39:30,18.53039762509297,73.85015484461594,Safe,Sinhagad Fort,81.53,Good,Normal,11,39,0.01969814051465235,-0.008071387143147035,2,-1,Restricted,Restricted
T012,2025-09-08 10:00:00,18.517398694618176,73.86472090415626,Safe,Aga Khan Palace,100.0,Good,Normal,10,0,-0.012998930474793724,0.014566059540314313,2,-1,Restricted,Restricted
T012,2025-09-08 10:00:30,18.52567579690317,73.86174288429842,High-Risk,Shaniwar Wada,99.82,Good,Normal,10,0,0.008277102284992566,-0.002978019857835079,0,-1,Restricted,Restricted
T012,2025-09-08 10:01:00,18.518444080951408,73.85441087421307,Safe,Pataleshwar Caves,99.81,Good,Normal,10,1,-0.007231715951760975,-0.007332010085349339,2,-1,Restricted,Restricted
T012,2025-09-08 10:01:30,18.51520404681389,73.84700942985565,Safe,Sinhagad Fort,99.49,Good,Normal,10,1,-0.0032400341375193875,-0.007401444357427067,2,-1,Restricted,Restricted
T012,2025-09-08 10:02:00,18.525629616349043,73.85664138445786,Safe,Sinhagad Fort,99.56,Good,Normal,10,2,0.010425569535154722,0.009631954602213,2,-1,Restricted,Safe
T012,2025-09-08 10:02:30,18.517672616847285,73.85027437352296,Safe,Sinhagad Fort,99.64,Good,Normal,10,2,-0.007956999501757878,-0.006367010934894779,2,96,Safe,Restricted
T012,2025-09-08 10:03:00,18.514733796511777,73.85681650222205,Safe,Lal Mahal,99.03,Good,Normal,10,3,-0.0029388203355082965,0.006542128699081218,2,-1,Restricted,Restricted
T012,2025-09-08 10:03:30,18.526600613711445,73.86664621074814,Restricted,Lal Mahal,99.12,Good,Normal,10,3,0.011866817199667423,0.009829708526098102,1,-1,Restricted,Restricted
T012,2025-09-08 10:04:00,18.52316218398436,73.84956066005375,Safe,Sinhagad Fort,98.95,Poor,Normal,10,4,-0.003438429727083303,-0.01708555069438944,2,-1,Restricted,Safe
T012,2025-09-08 10:04:30,18.51788889542764,73.86395602380641,Safe,Shaniwar Wada,98.63,Lost,Normal,10,4,-0.0052732885567223775,0.014395363752655044,2,97,Safe,Restricted
T012,2025-09-08 10:05:00,18.51735379925541,73.85179388070738,Safe,Aga Khan Palace,98.53,Good,Normal,10,5,-0.0005350961722285774,-0.012162143099033074,2,-1,Restricted,Restricted
T012,2025-09-08 10:05:30,18.515189776943476,73.86536759604394,Restricted,Sinhagad Fort,98.33,Good,Normal,10,5,-0.002164022311934133,0.013573715336562486,1,-1,Restricted,Restricted
T012,2025-09-08 10:06:00,18.51904054746661,73.85843859447623,High-Risk,Sinhagad Fort,98.78,Good,Normal,10,6,0.0038507705231332068,-0.006929001567712589,0,-1,Restricted,Restricted
T012,2025-09-08 10:06:30,18.53019989652655,73.8560722315811,High-Risk,Lal Mahal,97.68,Lost,Normal,10,6,0.011159349059941093,-0.0023663628951311466,0,-1,Restricted,Restricted
T012,2025-09-08 10:07:00,18.513069364790525,73.85169833737501,Safe,Aga Khan Palace,97.96,Good,Normal,10,7,-0.017130531736025745,-0.004373894206082696,2,-1,Restricted,Restricted
T012,2025-09-08 10:07:30,18.530209446753165,73.84944435519184,Restricted,Shaniwar Wada,97.75,Good,Normal,10,7,0.017140081962640608,-0.0022539821831770723,1,-1,Restricted,Restricted
T012,2025-09-08 10:08:00,18.51275564353895,73.86220140501028,Safe,Sinhagad Fort,98.33,Good,Normal,10,8,-0.017453803214216634,0.01275704981844683,2,-1,Restricted,Restricted
T012,2025-09-08 10:08:30,18.52034930268521,73.86600136251612,Safe,Pataleshwar Caves,98.75,Good,Normal,10,8,0.0075936591462628655,0.0037999575058336177,2,-1,Restricted,Restricted
T012,2025-09-08 10:09:00,18.5231492208319,73.84825954776977,Safe,Shaniwar Wada,96.73,Poor,Normal,10,9,0.0027999181466888956,-0.017741814746344176,2,-1,Restricted,Restricted
T012,2025-09-08 10:09:30,18.517099332927835,73.85703906980292,Safe,Shaniwar Wada,96.61,Lost,Normal,10,9,-0.006049887904065798,0.008779522033151466,2,-1,Restricted,Restricted
T012,2025-09-08 10:10:00,18.519308553213783,73.84680533127948,Safe,Shaniwar Wada,98.88,Good,Normal,10,10,0.002209220285948277,-0.010233738523439229,2,-1,Restricted,Restricted
T012,2025-09-08 10:10:30,18.52818262279203,73.85928448058901,Safe,Pataleshwar Caves,97.26,Good,Normal,10,10,0.008874069578247656,0.012479149309527315,2,-1,Restricted,Restricted
T012,2025-09-08 10:11:00,18.517614496854296,73.86355888648286,Safe,Shaniwar Wada,97.95,Good,Normal,10,11,-0.010568125937734152,0.004274405893852418,2,-1,Restricted,Restricted
T012,2025-09-08 10:11:30,18.52847346087083,73.85838739165528,Restricted,Lal Mahal,95.46,Poor,Normal,10,11,0.010858964016534856,-0.0051714948275787265,1,-1,Restricted,Safe
T012,2025-09-08 10:12:00,18.522966651350742,73.85543520277739,Safe,Pataleshwar Caves,97.91,Good,Normal,10,12,-0.005506809520088751,-0.0029521888778987204,2,18,Safe,Restricted
T012,2025-09-08 10:12:30,18.512939302201595,73.86227510422596,Safe,Aga Khan Palace,97.72,Good,Normal,10,12,-0.010027349149147824,0.00683990144857205,2,-1,Restricted,Restricted
T012,2025-09-08 10:13:00,18.519642343044914,73.85208142653765,Safe,Sinhagad Fort,97.14,Poor,Normal,10,13,0.006703040843319741,-0.01019367768830648,2,-1,Restricted,Safe
T012,2025-09-08 10:13:30,18.528210619065167,73.85067858350473,Safe,Pataleshwar Caves,97.51,Good,Normal,10,13,0.008568276020252341,-0.0014028430329204866,2,107,Safe,Restricted
T012,2025-09-08 10:14:00,18.514624148722948,73.85576256133633,High-Risk,Aga Khan Palace,94.62,Poor,Normal,10,14,-0.013586470342218604,0.0050839778316031925,0,-1,Restricted,Restricted
T012,2025-09-08 10:14:30,18.5233564185511,73.8622361942,Safe,Pataleshwar Caves,95.84,Good,Normal,10,14,0.008732269828151118,0.006473632863659873,2,-1,Restricted,Restricted
T012,2025-09-08 10:15:00,18.529526297806598,73.85613789365219,Safe,Pataleshwar Caves,95.19,Good,Normal,10,15,0.0061698792554985005,-0.0060983005478050245,2,-1,Restricted,Restricted
T012,2025-09-08 10:15:30,18.52097431905634,73.85661670749379,Safe,Pataleshwar Caves,96.96,Poor,Normal,10,15,-0.008551978750258371,0.00047881384159609297,2,-1,Restricted,Safe
T012,2025-09-08 10:16:00,18.530012934014533,73.86024017166484,Safe,Shaniwar Wada,97.9,Lost,Normal,10,16,0.009038614958193136,0.003623464171056412,2,131,Safe,Safe
T012,2025-09-08 10:16:30,18.52858076746809,73.84984086193712,Safe,Aga Khan Palace,95.22,Good,Normal,10,16,-0.001432166546443625,-0.010399309727716854,2,79,Safe,Restricted
T012,2025-09-08 10:17:00,18.52977562754019,73.8528211911563,Safe,Sinhagad Fort,97.46,Poor,Normal,10,17,0.0011948600721005675,0.0029803292191701303,2,-1,Restricted,Safe
T012,2025-09-08 10:17:30,18.51402350193131,73.86649359178573,Safe,Shaniwar Wada,95.12,Lost,Normal,10,17,-0.01575212560888062,0.013672400629431536,2,98,Safe,Restricted
T012,2025-09-08 10:18:00,18.523898447923948,73.86046477309533,Safe,Aga Khan Palace,98.02,Poor,Normal,10,18,0.009874945992638828,-0.006028818690396065,2,-1,Restricted,Restricted
T012,2025-09-08 10:18:30,18.525244334393385,73.85185269719678,Safe,Aga Khan Palace,94.79,Lost,Normal,10,18,0.0013458864694371186,-0.008612075898554394,2,-1,Restricted,Safe
T012,2025-09-08 10:19:00,18.524066673636963,73.85963817240588,Safe,Pataleshwar Caves,92.66,Good,Normal,10,19,-0.0011776607564222275,0.00778547520910422,2,81,Safe,Restricted
T012,2025-09-08 10:19:30,18.52184860914508,73.86180254798512,Restricted,Aga Khan Palace,94.8,Good,Normal,10,19,-0.002218064491881222,0.0021643755792410957,1,-1,Restricted,Safe
T012,2025-09-08 10:20:00,18.515551363833065,73.8549640123978,Safe,Aga Khan Palace,94.57,Good,Normal,10,20,-0.006297245312016031,-0.0068385355873203935,2,6,Safe,Safe
T012,2025-09-08 10:20:30,18.51515329604228,73.86003041103402,Safe,Lal Mahal,94.66,Poor,Normal,10,20,-0.00039806779078688237,0.005066398636216718,2,4,Safe,Restricted
T012,2025-09-08 10:21:00,18.529379361331696,73.86512330438605,Safe,Shaniwar Wada,91.95,Poor,Normal,10,21,0.014226065289417278,0.005092893352028227,2,-1,Restricted,Restricted
T012,2025-09-08 10:21:30,18.517395319871383,73.84867264829704,Safe,Pataleshwar Caves,92.93,Good,Normal,10,21,-0.011984041460312511,-0.016450656089006088,2,-1,Restricted,Restricted
T012,2025-09-08 10:22:00,18.515078221457564,73.84909416542105,Safe,Sinhagad Fort,95.87,Poor,Normal,10,22,-0.0023170984138189965,0.00042151712401050645,2,-1,Restricted,Restricted
T012,2025-09-08 10:22:30,18.51125985580672,73.85306820518068,Safe,Aga Khan Palace,94.36,Poor,Normal,10,22,-0.0038183656508437025,0.00397403975962618,2,-1,Restricted,Restricted
T012,2025-09-08 10:23:00,18.511117129803367,73.84981399803033,Restricted,Sinhagad Fort,97.43,Good,Normal,10,23,-0.00014272600335374364,-0.0032542071503485204,1,-1,Restricted,Restricted
T012,2025-09-08 10:23:30,18.52892446947358,73.8615170772805,Safe,Pataleshwar Caves,97.47,Good,Normal,10,23,0.017807339670213196,0.011703079250168003,2,-1,Restricted,Restricted
T012,2025-09-08 10:24:00,18.51994880717458,73.84962849700003,Safe,Shaniwar Wada,93.49,Good,Normal,10,24,-0.00897566229900093,-0.011888580280469796,2,-1,Restricted,Restricted
T012,2025-09-08 10:24:30,18.52859439419324,73.848145124035,Safe,Pataleshwar Caves,91.44,Good,Normal,10,24,0.008645587018662582,-0.0014833729650263194,2,-1,Restricted,Safe
T012,2025-09-08 10:25:00,18.525851253875743,73.84884694800408,Safe,Aga Khan Palace,96.25,Good,Normal,10,25,-0.0027431403174986713,0.0007018239690808059,2,61,Safe,Restricted
T012,2025-09-08 10:25:30,18.52224701423302,73.86293079923037,Safe,Aga Khan Palace,93.04,Lost,Normal,10,25,-0.0036042396427227175,0.014083851226288857,2,-1,Restricted,Safe
T012,2025-09-08 10:26:00,18.514134432322525,73.85208165175526,Safe,Sinhagad Fort,90.44,Poor,Normal,10,26,-0.008112581910495464,-0.010849147475113341,2,54,Safe,Restricted
T012,2025-09-08 10:26:30,18.53002920518288,73.8576985458392,Safe,Shaniwar Wada,96.2,Poor,Normal,10,26,0.015894772860356454,0.005616894083942725,2,-1,Restricted,Restricted
T012,2025-09-08 10:27:00,18.527401026996436,73.85194085343907,Safe,Pataleshwar Caves,95.84,Good,Normal,10,27,-0.002628178186444785,-0.005757692400123915,2,-1,Restricted,Safe
T012,2025-09-08 10:27:30,18.522570216524883,73.85399231958243,Safe,Lal Mahal,96.61,Good,Normal,10,27,-0.004830810471553093,0.002051466143356606,2,99,Safe,Restricted
T012,2025-09-08 10:28:00,18.53004028660941,73.851946529786,Restricted,Aga Khan Palace,93.52,Good,Normal,10,28,0.00747007008452627,-0.002045789796426334,1,-1,Restricted,Safe
T012,2025-09-08 10:28:30,18.522821389502877,73.8652140772229,Safe,Aga Khan Palace,92.32,Good,Normal,10,28,-0.0072188971065330065,0.01326754743689662,2,100,Safe,Restricted
T012,2025-09-08 10:29:00,18.523573634338565,73.86612245803438,Safe,Aga Khan Palace,89.74,Good,Normal,10,29,0.0007522448356880318,0.0009083808114809244,2,-1,Restricted,Restricted
T012,2025-09-08 10:29:30,18.514831760089898,73.85817970046052,High-Risk,Aga Khan Palace,92.98,Good,Normal,10,29,-0.008741874248666903,-0.007942757573857762,0,-1,Restricted,Restricted
T012,2025-09-08 10:30:00,18.52579214161151,73.85395282403778,Restricted,Lal Mahal,93.95,Good,Normal,10,30,0.010960381521613272,-0.00422687642274866,1,-1,Restricted,Restricted
T012,2025-09-08 10:30:30,18.511821579451425,73.86023712127282,Safe,Sinhagad Fort,91.28,Good,Normal,10,30,-0.013970562160086075,0.006284297235040981,2,-1,Restricted,Restricted
T012,2025-09-08 10:31:00,18.52432316891534,73.84899981335941,Safe,Pataleshwar Caves,92.19,Good,Normal,10,31,0.012501589463916218,-0.011237307913404493,2,-1,Restricted,Restricted
T012,2025-09-08 10:31:30,18.52280615788741,73.86420695809066,Restricted,Pataleshwar Caves,89.59,Poor,Normal,10,31,-0.0015170110279321136,0.0152071447312494,1,-1,Restricted,Restricted
T012,2025-09-08 10:32:00,18.52845006146441,73.86640184275944,High-Risk,Sinhagad Fort,91.17,Good,Normal,10,32,0.005643903577002618,0.002194884668782038,0,-1,Restricted,Restricted
T012,2025-09-08 10:32:30,18.51582136170057,73.84939227527387,Restricted,Sinhagad Fort,88.87,Good,Normal,10,32,-0.012628699763840956,-0.01700956748557303,1,-1,Restricted,Restricted
T012,2025-09-08 10:33:00,18.52106349261768,73.85852943718629,High-Risk,Sinhagad Fort,90.67,Good,Normal,10,33,0.005242130917110899,0.00913716191242031,0,-1,Restricted,Safe
T012,2025-09-08 10:33:30,18.526507613573347,73.84836580830087,Safe,Lal Mahal,90.4,Good,Normal,10,33,0.00544412095566571,-0.010163628885422327,2,9,Safe,Restricted
T012,2025-09-08 10:34:00,18.517411839602733,73.86539779913157,High-Risk,Sinhagad Fort,87.27,Good,Normal,10,34,-0.009095773970614118,0.01703199083070217,0,-1,Restricted,Restricted
T012,2025-09-08 10:34:30,18.516909919172,73.84847646497582,Restricted,Sinhagad Fort,89.29,Good,Normal,10,34,-0.0005019204307323832,-0.016921334155753698,1,-1,Restricted,Restricted
T012,2025-09-08 10:35:00,18.521040326436257,73.86648889904083,Safe,Aga Khan Palace,93.23,Good,Normal,10,35,0.004130407264256064,0.01801243406501385,2,-1,Restricted,Restricted
T012,2025-09-08 10:35:30,18.52522862437095,73.85311558440006,High-Risk,Aga Khan Palace,86.25,Good,Normal,10,35,0.004188297934692997,-0.013373314640773515,0,-1,Restricted,Restricted
T012,2025-09-08 10:36:00,18.51677278530244,73.8470601954931,High-Risk,Pataleshwar Caves,95.92,Good,Normal,10,36,-0.008455839068510329,-0.006055388906958115,0,-1,Restricted,Restricted
T012,2025-09-08 10:36:30,18.52696710658588,73.85937339292617,Safe,Lal Mahal,91.98,Good,Normal,10,36,0.010194321283439223,0.012313197433073242,2,-1,Restricted,Safe
T012,2025-09-08 10:37:00,18.518305558954317,73.86042213569903,Safe,Sinhagad Fort,88.76,Good,Normal,10,37,-0.008661547631561461,0.0010487427728520515,2,101,Safe,Safe
T012,2025-09-08 10:37:30,18.524420035911525,73.8491081872003,Safe,Shaniwar Wada,94.0,Good,Normal,10,37,0.006114476957208126,-0.011313948498724358,2,9,Safe,Restricted
T012,2025-09-08 10:38:00,18.524499343398656,73.85629775120405,Safe,Aga Khan Palace,94.88,Lost,Normal,10,38,7.930748713036451e-05,0.00718956400375248,2,-1,Restricted,High-Risk
T012,2025-09-08 10:38:30,18.524433198151453,73.8564665982382,High-Risk,Aga Khan Palace,91.14,Poor,Normal,10,38,-6.614524720305326e-05,0.0001688470341463244,0,114,High-Risk,Restricted
T012,2025-09-08 10:39:00,18.526156823317677,73.86153928357689,Safe,Shaniwar Wada,92.72,Lost,Normal,10,39,0.001723625166224707,0.005072685338689098,2,-1,Restricted,Safe
T012,2025-09-08 10:39:30,18.52066242944424,73.86489992911815,Safe,Pataleshwar Caves,86.94,Poor,Normal,10,39,-0.005494393873437531,0.003360645541263807,2,102,Safe,Restricted
T012,2025-09-08 10:40:00,18.527529472068757,73.86052902952298,High-Risk,Aga Khan Palace,95.1,Good,Normal,10,40,0.0068670426245169836,-0.004370899595173228,0,-1,Restricted,Restricted
T012,2025-09-08 10:40:30,18.529776945559103,73.85878345217145,Safe,Aga Khan Palace,89.51,Good,Normal,10,40,0.0022474734903461524,-0.001745577351528027,2,-1,Restricted,Safe
T012,2025-09-08 10:41:00,18.520906282785884,73.85593576186157,Safe,Pataleshwar Caves,91.83,Good,Normal,10,41,-0.008870662773219351,-0.0028476903098777484,2,110,Safe,Restricted
T012,2025-09-08 10:41:30,18.526829812907103,73.86304999180825,Safe,Lal Mahal,90.63,Good,Normal,10,41,0.005923530121219045,0.007114229946679984,2,-1,Restricted,Safe
T012,2025-09-08 10:42:00,18.521322117559805,73.86538146729127,Safe,Sinhagad Fort,87.79,Good,Normal,10,42,-0.00550769534729767,0.0023314754830181528,2,102,Safe,Restricted
T012,2025-09-08 10:42:30,18.52303295958088,73.8586605534215,Safe,Pataleshwar Caves,93.43,Good,Normal,10,42,0.0017108420210760755,-0.006720913869770584,2,-1,Restricted,Safe
T012,2025-09-08 10:43:00,18.51667031052279,73.86047042530281,Safe,Shaniwar Wada,94.68,Good,Normal,10,43,-0.006362649058090142,0.0018098718813064352,2,103,Safe,Restricted
T012,2025-09-08 10:43:30,18.516097339298344,73.86251520221114,High-Risk,Pataleshwar Caves,85.83,Good,Normal,10,43,-0.0005729712244466612,0.002044776908334711,0,-1,Restricted,Safe
T012,2025-09-08 10:44:00,18.525670166357823,73.85816858460502,Safe,Lal Mahal,93.66,Good,Normal,10,44,0.009572827059479039,-0.00434661760611732,2,83,Safe,Restricted
T012,2025-09-08 10:44:30,18.52178770717818,73.86457098139417,Safe,Lal Mahal,91.64,Good,Normal,10,44,-0.0038824591796426944,0.006402396789141562,2,-1,Restricted,Restricted
T012,2025-09-08 10:45:00,18.51936211854396,73.84850585952663,Safe,Aga Khan Palace,90.34,Poor,Normal,10,45,-0.002425588634221043,-0.016065121867541166,2,-1,Restricted,Restricted
T012,2025-09-08 10:45:30,18.519215762479035,73.85034680989611,Safe,Sinhagad Fort,93.84,Good,Normal,10,45,-0.0001463560649241913,0.0018409503694840623,2,-1,Restricted,Restricted
T012,2025-09-08 10:46:00,18.52778775439293,73.86160058399746,Safe,Shaniwar Wada,89.21,Good,Normal,10,46,0.008571991913893129,0.011253774101348313,2,-1,Restricted,Safe
T012,2025-09-08 10:46:30,18.522163236220766,73.86220173482675,Safe,Shaniwar Wada,89.31,Good,Normal,10,46,-0.005624518172162141,0.0006011508292971257,2,104,Safe,Restricted
T012,2025-09-08 10:47:00,18.52114242046441,73.85381048686853,Safe,Lal Mahal,84.93,Good,Normal,10,47,-0.0010208157563553755,-0.008391247958229542,2,-1,Restricted,Restricted
T012,2025-09-08 10:47:30,18.52965813013163,73.849915487548,Safe,Sinhagad Fort,82.62,Good,Normal,10,47,0.008515709667218374,-0.0038949993205221745,2,-1,Restricted,Restricted
T012,2025-09-08 10:48:00,18.52283235046888,73.86651170507436,High-Risk,Pataleshwar Caves,93.86,Good,Normal,10,48,-0.006825779662747777,0.016596217526355872,0,-1,Restricted,Restricted
T012,2025-09-08 10:48:30,18.515066012196836,73.8648701027861,Safe,Lal Mahal,90.6,Poor,Normal,10,48,-0.0077663382720452034,-0.0016416022882594916,2,-1,Restricted,Restricted
T012,2025-09-08 10:49:00,18.51221079823481,73.85639221281627,Safe,Lal Mahal,86.28,Good,Normal,10,49,-0.0028552139620252603,-0.008477889969825014,2,-1,Restricted,Restricted
T012,2025-09-08 10:49:30,18.53027441500489,73.8507179675817,Safe,Shaniwar Wada,94.24,Poor,Normal,10,49,0.018063616770078283,-0.00567424523457305,2,-1,Restricted,Restricted
T012,2025-09-08 10:50:00,18.514927167967947,73.86528708774404,High-Risk,Shaniwar Wada,90.64,Good,Normal,10,50,-0.015347247036942235,0.014569120162335025,0,-1,Restricted,Safe
T012,2025-09-08 10:50:30,18.520231974865563,73.856439988253,Safe,Shaniwar Wada,90.9,Good,Normal,10,50,0.005304806897616032,-0.008847099491035237,2,105,Safe,Restricted
T012,2025-09-08 10:51:00,18.519637903703508,73.85117138481644,Safe,Aga Khan Palace,87.7,Good,Normal,10,51,-0.0005940711620553429,-0.005268603436562103,2,-1,Restricted,Restricted
T012,2025-09-08 10:51:30,18.52984542094631,73.84884434859052,Safe,Lal Mahal,83.26,Good,Normal,10,51,0.01020751724280089,-0.0023270362259211197,2,-1,Restricted,Restricted
T012,2025-09-08 10:52:00,18.52929183706417,73.8519343763789,High-Risk,Sinhagad Fort,86.25,Good,Normal,10,52,-0.0005535838821373318,0.0030900277883887384,0,-1,Restricted,Restricted
T012,2025-09-08 10:52:30,18.526444914062232,73.86144223615948,Safe,Sinhagad Fort,87.13,Good,Normal,10,52,-0.002846923001939672,0.00950785978056956,2,-1,Restricted,Restricted
T012,2025-09-08 10:53:00,18.525320022025504,73.86310780920704,Restricted,Shaniwar Wada,85.3,Poor,Normal,10,53,-0.0011248920367279425,0.0016655730475605424,1,-1,Restricted,Safe
T012,2025-09-08 10:53:30,18.51092665838373,73.85455102474333,Safe,Sinhagad Fort,87.99,Good,Normal,10,53,-0.014393363641772794,-0.00855678446370689,2,69,Safe,Restricted
T012,2025-09-08 10:54:00,18.52951438381889,73.85402523224842,Safe,Lal Mahal,93.8,Good,Normal,10,54,0.01858772543515741,-0.0005257924949120252,2,-1,Restricted,Restricted
T012,2025-09-08 10:54:30,18.528098308533576,73.85784188320997,Safe,Pataleshwar Caves,89.99,Good,Normal,10,54,-0.0014160752853129566,0.0038166509615535915,2,-1,Restricted,Restricted
T012,2025-09-08 10:55:00,18.515125895448048,73.86005463614985,Safe,Sinhagad Fort,83.33,Lost,Normal,10,55,-0.01297241308552799,0.0022127529398829893,2,-1,Restricted,Restricted
T012,2025-09-08 10:55:30,18.527966163794694,73.8621374650474,Restricted,Pataleshwar Caves,82.3,Good,Normal,10,55,0.012840268346646866,0.0020828288975422993,1,-1,Restricted,Restricted
T012,2025-09-08 10:56:00,18.5237807214954,73.85733109798494,Restricted,Sinhagad Fort,86.53,Good,Normal,10,56,-0.0041854422992955165,-0.004806367062457184,1,-1,Restricted,Safe
T012,2025-09-08 10:56:30,18.52630280498462,73.86140808148127,Safe,Shaniwar Wada,82.15,Good,Normal,10,56,0.0025220834892216715,0.004076983496332787,2,45,Safe,Restricted
T012,2025-09-08 10:57:00,18.518053590855736,73.86651167317356,High-Risk,Shaniwar Wada,79.28,Good,Normal,10,57,-0.008249214128884574,0.0051035916922899105,0,-1,Restricted,Safe
T012,2025-09-08 10:57:30,18.521844193052125,73.86535288345755,Safe,Lal Mahal,87.7,Good,Normal,10,57,0.003790602196389159,-0.0011587897160154625,2,14,Safe,Restricted
T012,2025-09-08 10:58:00,18.514409102953174,73.8662877806705,Restricted,Lal Mahal,77.28,Lost,Normal,10,58,-0.007435090098951491,0.000934897212957253,1,-1,Restricted,Restricted
T012,2025-09-08 10:58:30,18.51938361911594,73.85411385776789,Safe,Lal Mahal,92.89,Good,Normal,10,58,0.004974516162764786,-0.012173922902618983,2,-1,Restricted,Restricted
T012,2025-09-08 10:59:00,18.51114451076651,73.85226747762209,Safe,Pataleshwar Caves,85.32,Poor,Normal,10,59,-0.008239108349428648,-0.0018463801457926365,2,-1,Restricted,Restricted
T012,2025-09-08 10:59:30,18.52325632728813,73.85752802199609,Safe,Sinhagad Fort,90.0,Lost,Normal,10,59,0.012111816521620966,0.0052605443739963675,2,-1,Restricted,Restricted
T012,2025-09-08 11:00:00,18.522571948419184,73.84688248934316,Safe,Aga Khan Palace,82.11,Good,Normal,11,0,-0.0006843788689465669,-0.010645532652930001,2,-1,Restricted,Restricted
T012,2025-09-08 11:00:30,18.51951953179366,73.84675846502404,Safe,Lal Mahal,90.38,Good,Normal,11,0,-0.003052416625525467,-0.00012402431912050815,2,-1,Restricted,Restricted
T012,2025-09-08 11:01:00,18.52412516992804,73.85077251738423,Safe,Pataleshwar Caves,91.8,Good,Normal,11,1,0.004605638134382417,0.00401405236019059,2,-1,Restricted,Restricted
T012,2025-09-08 11:01:30,18.51078480083685,73.8588608672412,Safe,Sinhagad Fort,91.76,Good,Normal,11,1,-0.013340369091192628,0.008088349856976151,2,-1,Restricted,Restricted
T012,2025-09-08 11:02:00,18.523641973465907,73.86283373116218,Safe,Sinhagad Fort,77.56,Good,Normal,11,2,0.012857172629058056,0.003972863920978398,2,-1,Restricted,Restricted
T012,2025-09-08 11:02:30,18.52349286184017,73.85581481766323,Safe,Shaniwar Wada,77.43,Good,Normal,11,2,-0.0001491116257348324,-0.007018913498953339,2,-1,Restricted,Restricted
T012,2025-09-08 11:03:00,18.52066402310321,73.85533526939868,High-Risk,Aga Khan Palace,83.41,Good,Normal,11,3,-0.0028288387369634904,-0.00047954826455054445,0,-1,Restricted,Restricted
T012,2025-09-08 11:03:30,18.519141366360422,73.85050190430243,Safe,Aga Khan Palace,86.39,Poor,Normal,11,3,-0.001522656742785955,-0.004833365096246212,2,-1,Restricted,Restricted
T012,2025-09-08 11:04:00,18.52946340296065,73.86141917809198,High-Risk,Pataleshwar Caves,81.95,Good,Normal,11,4,0.010322036600229012,0.010917273789544879,0,-1,Restricted,Restricted
T012,2025-09-08 11:04:30,18.523544399907408,73.84876394621784,Restricted,Lal Mahal,77.17,Lost,Normal,11,4,-0.0059190030532434434,-0.012655231874134643,1,-1,Restricted,Restricted
T012,2025-09-08 11:05:00,18.525247996525188,73.86447121373129,Safe,Sinhagad Fort,74.24,Good,Normal,11,5,0.0017035966177800788,0.01570726751344864,2,-1,Restricted,Restricted
T012,2025-09-08 11:05:30,18.519397274279296,73.8589380561683,Safe,Sinhagad Fort,93.24,Good,Normal,11,5,-0.005850722245892115,-0.0055331575629935514,2,-1,Restricted,Restricted
T012,2025-09-08 11:06:00,18.51926081240106,73.85354819393,Safe,Pataleshwar Caves,81.24,Good,Normal,11,6,-0.0001364618782346838,-0.005389862238303067,2,-1,Restricted,Safe
T012,2025-09-08 11:06:30,18.51662800769408,73.86427885417085,Safe,Sinhagad Fort,84.07,Good,Normal,11,6,-0.0026328047069803517,0.010730660240852785,2,28,Safe,Restricted
T012,2025-09-08 11:07:00,18.51417808136909,73.8650120860777,Safe,Lal Mahal,93.13,Good,Normal,11,7,-0.002449926324992191,0.0007332319068495963,2,-1,Restricted,Restricted
T012,2025-09-08 11:07:30,18.519657749133223,73.85314639449606,Safe,Shaniwar Wada,79.59,Good,Normal,11,7,0.005479667764134888,-0.011865691581633087,2,-1,Restricted,Restricted
T012,2025-09-08 11:08:00,18.51047334089641,73.85722238213214,Restricted,Shaniwar Wada,80.29,Poor,Normal,11,8,-0.009184408236812658,0.004075987636070977,1,-1,Restricted,Restricted
T012,2025-09-08 11:08:30,18.530043820611063,73.85602932354202,Safe,Shaniwar Wada,73.51,Good,Normal,11,8,0.019570479714651867,-0.0011930585901183122,2,-1,Restricted,Restricted
T012,2025-09-08 11:09:00,18.510741194853725,73.86360287094553,Safe,Shaniwar Wada,92.68,Good,Normal,11,9,-0.01930262575733721,0.007573547403509906,2,-1,Restricted,Restricted
T012,2025-09-08 11:09:30,18.528966663740867,73.86622836955006,Restricted,Shaniwar Wada,80.53,Good,Normal,11,9,0.018225468887141716,0.0026254986045302076,1,-1,Restricted,Restricted
T012,2025-09-08 11:10:00,18.51359478548392,73.8604884709006,Safe,Aga Khan Palace,91.47,Good,Normal,11,10,-0.015371878256946303,-0.005739898649451902,2,-1,Restricted,Restricted
T012,2025-09-08 11:10:30,18.514979181744376,73.85915693778473,Safe,Pataleshwar Caves,73.18,Good,Normal,11,10,0.0013843962604553894,-0.0013315331158736399,2,-1,Restricted,Restricted
T012,2025-09-08 11:11:00,18.52595279496616,73.85877092612674,Safe,Aga Khan Palace,82.0,Good,Normal,11,11,0.010973613221782585,-0.0003860116579943451,2,-1,Restricted,Restricted
T012,2025-09-08 11:11:30,18.51185250478896,73.86452524045835,Restricted,Shaniwar Wada,81.08,Lost,Normal,11,11,-0.014100290177200492,0.005754314331610999,1,-1,Restricted,Restricted
T012,2025-09-08 11:12:00,18.51560202147675,73.86031962510118,Safe,Shaniwar Wada,75.61,Good,Normal,11,12,0.003749516687790333,-0.004205615357165016,2,-1,Restricted,Restricted
T012,2025-09-08 11:12:30,18.527554783072738,73.85029275720213,Safe,Sinhagad Fort,88.7,Good,Normal,11,12,0.011952761595988903,-0.010026867899057379,2,-1,Restricted,Restricted
T012,2025-09-08 11:13:00,18.51456609311165,73.85512401371892,Safe,Shaniwar Wada,73.45,Good,Normal,11,13,-0.012988689961087374,0.004831256516794724,2,-1,Restricted,Restricted
T012,2025-09-08 11:13:30,18.51499465308612,73.85918943667276,Safe,Lal Mahal,83.17,Good,Normal,11,13,0.00042855997446977767,0.004065422953843267,2,-1,Restricted,Restricted
T012,2025-09-08 11:14:00,18.527136741946737,73.84821662786239,High-Risk,Lal Mahal,79.31,Good,Normal,11,14,0.012142088860617406,-0.01097280881037932,0,-1,Restricted,Restricted
T012,2025-09-08 11:14:30,18.52808363163161,73.86129306092063,Safe,Aga Khan Palace,80.93,Lost,Normal,11,14,0.0009468896848723318,0.01307643305824513,2,-1,Restricted,Restricted
T012,2025-09-08 11:15:00,18.523724588650847,73.85558318430591,Safe,Aga Khan Palace,73.17,Good,Normal,11,15,-0.0043590429807629505,-0.005709876614716336,2,-1,Restricted,Restricted
T012,2025-09-08 11:15:30,18.529382602661464,73.85779819595304,High-Risk,Aga Khan Palace,85.29,Lost,Normal,11,15,0.005658014010617052,0.002215011647123788,0,-1,Restricted,Restricted
T012,2025-09-08 11:16:00,18.527518650052286,73.8573496817901,Safe,Lal Mahal,87.37,Good,Normal,11,16,-0.0018639526091774883,-0.00044851416294022783,2,-1,Restricted,Restricted
T012,2025-09-08 11:16:30,18.52019522945349,73.85231761614048,Safe,Lal Mahal,70.04,Good,Normal,11,16,-0.007323420598797981,-0.005032065649615447,2,-1,Restricted,Restricted
T012,2025-09-08 11:17:00,18.51075701399768,73.85850577781633,Safe,Lal Mahal,81.24,Good,Normal,11,17,-0.00943821545580903,0.006188161675851234,2,-1,Restricted,Restricted
T012,2025-09-08 11:17:30,18.52143754770046,73.84875391311212,Safe,Aga Khan Palace,86.78,Poor,Normal,11,17,0.010680533702782213,-0.00975186470421363,2,-1,Restricted,Restricted
T012,2025-09-08 11:18:00,18.519019864412368,73.85731520445178,Safe,Lal Mahal,84.32,Good,Normal,11,18,-0.002417683288093997,0.008561291339660215,2,-1,Restricted,Restricted
T012,2025-09-08 11:18:30,18.517467658746117,73.86320982388091,Safe,Shaniwar Wada,69.03,Good,Normal,11,18,-0.0015522056662504724,0.005894619429128056,2,-1,Restricted,Restricted
T012,2025-09-08 11:19:00,18.51505506913799,73.84950609609642,Safe,Shaniwar Wada,91.79,Good,Normal,11,19,-0.0024125896081272913,-0.013703727784488251,2,-1,Restricted,Restricted
T012,2025-09-08 11:19:30,18.52136130525032,73.85375945727273,Safe,Lal Mahal,81.16,Good,Normal,11,19,0.006306236112330055,0.004253361176310477,2,-1,Restricted,Restricted
T012,2025-09-08 11:20:00,18.52774174013392,73.85332134778432,Safe,Shaniwar Wada,68.39,Good,Normal,11,20,0.006380434883599406,-0.00043810948841382924,2,-1,Restricted,Restricted
T012,2025-09-08 11:20:30,18.51396085010333,73.84860480824567,Restricted,Sinhagad Fort,91.3,Lost,Normal,11,20,-0.013780890030588466,-0.00471653953864859,1,-1,Restricted,Restricted
T012,2025-09-08 11:21:00,18.527061774094932,73.86265190477768,Safe,Pataleshwar Caves,68.79,Poor,Normal,11,21,0.013100923991601121,0.014047096532010528,2,-1,Restricted,Restricted
T012,2025-09-08 11:21:30,18.529359631858497,73.86340657654499,Safe,Aga Khan Palace,73.04,Good,Normal,11,21,0.002297857763565503,0.0007546717673108105,2,-1,Restricted,Restricted
T012,2025-09-08 11:22:00,18.516604671813408,73.86512579881095,High-Risk,Pataleshwar Caves,70.72,Good,Normal,11,22,-0.012754960045089803,0.0017192222659616618,0,-1,Restricted,Restricted
T012,2025-09-08 11:22:30,18.52519088964368,73.85299203506067,Safe,Shaniwar Wada,67.27,Good,Normal,11,22,0.008586217830274023,-0.012133763750284743,2,-1,Restricted,Restricted
T012,2025-09-08 11:23:00,18.515815179623203,73.85773100020128,Safe,Aga Khan Palace,90.1,Poor,Normal,11,23,-0.009375710020478323,0.004738965140617779,2,-1,Restricted,Restricted
T012,2025-09-08 11:23:30,18.524164129697933,73.85292280030208,Safe,Shaniwar Wada,72.06,Good,Normal,11,23,0.0083489500747298,-0.004808199899201782,2,-1,Restricted,Restricted
T012,2025-09-08 11:24:00,18.513067255766423,73.86274148607521,Safe,Shaniwar Wada,70.67,Poor,Normal,11,24,-0.011096873931510487,0.00981868577312639,2,-1,Restricted,Restricted
T012,2025-09-08 11:24:30,18.519238935179693,73.86053013170087,Safe,Sinhagad Fort,91.22,Good,Normal,11,24,0.006171679413270681,-0.0022113543743387254,2,-1,Restricted,Restricted
T012,2025-09-08 11:25:00,18.51871332880438,73.8488312252782,Safe,Sinhagad Fort,82.17,Good,Normal,11,25,-0.000525606375312293,-0.0116989064226658,2,-1,Restricted,Restricted
T012,2025-09-08 11:25:30,18.529376046434773,73.86668186939646,Safe,Pataleshwar Caves,73.42,Good,Normal,11,25,0.010662717630392393,0.017850644118254877,2,-1,Restricted,Restricted
T012,2025-09-08 11:26:00,18.51948421238332,73.84727906199048,Safe,Lal Mahal,88.95,Good,Normal,11,26,-0.009891834051455106,-0.019402807405981548,2,-1,Restricted,Safe
T012,2025-09-08 11:26:30,18.52732881651608,73.8582307889095,Safe,Sinhagad Fort,73.41,Good,Normal,11,26,0.007844604132760225,0.010951726919017801,2,94,Safe,Restricted
T012,2025-09-08 11:27:00,18.51763926869817,73.84840101868515,Safe,Pataleshwar Caves,71.23,Lost,Normal,11,27,-0.009689547817909983,-0.009829770224342838,2,-1,Restricted,Restricted
T012,2025-09-08 11:27:30,18.522504545781988,73.86300367961194,Safe,Lal Mahal,79.3,Good,Normal,11,27,0.004865277083819564,0.014602660926783528,2,-1,Restricted,Restricted
T012,2025-09-08 11:28:00,18.52346359983476,73.85327425431542,Safe,Pataleshwar Caves,69.14,Good,Normal,11,28,0.00095905405277108,-0.009729425296512773,2,-1,Restricted,Restricted
T012,2025-09-08 11:28:30,18.528394025673794,73.85606344770866,Safe,Shaniwar Wada,76.08,Poor,Normal,11,28,0.004930425839035024,0.0027891933932409074,2,-1,Restricted,Restricted
T012,2025-09-08 11:29:00,18.528945446265556,73.85279207220022,Safe,Pataleshwar Caves,66.17,Good,Normal,11,29,0.0005514205917620529,-0.0032713755084472496,2,-1,Restricted,Restricted
T012,2025-09-08 11:29:30,18.529472425891164,73.84924607370213,Safe,Shaniwar Wada,81.67,Good,Normal,11,29,0.0005269796256079928,-0.003545998498083236,2,-1,Restricted,Restricted
T012,2025-09-08 11:30:00,18.52090597176144,73.85637183130348,Safe,Lal Mahal,82.51,Lost,Normal,11,30,-0.008566454129724121,0.007125757601343707,2,-1,Restricted,Restricted
T012,2025-09-08 11:30:30,18.526985787873244,73.85662836113053,High-Risk,Sinhagad Fort,88.33,Lost,Normal,11,30,0.006079816111803638,0.00025652982705537397,0,-1,Restricted,Restricted
T012,2025-09-08 11:31:00,18.525552250131337,73.86218488450616,Safe,Lal Mahal,70.77,Good,Normal,11,31,-0.0014335377419065765,0.005556523375631173,2,-1,Restricted,Restricted
T012,2025-09-08 11:31:30,18.52495615689462,73.86075478146755,Safe,Sinhagad Fort,66.79,Good,Normal,11,31,-0.0005960932367159444,-0.001430103038615016,2,-1,Restricted,Restricted
T012,2025-09-08 11:32:00,18.51334934840508,73.86413943862847,Safe,Aga Khan Palace,80.41,Poor,Normal,11,32,-0.01160680848954243,0.0033846571609217335,2,-1,Restricted,Restricted
T012,2025-09-08 11:32:30,18.524629877336626,73.8628591088685,Safe,Aga Khan Palace,68.09,Good,Normal,11,32,0.01128052893154674,-0.0012803297599646157,2,-1,Restricted,Restricted
T012,2025-09-08 11:33:00,18.5129273217169,73.85214557436224,Safe,Shaniwar Wada,68.79,Good,Normal,11,33,-0.011702555619724109,-0.010713534506265887,2,-1,Restricted,Restricted
T012,2025-09-08 11:33:30,18.5216119475558,73.86418881277973,Safe,Shaniwar Wada,77.54,Good,Normal,11,33,0.008684625838899507,0.012043238417490443,2,-1,Restricted,Restricted
T012,2025-09-08 11:34:00,18.52827130109607,73.85514490780209,Restricted,Aga Khan Palace,67.32,Good,Normal,11,34,0.0066593535402681425,-0.009043904977644956,1,-1,Restricted,Restricted
T012,2025-09-08 11:34:30,18.51602720561329,73.86159259629814,Safe,Lal Mahal,66.79,Good,Normal,11,34,-0.01224409548277805,0.006447688496052706,2,-1,Restricted,Restricted
T012,2025-09-08 11:35:00,18.51858759078532,73.85357404340236,Safe,Sinhagad Fort,81.93,Lost,Normal,11,35,0.00256038517202839,-0.00801855289577702,2,-1,Restricted,Restricted
T012,2025-09-08 11:35:30,18.5189247002908,73.8521793268347,High-Risk,Aga Khan Palace,62.48,Good,Normal,11,35,0.00033710950548027085,-0.0013947165676597706,0,-1,Restricted,Restricted
T012,2025-09-08 11:36:00,18.51551115271324,73.85285280289747,High-Risk,Shaniwar Wada,84.52,Good,Normal,11,36,-0.003413547577558518,0.000673476062772238,0,-1,Restricted,Restricted
T012,2025-09-08 11:36:30,18.524990171508417,73.86038911984923,Safe,Shaniwar Wada,74.6,Good,Normal,11,36,0.009479018795175875,0.0075363169517572715,2,-1,Restricted,Restricted
T012,2025-09-08 11:37:00,18.524174616726903,73.85072892538132,High-Risk,Lal Mahal,66.89,Good,Normal,11,37,-0.0008155547815142938,-0.00966019446791222,0,-1,Restricted,Restricted
T012,2025-09-08 11:37:30,18.51995434456662,73.85578725879975,Safe,Sinhagad Fort,79.43,Lost,Normal,11,37,-0.004220272160281979,0.005058333418432426,2,-1,Restricted,Restricted
T012,2025-09-08 11:38:00,18.51298930604209,73.84867219766168,High-Risk,Sinhagad Fort,87.02,Lost,Normal,11,38,-0.0069650385245303426,-0.007115061138065926,0,-1,Restricted,Restricted
T012,2025-09-08 11:38:30,18.517107058569515,73.86327538976836,Safe,Aga Khan Palace,86.71,Good,Normal,11,38,0.004117752527424301,0.014603192106676488,2,-1,Restricted,Restricted
T012,2025-09-08 11:39:00,18.510641004331383,73.8631976586901,Safe,Aga Khan Palace,88.55,Good,Normal,11,39,-0.006466054238131846,-7.773107826380965e-05,2,-1,Restricted,Restricted
T012,2025-09-08 11:39:30,18.52286277020599,73.85270884209362,Safe,Shaniwar Wada,71.51,Poor,Normal,11,39,0.01222176587460666,-0.010488816596478046,2,-1,Restricted,Restricted
T013,2025-09-08 10:00:00,18.51568159630777,73.860700030615,Safe,Sinhagad Fort,100.0,Poor,Normal,10,0,-0.00718117389822126,0.007991188521387471,2,-1,Restricted,Restricted
T013,2025-09-08 10:00:30,18.51226344825109,73.85556954353399,Safe,Pataleshwar Caves,99.91,Good,Normal,10,0,-0.00341814805667795,-0.005130487081018487,2,-1,Restricted,Restricted
T013,2025-09-08 10:01:00,18.5109538974158,73.85649566051472,High-Risk,Sinhagad Fort,99.87,Good,Normal,10,1,-0.0013095508352911622,0.0009261169807359693,0,-1,Restricted,Restricted
T013,2025-09-08 10:01:30,18.526730119653426,73.86106139436062,Safe,Pataleshwar Caves,99.73,Poor,Normal,10,1,0.015776222237626314,0.00456573384589376,2,-1,Restricted,Restricted
T013,2025-09-08 10:02:00,18.512031357698177,73.8519256270194,Safe,Pataleshwar Caves,99.27,Good,Normal,10,2,-0.01469876195524833,-0.009135767341220458,2,-1,Restricted,Restricted
T013,2025-09-08 10:02:30,18.51582724616107,73.85382889057126,Safe,Pataleshwar Caves,99.51,Good,Normal,10,2,0.0037958884628928047,0.001903263551866985,2,-1,Restricted,Restricted
T013,2025-09-08 10:03:00,18.525085991463392,73.8560627275041,Safe,Sinhagad Fort,99.54,Poor,Normal,10,3,0.009258745302322069,0.002233836932830968,2,-1,Restricted,Restricted
T013,2025-09-08 10:03:30,18.52172765862851,73.8501015541496,Safe,Shaniwar Wada,99.25,Good,Normal,10,3,-0.0033583328348818497,-0.005961173354492644,2,-1,Restricted,Restricted
T013,2025-09-08 10:04:00,18.52978726128254,73.86140507737261,Safe,Aga Khan Palace,99.43,Good,Normal,10,4,0.008059602654029163,0.011303523223006096,2,-1,Restricted,Restricted
T013,2025-09-08 10:04:30,18.52237471424679,73.85644929345608,Safe,Sinhagad Fort,99.02,Good,Normal,10,4,-0.007412547035748673,-0.004955783916528844,2,-1,Restricted,Safe
T013,2025-09-08 10:05:00,18.512871242936956,73.86580520578181,Safe,Sinhagad Fort,98.85,Poor,Normal,10,5,-0.00950347130983431,0.009355912325730742,2,48,Safe,Safe
T013,2025-09-08 10:05:30,18.52143684460088,73.8508839420538,Safe,Sinhagad Fort,98.3,Good,Normal,10,5,0.008565601663924838,-0.014921263728012946,2,0,Safe,Restricted
T013,2025-09-08 10:06:00,18.518983631248364,73.86633368806295,Safe,Lal Mahal,98.38,Poor,Normal,10,6,-0.002453213352517025,0.015449746009153387,2,-1,Restricted,Restricted
T013,2025-09-08 10:06:30,18.526459991338605,73.85647897352752,High-Risk,Sinhagad Fort,98.04,Good,Normal,10,6,0.0074763600902407745,-0.00985471453543596,0,-1,Restricted,Safe
T013,2025-09-08 10:07:00,18.517913465016896,73.84847612477641,Safe,Sinhagad Fort,97.77,Good,Normal,10,7,-0.008546526321708825,-0.008002848751104352,2,96,Safe,Restricted
T013,2025-09-08 10:07:30,18.52305916796865,73.85752346414719,Safe,Pataleshwar Caves,97.85,Good,Normal,10,7,0.005145702951754316,0.00904733937078106,2,-1,Restricted,Restricted
T013,2025-09-08 10:08:00,18.524648003512503,73.8635080390252,Safe,Lal Mahal,98.83,Good,Normal,10,8,0.0015888355438526958,0.0059845748780134045,2,-1,Restricted,Safe
T013,2025-09-08 10:08:30,18.51714312192632,73.8574316999679,Safe,Sinhagad Fort,98.07,Good,Normal,10,8,-0.007504881586182677,-0.0060763390573015386,2,77,Safe,Restricted
T013,2025-09-08 10:09:00,18.514422204037512,73.85564493802599,Safe,Lal Mahal,96.7,Good,Normal,10,9,-0.0027209178888085717,-0.0017867619419149605,2,-1,Restricted,Restricted
T013,2025-09-08 10:09:30,18.512752776425085,73.8661004209349,High-Risk,Aga Khan Palace,98.82,Poor,Normal,10,9,-0.0016694276124269436,0.01045548290890963,0,-1,Restricted,Restricted
T013,2025-09-08 10:10:00,18.528795629032388,73.86038604052165,Safe,Pataleshwar Caves,96.24,Good,Normal,10,10,0.01604285260730265,-0.005714380413252229,2,-1,Restricted,Restricted
T013,2025-09-08 10:10:30,18.510842976236063,73.86215688341414,High-Risk,Pataleshwar Caves,97.18,Good,Normal,10,10,-0.017952652796324742,0.001770842892497626,0,-1,Restricted,High-Risk
T013,2025-09-08 10:11:00,18.520788738105413,73.85083319350647,High-Risk,Lal Mahal,96.61,Good,Normal,10,11,0.009945761869349923,-0.011323689907669632,0,106,High-Risk,Safe
T013,2025-09-08 10:11:30,18.52720475096688,73.85062332476421,Safe,Sinhagad Fort,97.09,Lost,Normal,10,11,0.00641601286146809,-0.0002098687422602552,2,107,Safe,Restricted
T013,2025-09-08 10:12:00,18.519444106002197,73.84707733718487,Safe,Pataleshwar Caves,96.1,Good,Normal,10,12,-0.0077606449646836495,-0.003545987579343546,2,-1,Restricted,Restricted
T013,2025-09-08 10:12:30,18.51486689116395,73.8552809237785,Safe,Pataleshwar Caves,97.04,Good,Normal,10,12,-0.004577214838246135,0.008203586593623413,2,-1,Restricted,Restricted
T013,2025-09-08 10:13:00,18.51695725266879,73.86624363805811,Safe,Sinhagad Fort,95.93,Good,Normal,10,13,0.0020903615048375457,0.01096271427961426,2,-1,Restricted,Safe
T013,2025-09-08 10:13:30,18.513752307666024,73.86254275089668,Safe,Sinhagad Fort,97.65,Lost,Normal,10,13,-0.003204945002764248,-0.003700887161429023,2,108,Safe,Restricted
T013,2025-09-08 10:14:00,18.516550043047584,73.8644752294386,Restricted,Shaniwar Wada,98.34,Poor,Normal,10,14,0.002797735381559363,0.0019324785419172485,1,-1,Restricted,High-Risk
T013,2025-09-08 10:14:30,18.51778646533491,73.86096120872631,High-Risk,Pataleshwar Caves,96.79,Lost,Normal,10,14,0.0012364222873273434,-0.003514020712287902,0,109,High-Risk,Restricted
T013,2025-09-08 10:15:00,18.526673150148618,73.84708046074884,Safe,Shaniwar Wada,95.66,Poor,Normal,10,15,0.00888668481370658,-0.013880747977466967,2,-1,Restricted,Safe
T013,2025-09-08 10:15:30,18.525490668480256,73.85656814937656,Safe,Lal Mahal,94.62,Good,Normal,10,15,-0.0011824816683621009,0.009487688627714874,2,81,Safe,Safe
T013,2025-09-08 10:16:00,18.526284378393367,73.84787469193564,Safe,Pataleshwar Caves,97.65,Poor,Normal,10,16,0.0007937099131112291,-0.008693457440912766,2,82,Safe,Restricted
T013,2025-09-08 10:16:30,18.526406444850657,73.85331781134302,Safe,Pataleshwar Caves,93.62,Good,Normal,10,16,0.00012206645729051502,0.005443119407374297,2,-1,Restricted,Restricted
T013,2025-09-08 10:17:00,18.52683343841091,73.8532872266119,Restricted,Sinhagad Fort,97.29,Good,Normal,10,17,0.0004269935602536634,-3.0584731121052755e-05,1,-1,Restricted,Restricted
T013,2025-09-08 10:17:30,18.51353745744769,73.86116222738598,Safe,Aga Khan Palace,94.9,Good,Normal,10,17,-0.013295980963221155,0.00787500077407799,2,-1,Restricted,Safe
T013,2025-09-08 10:18:00,18.51099609327328,73.8596007880323,Safe,Sinhagad Fort,95.89,Poor,Normal,10,18,-0.0025413641744087556,-0.0015614393536793614,2,20,Safe,Restricted
T013,2025-09-08 10:18:30,18.530255145071557,73.86496017063135,Safe,Aga Khan Palace,94.17,Poor,Normal,10,18,0.019259051798275806,0.0053593825990532196,2,-1,Restricted,Restricted
T013,2025-09-08 10:19:00,18.514785720842006,73.85567289747824,Safe,Lal Mahal,93.66,Good,Normal,10,19,-0.015469424229550555,-0.009287273153105957,2,-1,Restricted,Safe
T013,2025-09-08 10:19:30,18.53011507533023,73.85589132819784,Safe,Pataleshwar Caves,97.52,Good,Normal,10,19,0.015329354488223146,0.00021843071959892768,2,5,Safe,Restricted
T013,2025-09-08 10:20:00,18.52208654463109,73.8471485078098,Safe,Lal Mahal,94.64,Good,Normal,10,20,-0.008028530699139225,-0.00874282038803642,2,-1,Restricted,Restricted
T013,2025-09-08 10:20:30,18.52989508756553,73.84890630332143,Restricted,Pataleshwar Caves,93.49,Poor,Normal,10,20,0.0078085429344412205,0.001757795511622362,1,-1,Restricted,Restricted
T013,2025-09-08 10:21:00,18.51987492071323,73.86046711320074,High-Risk,Shaniwar Wada,92.73,Poor,Normal,10,21,-0.010020166852299894,0.011560809879313183,0,-1,Restricted,Safe
T013,2025-09-08 10:21:30,18.516169902512047,73.85433171976526,Safe,Sinhagad Fort,94.72,Good,Normal,10,21,-0.003705018201184629,-0.0061353934354855255,2,6,Safe,Restricted
T013,2025-09-08 10:22:00,18.52022337479933,73.85076962021166,High-Risk,Lal Mahal,92.23,Good,Normal,10,22,0.004053472287282034,-0.0035620995535907696,0,-1,Restricted,Restricted
T013,2025-09-08 10:22:30,18.51042903692065,73.86304439773657,Safe,Shaniwar Wada,97.74,Lost,Normal,10,22,-0.00979433787867734,0.012274777524908131,2,-1,Restricted,Safe
T013,2025-09-08 10:23:00,18.51056031285474,73.86043060773943,Safe,Pataleshwar Caves,96.93,Good,Normal,10,23,0.00013127593408768234,-0.00261378999714168,2,20,Safe,Restricted
T013,2025-09-08 10:23:30,18.514071900644996,73.86344101766912,Safe,Shaniwar Wada,95.16,Good,Normal,10,23,0.0035115877902569537,0.003010409929686375,2,-1,Restricted,Safe
T013,2025-09-08 10:24:00,18.521454864313213,73.86378302770507,Safe,Pataleshwar Caves,91.92,Lost,Normal,10,24,0.007382963668217002,0.00034201003595057955,2,134,Safe,Restricted
T013,2025-09-08 10:24:30,18.52530198997581,73.85228372781225,High-Risk,Pataleshwar Caves,95.27,Good,Normal,10,24,0.0038471256625953743,-0.011499299892818726,0,-1,Restricted,Restricted
T013,2025-09-08 10:25:00,18.517195961857897,73.85803178215895,Safe,Lal Mahal,91.96,Good,Normal,10,25,-0.00810602811791128,0.005748054346696563,2,-1,Restricted,Safe
T013,2025-09-08 10:25:30,18.52568288154476,73.84910982961945,Safe,Sinhagad Fort,92.5,Good,Normal,10,25,0.008486919686863104,-0.008921952539495237,2,22,Safe,Restricted
T013,2025-09-08 10:26:00,18.519420401585105,73.86070670952212,Safe,Aga Khan Palace,91.33,Good,Normal,10,26,-0.006262479959655565,0.011596879902668888,2,-1,Restricted,Restricted
T013,2025-09-08 10:26:30,18.516911646231804,73.86565301604327,Safe,Lal Mahal,93.39,Good,Normal,10,26,-0.002508755353300529,0.004946306521148358,2,-1,Restricted,Restricted
T013,2025-09-08 10:27:00,18.52789142976016,73.86576895933295,Safe,Sinhagad Fort,94.88,Lost,Normal,10,27,0.010979783528355824,0.00011594328968556056,2,-1,Restricted,Restricted
T013,2025-09-08 10:27:30,18.51331998340989,73.8586230848003,Safe,Shaniwar Wada,92.82,Lost,Normal,10,27,-0.014571446350270634,-0.0071458745326538065,2,-1,Restricted,Restricted
T013,2025-09-08 10:28:00,18.5189003767954,73.86574836971684,Restricted,Aga Khan Palace,96.44,Poor,Normal,10,28,0.005580393385510973,0.007125284916540409,1,-1,Restricted,Restricted
T013,2025-09-08 10:28:30,18.520712501495453,73.86593802962419,Safe,Pataleshwar Caves,93.84,Poor,Normal,10,28,0.001812124700052209,0.00018965990734898241,2,-1,Restricted,Restricted
T013,2025-09-08 10:29:00,18.511182980486875,73.85991215592585,Safe,Aga Khan Palace,91.28,Good,Normal,10,29,-0.00952952100857729,-0.006025873698334294,2,-1,Restricted,Safe
T013,2025-09-08 10:29:30,18.51800142030124,73.85092684870939,Safe,Sinhagad Fort,93.8,Good,Normal,10,29,0.006818439814363586,-0.008985307216462957,2,78,Safe,Restricted
T013,2025-09-08 10:30:00,18.51565898964998,73.86358756385519,High-Risk,Sinhagad Fort,91.88,Good,Normal,10,30,-0.002342430651257388,0.012660715145798918,0,-1,Restricted,Restricted
T013,2025-09-08 10:30:30,18.52302311150777,73.84805847094317,Safe,Pataleshwar Caves,88.28,Good,Normal,10,30,0.007364121857786898,-0.015529092912018427,2,-1,Restricted,Restricted
T013,2025-09-08 10:31:00,18.524365856018814,73.85187806853457,Safe,Shaniwar Wada,96.5,Good,Normal,10,31,0.001342744511045879,0.0038195975914021574,2,-1,Restricted,Restricted
T013,2025-09-08 10:31:30,18.52473171409292,73.84932281978043,Safe,Pataleshwar Caves,96.67,Good,Normal,10,31,0.000365858074104608,-0.00255524875414892,2,-1,Restricted,Restricted
T013,2025-09-08 10:32:00,18.526061349772263,73.86106723874558,Safe,Shaniwar Wada,93.79,Good,Normal,10,32,0.0013296356793439656,0.011744418965150771,2,-1,Restricted,Restricted
T013,2025-09-08 10:32:30,18.51101146840018,73.84792163573347,High-Risk,Aga Khan Palace,91.85,Good,Normal,10,32,-0.015049881372082297,-0.013145603012105767,0,-1,Restricted,Restricted
T013,2025-09-08 10:33:00,18.513890987088324,73.8576186961953,High-Risk,Lal Mahal,93.1,Good,Normal,10,33,0.002879518688143179,0.009697060461832052,0,-1,Restricted,Restricted
T013,2025-09-08 10:33:30,18.52816265182269,73.85797775305147,Restricted,Lal Mahal,90.39,Good,Normal,10,33,0.01427166473436614,0.0003590568561691043,1,-1,Restricted,Restricted
T013,2025-09-08 10:34:00,18.514085731510715,73.86635600727553,Safe,Pataleshwar Caves,89.5,Good,Normal,10,34,-0.014076920311975272,0.008378254224055581,2,-1,Restricted,Restricted
T013,2025-09-08 10:34:30,18.519879467742715,73.86185591004858,Safe,Pataleshwar Caves,88.01,Poor,Normal,10,34,0.005793736232000413,-0.0045000972269519934,2,-1,Restricted,Restricted
T013,2025-09-08 10:35:00,18.526154647249296,73.85391368193253,Restricted,Lal Mahal,87.07,Good,Normal,10,35,0.006275179506580741,-0.007942228116050387,1,-1,Restricted,Restricted
T013,2025-09-08 10:35:30,18.53012542696253,73.86231710708067,Safe,Shaniwar Wada,90.5,Good,Normal,10,35,0.0039707797132351175,0.008403425148145516,2,-1,Restricted,Safe
T013,2025-09-08 10:36:00,18.521544610188663,73.86465249992294,Safe,Lal Mahal,91.87,Good,Normal,10,36,-0.00858081677386835,0.002335392842269357,2,102,Safe,Restricted
T013,2025-09-08 10:36:30,18.52498570776861,73.8618507459861,High-Risk,Lal Mahal,89.12,Good,Normal,10,36,0.003441097579948149,-0.0028017539368363487,0,-1,Restricted,Restricted
T013,2025-09-08 10:37:00,18.527729706538835,73.85741005358297,Safe,Aga Khan Palace,90.2,Poor,Normal,10,37,0.002743998770224465,-0.0044406924031363815,2,-1,Restricted,Safe
T013,2025-09-08 10:37:30,18.519748053196903,73.85900175448583,Safe,Aga Khan Palace,91.48,Good,Normal,10,37,-0.00798165334193257,0.0015917009028640905,2,101,Safe,Safe
T013,2025-09-08 10:38:00,18.52189317847432,73.85375692639079,Safe,Sinhagad Fort,89.57,Poor,Normal,10,38,0.002145125277415616,-0.0052448280950443404,2,8,Safe,Safe
T013,2025-09-08 10:38:30,18.52758311598269,73.84883282108997,Safe,Sinhagad Fort,85.44,Good,Normal,10,38,0.005689937508371656,-0.004924105300815995,2,91,Safe,Restricted
T013,2025-09-08 10:39:00,18.51543291601808,73.85031130800743,High-Risk,Sinhagad Fort,84.44,Good,Normal,10,39,-0.012150199964608532,0.0014784869174633286,0,-1,Restricted,Restricted
T013,2025-09-08 10:39:30,18.529561455899596,73.85917183566917,Restricted,Lal Mahal,92.53,Poor,Normal,10,39,0.014128539881514968,0.008860527661738615,1,-1,Restricted,Safe
T013,2025-09-08 10:40:00,18.5192947586815,73.86044877381572,Safe,Lal Mahal,85.82,Good,Normal,10,40,-0.010266697218096255,0.0012769381465460583,2,101,Safe,Restricted
T013,2025-09-08 10:40:30,18.522514016514677,73.85074452759125,Safe,Aga Khan Palace,89.39,Good,Normal,10,40,0.0032192578331766697,-0.009704246224472968,2,-1,Restricted,Restricted
T013,2025-09-08 10:41:00,18.52444833873504,73.85307181902708,Restricted,Shaniwar Wada,91.73,Lost,Normal,10,41,0.0019343222203644928,0.00232729143583299,1,-1,Restricted,Restricted
T013,2025-09-08 10:41:30,18.511503511379324,73.85148361373105,Safe,Sinhagad Fort,94.91,Good,Normal,10,41,-0.012944827355717337,-0.0015882052960307647,2,-1,Restricted,Restricted
T013,2025-09-08 10:42:00,18.524786242055946,73.84853984358537,High-Risk,Sinhagad Fort,85.33,Good,Normal,10,42,0.013282730676621668,-0.0029437701456771492,0,-1,Restricted,Restricted
T013,2025-09-08 10:42:30,18.5186851175214,73.85981199144342,Restricted,Shaniwar Wada,90.82,Poor,Normal,10,42,-0.006101124534545477,0.011272147858051085,1,-1,Restricted,Safe
T013,2025-09-08 10:43:00,18.52803166964414,73.86313446157571,Safe,Shaniwar Wada,86.52,Good,Normal,10,43,0.009346552122739382,0.003322470132289368,2,13,Safe,Restricted
T013,2025-09-08 10:43:30,18.517887682292717,73.84675732569049,High-Risk,Sinhagad Fort,84.71,Good,Normal,10,43,-0.010143987351423078,-0.016377135885221605,0,-1,Restricted,Restricted
T013,2025-09-08 10:44:00,18.51646081592925,73.84762496656137,Safe,Aga Khan Palace,83.01,Good,Normal,10,44,-0.0014268663634666723,0.000867640870879427,2,-1,Restricted,Restricted
T013,2025-09-08 10:44:30,18.52423124947967,73.85354392205554,Safe,Lal Mahal,85.81,Good,Normal,10,44,0.007770433550419398,0.005918955494166767,2,-1,Restricted,Restricted
T013,2025-09-08 10:45:00,18.51196871519935,73.84751932407798,Safe,Lal Mahal,85.58,Poor,Normal,10,45,-0.012262534280317539,-0.006024597977557278,2,-1,Restricted,Restricted
T013,2025-09-08 10:45:30,18.513201392806465,73.8467712953315,High-Risk,Shaniwar Wada,94.55,Good,Normal,10,45,0.0012326776071134304,-0.0007480287464858293,0,-1,Restricted,Restricted
T013,2025-09-08 10:46:00,18.514346002086697,73.84705045772168,High-Risk,Sinhagad Fort,90.02,Good,Normal,10,46,0.0011446092802316343,0.000279162390185661,0,-1,Restricted,Safe
T013,2025-09-08 10:46:30,18.524997167087168,73.86418207320762,Safe,Sinhagad Fort,90.07,Good,Normal,10,46,0.010651165000471252,0.01713161548593689,2,67,Safe,Restricted
T013,2025-09-08 10:47:00,18.527977610533416,73.85763938105744,Safe,Aga Khan Palace,83.46,Good,Normal,10,47,0.0029804434462477047,-0.0065426921501767765,2,-1,Restricted,Safe
T013,2025-09-08 10:47:30,18.52045429209401,73.85629745297557,Safe,Pataleshwar Caves,88.93,Lost,Normal,10,47,-0.007523318439407234,-0.0013419280818709467,2,110,Safe,Safe
T013,2025-09-08 10:48:00,18.52090093307009,73.86025438115016,Safe,Pataleshwar Caves,87.42,Poor,Normal,10,48,0.00044664097608304587,0.00395692817458837,2,123,Safe,Safe
T013,2025-09-08 10:48:30,18.524095042035945,73.85834165727474,Safe,Shaniwar Wada,91.23,Good,Normal,10,48,0.0031941089658538147,-0.001912723875420852,2,83,Safe,Safe
T013,2025-09-08 10:49:00,18.51784343657914,73.85913645295075,Safe,Aga Khan Palace,92.14,Poor,Normal,10,49,-0.006251605456807141,0.0007947956760148145,2,103,Safe,Restricted
T013,2025-09-08 10:49:30,18.524424209406497,73.86653208758226,High-Risk,Pataleshwar Caves,89.36,Good,Normal,10,49,0.006580772827359027,0.007395634631507164,0,-1,Restricted,Restricted
T013,2025-09-08 10:50:00,18.52209691898547,73.85032166519987,High-Risk,Sinhagad Fort,81.6,Good,Normal,10,50,-0.0023272904210287493,-0.016210422382386014,0,-1,Restricted,Restricted
T013,2025-09-08 10:50:30,18.523789439142675,73.84858536569415,Safe,Pataleshwar Caves,94.58,Poor,Normal,10,50,0.0016925201572064452,-0.0017362995057226271,2,-1,Restricted,Restricted
T013,2025-09-08 10:51:00,18.520963045953053,73.85711964399133,Restricted,Sinhagad Fort,87.9,Good,Normal,10,51,-0.0028263931896219674,0.008534278297176456,1,-1,Restricted,Restricted
T013,2025-09-08 10:51:30,18.53013117514883,73.85667493490136,Restricted,Aga Khan Palace,92.56,Good,Normal,10,51,0.009168129195778363,-0.00044470908996174785,1,-1,Restricted,Restricted
T013,2025-09-08 10:52:00,18.525410962773574,73.85919856907257,Safe,Pataleshwar Caves,79.49,Good,Normal,10,52,-0.00472021237525766,0.0025236341712115973,2,-1,Restricted,Safe
T013,2025-09-08 10:52:30,18.511061082394367,73.85478769221469,Safe,Shaniwar Wada,84.34,Good,Normal,10,52,-0.014349880379207036,-0.004410876857889434,2,69,Safe,Safe
T013,2025-09-08 10:53:00,18.521286632304417,73.84755127853947,Safe,Aga Khan Palace,91.23,Good,Normal,10,53,0.010225549910050091,-0.007236413675215658,2,44,Safe,Restricted
T013,2025-09-08 10:53:30,18.512514717116872,73.85844051391031,High-Risk,Shaniwar Wada,88.23,Good,Normal,10,53,-0.008771915187544721,0.010889235370839856,0,-1,Restricted,Restricted
T013,2025-09-08 10:54:00,18.5273563329338,73.86432159628453,Safe,Lal Mahal,89.97,Good,Normal,10,54,0.01484161581692689,0.005881082374216362,2,-1,Restricted,Restricted
T013,2025-09-08 10:54:30,18.52765494865351,73.85046721098493,Restricted,Sinhagad Fort,88.69,Good,Normal,10,54,0.000298615719710682,-0.013854385299595151,1,-1,Restricted,Restricted
T013,2025-09-08 10:55:00,18.51908746738332,73.85975034211106,Safe,Shaniwar Wada,78.16,Good,Normal,10,55,-0.008567481270191024,0.009283131126125,2,-1,Restricted,Restricted
T013,2025-09-08 10:55:30,18.528626426041328,73.86346133548085,Safe,Pataleshwar Caves,88.01,Good,Normal,10,55,0.009538958658009022,0.003710993369793414,2,-1,Restricted,Restricted
T013,2025-09-08 10:56:00,18.528882348667377,73.86417898629357,Restricted,Shaniwar Wada,77.68,Good,Normal,10,56,0.00025592262604945404,0.000717650812717352,1,-1,Restricted,Restricted
T013,2025-09-08 10:56:30,18.511771913213103,73.86266096308658,High-Risk,Lal Mahal,77.91,Good,Normal,10,56,-0.017110435454274153,-0.0015180232069837984,0,-1,Restricted,Restricted
T013,2025-09-08 10:57:00,18.52395586572325,73.85831594797408,Safe,Sinhagad Fort,79.17,Good,Normal,10,57,0.012183952510145701,-0.004345015112505735,2,-1,Restricted,Restricted
T013,2025-09-08 10:57:30,18.515885747559565,73.8630722229917,Safe,Sinhagad Fort,85.55,Good,Normal,10,57,-0.008070118163683304,0.004756275017626876,2,-1,Restricted,Restricted
T013,2025-09-08 10:58:00,18.51171046544965,73.85090590650823,High-Risk,Shaniwar Wada,89.99,Lost,Normal,10,58,-0.004175282109915912,-0.012166316483472883,0,-1,Restricted,Safe
T013,2025-09-08 10:58:30,18.517683717606992,73.86543611250578,Safe,Pataleshwar Caves,87.03,Good,Normal,10,58,0.005973252157343012,0.014530205997544954,2,68,Safe,Restricted
T013,2025-09-08 10:59:00,18.521557915116617,73.84703545431042,Safe,Sinhagad Fort,77.26,Poor,Normal,10,59,0.0038741975096243664,-0.018400658195361075,2,-1,Restricted,Restricted
T013,2025-09-08 10:59:30,18.51432888494687,73.85709765045279,Safe,Shaniwar Wada,87.85,Poor,Normal,10,59,-0.007229030169746409,0.01006219614237125,2,-1,Restricted,Restricted
T013,2025-09-08 11:00:00,18.522140367145997,73.85259749516624,Safe,Aga Khan Palace,87.91,Lost,Normal,11,0,0.007811482199127084,-0.004500155286550012,2,-1,Restricted,Restricted
T013,2025-09-08 11:00:30,18.52652398461941,73.84944625539927,High-Risk,Aga Khan Palace,89.84,Good,Normal,11,0,0.0043836174734117606,-0.0031512397669644088,0,-1,Restricted,Restricted
T013,2025-09-08 11:01:00,18.511618372435397,73.86205647504765,Safe,Lal Mahal,93.45,Good,Normal,11,1,-0.01490561218401254,0.012610219648379939,2,-1,Restricted,Restricted
T013,2025-09-08 11:01:30,18.52586886305345,73.84676169428414,Safe,Shaniwar Wada,87.16,Good,Normal,11,1,0.01425049061805339,-0.01529478076351154,2,-1,Restricted,Restricted
T013,2025-09-08 11:02:00,18.513783743254663,73.85601706464696,Safe,Lal Mahal,76.13,Good,Normal,11,2,-0.012085119798786792,0.009255370362822646,2,-1,Restricted,Restricted
T013,2025-09-08 11:02:30,18.51215680150825,73.84867379904071,Restricted,Shaniwar Wada,91.33,Good,Normal,11,2,-0.0016269417464123137,-0.007343265606252203,1,-1,Restricted,Restricted
T013,2025-09-08 11:03:00,18.517353709647843,73.85313361108902,Restricted,Sinhagad Fort,87.27,Poor,Normal,11,3,0.005196908139591727,0.004459812048310141,1,-1,Restricted,Restricted
T013,2025-09-08 11:03:30,18.51084686030199,73.85633594936297,Safe,Sinhagad Fort,90.49,Good,Normal,11,3,-0.006506849345853993,0.003202338273951,2,-1,Restricted,Restricted
T013,2025-09-08 11:04:00,18.512389384762105,73.85068647203514,Restricted,Lal Mahal,81.49,Good,Normal,11,4,0.001542524460116823,-0.005649477327835939,1,-1,Restricted,Restricted
T013,2025-09-08 11:04:30,18.513132231348248,73.85060095241047,Safe,Aga Khan Palace,92.73,Good,Normal,11,4,0.0007428465861423206,-8.551962466185614e-05,2,-1,Restricted,Restricted
T013,2025-09-08 11:05:00,18.53033041047816,73.85537046868792,Safe,Sinhagad Fort,87.6,Good,Normal,11,5,0.01719817912991317,0.004769516277448815,2,-1,Restricted,Restricted
T013,2025-09-08 11:05:30,18.512553603327436,73.84870268968481,Restricted,Lal Mahal,85.6,Good,Normal,11,5,-0.017776807150724494,-0.006667779003109331,1,-1,Restricted,Restricted
T013,2025-09-08 11:06:00,18.51384362072657,73.85753551011064,Safe,Pataleshwar Caves,77.65,Good,Normal,11,6,0.0012900173991319264,0.008832820425823229,2,-1,Restricted,Restricted
T013,2025-09-08 11:06:30,18.511395964778107,73.85864950647603,Safe,Pataleshwar Caves,80.77,Good,Normal,11,6,-0.0024476559484618576,0.001113996365390335,2,-1,Restricted,Restricted
T013,2025-09-08 11:07:00,18.515289820700808,73.86295509924948,Safe,Aga Khan Palace,81.39,Poor,Normal,11,7,0.003893855922701306,0.004305592773448552,2,-1,Restricted,Restricted
T013,2025-09-08 11:07:30,18.52620106753806,73.86176582442357,Safe,Shaniwar Wada,77.02,Good,Normal,11,7,0.010911246837252975,-0.0011892748259043628,2,-1,Restricted,Restricted
T013,2025-09-08 11:08:00,18.522128374278303,73.86265958140649,Safe,Lal Mahal,85.52,Good,Normal,11,8,-0.004072693259757898,0.0008937569829186032,2,-1,Restricted,Restricted
T013,2025-09-08 11:08:30,18.523420196072667,73.86291811804638,High-Risk,Shaniwar Wada,89.75,Good,Normal,11,8,0.0012918217943642674,0.0002585366398903943,0,-1,Restricted,Restricted
T013,2025-09-08 11:09:00,18.51726025546568,73.85165798528097,Safe,Pataleshwar Caves,81.58,Good,Normal,11,9,-0.006159940606988101,-0.01126013276541471,2,-1,Restricted,Restricted
T013,2025-09-08 11:09:30,18.517853290865432,73.8484062365254,Safe,Shaniwar Wada,88.95,Good,Normal,11,9,0.0005930353997527504,-0.003251748755559447,2,-1,Restricted,Restricted
T013,2025-09-08 11:10:00,18.52355566385202,73.84904407468514,Safe,Aga Khan Palace,79.0,Good,Normal,11,10,0.005702372986586823,0.0006378381597329508,2,-1,Restricted,Restricted
T013,2025-09-08 11:10:30,18.512505577861013,73.86459722490432,Safe,Sinhagad Fort,90.47,Good,Normal,11,10,-0.011050085991005432,0.01555315021917636,2,-1,Restricted,Restricted
T013,2025-09-08 11:11:00,18.52699066311361,73.84682728805109,Safe,Sinhagad Fort,80.18,Good,Normal,11,11,0.014485085252598395,-0.017769936853227364,2,-1,Restricted,Restricted
T013,2025-09-08 11:11:30,18.51197913268617,73.85753133727488,High-Risk,Pataleshwar Caves,74.74,Poor,Normal,11,11,-0.015011530427440078,0.01070404922378998,0,-1,Restricted,Restricted
T013,2025-09-08 11:12:00,18.51933321363359,73.85870143831016,Safe,Aga Khan Palace,78.21,Good,Normal,11,12,0.007354080947418851,0.0011701010352851426,2,-1,Restricted,Restricted
T013,2025-09-08 11:12:30,18.52607019066861,73.84855441844472,Restricted,Aga Khan Palace,73.64,Poor,Normal,11,12,0.006736977035018299,-0.01014701986544253,1,-1,Restricted,Restricted
T013,2025-09-08 11:13:00,18.510571159120676,73.84825796680184,Restricted,Aga Khan Palace,79.27,Good,Normal,11,13,-0.015499031547932418,-0.00029645164288183423,1,-1,Restricted,Restricted
T013,2025-09-08 11:13:30,18.52572963363486,73.84941229466155,High-Risk,Aga Khan Palace,78.5,Good,Normal,11,13,0.01515847451418395,0.0011543278597088147,0,-1,Restricted,Restricted
T013,2025-09-08 11:14:00,18.52283830044057,73.85846338546769,High-Risk,Shaniwar Wada,87.71,Good,Normal,11,14,-0.0028913331942916898,0.009051090806138973,0,-1,Restricted,Restricted
T013,2025-09-08 11:14:30,18.51807335046985,73.86292888382417,Restricted,Aga Khan Palace,82.02,Good,Normal,11,14,-0.00476494997071697,0.004465498356481135,1,-1,Restricted,Restricted
T013,2025-09-08 11:15:00,18.5279483094384,73.85297476565636,Safe,Shaniwar Wada,86.43,Good,Normal,11,15,0.009874958968548952,-0.009954118167811998,2,-1,Restricted,Restricted
T013,2025-09-08 11:15:30,18.513562405470694,73.8493431568617,High-Risk,Shaniwar Wada,82.26,Poor,Normal,11,15,-0.014385903967706781,-0.003631608794648855,0,-1,Restricted,Restricted
T013,2025-09-08 11:16:00,18.529968508617483,73.8596798058849,Safe,Lal Mahal,79.41,Poor,Normal,11,16,0.01640610314678881,0.01033664902318776,2,-1,Restricted,Restricted
T013,2025-09-08 11:16:30,18.5262662525097,73.86185643092332,Safe,Lal Mahal,92.13,Good,Normal,11,16,-0.003702256107782631,0.002176625038430302,2,-1,Restricted,Restricted
T013,2025-09-08 11:17:00,18.517540463954816,73.8623480147784,Safe,Sinhagad Fort,70.06,Good,Normal,11,17,-0.008725788554883707,0.00049158385508008,2,-1,Restricted,Restricted
T013,2025-09-08 11:17:30,18.52276638042049,73.85506845312807,Safe,Shaniwar Wada,86.5,Poor,Normal,11,17,0.005225916465672498,-0.007279561650335609,2,-1,Restricted,Restricted
T013,2025-09-08 11:18:00,18.5167944894772,73.85845794788271,Safe,Sinhagad Fort,73.05,Good,Normal,11,18,-0.005971890943289537,0.0033894947546428966,2,-1,Restricted,Restricted
T013,2025-09-08 11:18:30,18.513761581615597,73.86401230095923,Safe,Sinhagad Fort,75.74,Good,Normal,11,18,-0.003032907861602041,0.005554353076519192,2,-1,Restricted,Restricted
T013,2025-09-08 11:19:00,18.524773930016,73.86517194906604,Safe,Lal Mahal,90.71,Good,Normal,11,19,0.011012348400402772,0.0011596481068067988,2,-1,Restricted,Restricted
T013,2025-09-08 11:19:30,18.51040512539381,73.85033416220786,Safe,Lal Mahal,90.4,Good,Normal,11,19,-0.014368804622190368,-0.01483778685818038,2,-1,Restricted,Restricted
T013,2025-09-08 11:20:00,18.515526684536173,73.854805204459,Restricted,Pataleshwar Caves,86.52,Good,Normal,11,20,0.005121559142363452,0.004471042251140034,1,-1,Restricted,Restricted
T013,2025-09-08 11:20:30,18.524933041893497,73.86377795290285,Safe,Pataleshwar Caves,85.98,Good,Normal,11,20,0.009406357357324424,0.008972748443852652,2,-1,Restricted,Restricted
T013,2025-09-08 11:21:00,18.51756406101664,73.85256145158262,Safe,Pataleshwar Caves,91.47,Poor,Normal,11,21,-0.007368980876858444,-0.011216501320234329,2,-1,Restricted,Restricted
T013,2025-09-08 11:21:30,18.528155401785902,73.85295765377619,Safe,Aga Khan Palace,80.45,Good,Normal,11,21,0.010591340769263269,0.00039620219357061615,2,-1,Restricted,Restricted
T013,2025-09-08 11:22:00,18.513398596719828,73.85966141372194,Safe,Sinhagad Fort,73.89,Good,Normal,11,22,-0.014756805066074463,0.006703759945750676,2,-1,Restricted,Restricted
T013,2025-09-08 11:22:30,18.51186526393662,73.86549488047956,Safe,Aga Khan Palace,77.44,Good,Normal,11,22,-0.0015333327832074417,0.0058334667576218635,2,-1,Restricted,Restricted
T013,2025-09-08 11:23:00,18.52172740308452,73.8569641692179,Safe,Lal Mahal,76.79,Good,Normal,11,23,0.009862139147898574,-0.008530711261656165,2,-1,Restricted,Restricted
T013,2025-09-08 11:23:30,18.52141351829771,73.85331653666782,Safe,Sinhagad Fort,74.09,Good,Normal,11,23,-0.0003138847868093819,-0.0036476325500842677,2,-1,Restricted,Restricted
T013,2025-09-08 11:24:00,18.52207874361996,73.85764178999423,Safe,Aga Khan Palace,90.38,Good,Normal,11,24,0.0006652253222512172,0.004325253326413758,2,-1,Restricted,Restricted
T013,2025-09-08 11:24:30,18.517917574522123,73.84955198030508,Safe,Lal Mahal,71.44,Good,Normal,11,24,-0.0041611690978378135,-0.008089809689153071,2,-1,Restricted,Safe
T013,2025-09-08 11:25:00,18.526768773106912,73.86072295002448,Safe,Pataleshwar Caves,69.42,Good,Normal,11,25,0.008851198584789444,0.011170969719401569,2,94,Safe,Restricted
T013,2025-09-08 11:25:30,18.51052676587669,73.85245020813973,Safe,Shaniwar Wada,68.95,Good,Normal,11,25,-0.016242007230221844,-0.008272741884752577,2,-1,Restricted,Restricted
T013,2025-09-08 11:26:00,18.522639966023323,73.86158276513079,Restricted,Aga Khan Palace,88.25,Good,Normal,11,26,0.012113200146632863,0.009132556991062302,1,-1,Restricted,Restricted
T013,2025-09-08 11:26:30,18.519842313102643,73.85663155690453,Safe,Sinhagad Fort,80.16,Good,Normal,11,26,-0.002797652920680349,-0.004951208226259496,2,-1,Restricted,Restricted
T013,2025-09-08 11:27:00,18.522010322864887,73.84880223163798,Restricted,Pataleshwar Caves,68.87,Good,Normal,11,27,0.002168009762243628,-0.007829325266555998,1,-1,Restricted,Restricted
T013,2025-09-08 11:27:30,18.514055675189457,73.85205730948216,Safe,Sinhagad Fort,77.54,Good,Normal,11,27,-0.007954647675429527,0.0032550778441873263,2,-1,Restricted,Restricted
T013,2025-09-08 11:28:00,18.520253333867014,73.86287807058862,Safe,Aga Khan Palace,79.12,Poor,Normal,11,28,0.006197658677557172,0.010820761106458576,2,-1,Restricted,Safe
T013,2025-09-08 11:28:30,18.51465379312068,73.8586940455338,Safe,Sinhagad Fort,68.5,Good,Normal,11,28,-0.005599540746334952,-0.004184025054826179,2,95,Safe,Safe
T013,2025-09-08 11:29:00,18.51884239644604,73.86360968792003,Safe,Sinhagad Fort,79.55,Good,Normal,11,29,0.004188603325360418,0.004915642386237096,2,86,Safe,Restricted
T013,2025-09-08 11:29:30,18.52721487614573,73.85553026084692,Safe,Lal Mahal,69.67,Good,Normal,11,29,0.008372479699691127,-0.008079427073113266,2,-1,Restricted,Restricted
T013,2025-09-08 11:30:00,18.52445889028497,73.84875932070473,High-Risk,Sinhagad Fort,73.66,Good,Normal,11,30,-0.002755985860762422,-0.0067709401421893745,0,-1,Restricted,Restricted
T013,2025-09-08 11:30:30,18.529505761387927,73.86055182184113,Safe,Sinhagad Fort,88.18,Good,Normal,11,30,0.005046871102958761,0.01179250113639796,2,-1,Restricted,Restricted
T013,2025-09-08 11:31:00,18.51800180757038,73.85343558964495,Safe,Sinhagad Fort,69.51,Good,Normal,11,31,-0.011503953817548762,-0.007116232196182182,2,-1,Restricted,Restricted
T013,2025-09-08 11:31:30,18.51797793477376,73.85755466231578,Safe,Shaniwar Wada,64.23,Good,Normal,11,31,-2.38727966177521e-05,0.0041190726708322245,2,-1,Restricted,Restricted
T013,2025-09-08 11:32:00,18.526890941856824,73.86000073705176,Safe,Shaniwar Wada,75.35,Good,Normal,11,32,0.008913007083062752,0.0024460747359853485,2,-1,Restricted,Restricted
T013,2025-09-08 11:32:30,18.525152287379605,73.85762846818415,High-Risk,Shaniwar Wada,69.21,Poor,Normal,11,32,-0.0017386544772186596,-0.002372268867617322,0,-1,Restricted,Restricted
T013,2025-09-08 11:33:00,18.523313157892485,73.84895723662913,Restricted,Aga Khan Palace,73.5,Lost,Normal,11,33,-0.0018391294871200614,-0.008671231555013037,1,-1,Restricted,Restricted
T013,2025-09-08 11:33:30,18.52774954546882,73.86512323934768,Safe,Aga Khan Palace,77.49,Good,Normal,11,33,0.0044363875763338,0.016166002718549066,2,-1,Restricted,Restricted
T013,2025-09-08 11:34:00,18.515668282242657,73.85924679675969,Safe,Pataleshwar Caves,62.66,Poor,Normal,11,34,-0.012081263226161099,-0.005876442587990027,2,-1,Restricted,Restricted
T013,2025-09-08 11:34:30,18.515394218138884,73.85082992018731,Safe,Sinhagad Fort,74.42,Good,Normal,11,34,-0.0002740641037739522,-0.008416876572383103,2,-1,Restricted,Restricted
T013,2025-09-08 11:35:00,18.51069805777533,73.8551607569533,Safe,Sinhagad Fort,89.61,Good,Normal,11,35,-0.004696160363554469,0.004330836765987556,2,-1,Restricted,Restricted
T013,2025-09-08 11:35:30,18.5161680095467,73.85075467930805,Safe,Lal Mahal,88.42,Good,Normal,11,35,0.0054699517713707735,-0.00440607764524259,2,-1,Restricted,Restricted
T013,2025-09-08 11:36:00,18.520045820932545,73.8524348765317,Safe,Sinhagad Fort,79.76,Good,Normal,11,36,0.003877811385844865,0.0016801972236493157,2,-1,Restricted,Restricted
T013,2025-09-08 11:36:30,18.51938583116904,73.85855946105804,Safe,Pataleshwar Caves,83.87,Good,Normal,11,36,-0.000659989763505564,0.00612458452633291,2,-1,Restricted,Restricted
T013,2025-09-08 11:37:00,18.528514472522534,73.86547722183799,Safe,Lal Mahal,75.91,Lost,Normal,11,37,0.009128641353495226,0.006917760779955984,2,-1,Restricted,Restricted
T013,2025-09-08 11:37:30,18.51467650202748,73.85020443805615,Safe,Pataleshwar Caves,78.55,Poor,Normal,11,37,-0.013837970495053753,-0.015272783781838939,2,-1,Restricted,Restricted
T013,2025-09-08 11:38:00,18.526475658806785,73.84854677653857,Safe,Lal Mahal,78.03,Good,Normal,11,38,0.011799156779304099,-0.0016576615175836196,2,-1,Restricted,Restricted
T013,2025-09-08 11:38:30,18.520720238932984,73.86321825800513,Safe,Sinhagad Fort,64.19,Good,Normal,11,38,-0.005755419873800349,0.014671481466564273,2,-1,Restricted,Restricted
T013,2025-09-08 11:39:00,18.52238501392897,73.86031478118869,Safe,Pataleshwar Caves,67.9,Poor,Normal,11,39,0.0016647749959872726,-0.0029034768164422076,2,-1,Restricted,Restricted
T013,2025-09-08 11:39:30,18.51441397746999,73.8596923212379,High-Risk,Lal Mahal,88.5,Good,Normal,11,39,-0.007971036458982894,-0.000622459950790244,0,-1,Restricted,Restricted
T014,2025-09-08 10:00:00,18.52295438701552,73.8555674022401,Safe,Lal Mahal,100.0,Good,Normal,10,0,0.008540409545531702,-0.004124918997803206,2,-1,Restricted,Safe
T014,2025-09-08 10:00:30,18.51391736839521,73.86612983649081,Safe,Lal Mahal,99.84,Good,Normal,10,0,-0.009037018620311699,0.010562434250715569,2,48,Safe,Restricted
T014,2025-09-08 10:01:00,18.51581726324524,73.84772075090783,Safe,Pataleshwar Caves,99.69,Poor,Normal,10,1,0.0018998948500303925,-0.018409085582987927,2,-1,Restricted,Restricted
T014,2025-09-08 10:01:30,18.5116636321985,73.84765853278289,Safe,Shaniwar Wada,99.77,Good,Normal,10,1,-0.004153631046740713,-6.221812493834022e-05,2,-1,Restricted,Restricted
T014,2025-09-08 10:02:00,18.523712142378557,73.86028256080624,Safe,Pataleshwar Caves,99.56,Good,Normal,10,2,0.012048510180058258,0.012624028023353162,2,-1,Restricted,High-Risk
T014,2025-09-08 10:02:30,18.514381121093454,73.85283911723309,High-Risk,Sinhagad Fort,99.32,Good,Normal,10,2,-0.009331021285102992,-0.007443443573151853,0,121,High-Risk,Restricted
T014,2025-09-08 10:03:00,18.512830531619432,73.85644267130704,Restricted,Lal Mahal,99.36,Good,Normal,10,3,-0.0015505894740215354,0.0036035540739476346,1,-1,Restricted,Restricted
T014,2025-09-08 10:03:30,18.52558429549408,73.84705057291185,Restricted,Aga Khan Palace,99.64,Good,Normal,10,3,0.012753763874648882,-0.009392098395181847,1,-1,Restricted,Restricted
T014,2025-09-08 10:04:00,18.51459231346977,73.8469714343957,Safe,Sinhagad Fort,99.07,Good,Normal,10,4,-0.010991982024311397,-7.9138516156263e-05,2,-1,Restricted,Restricted
T014,2025-09-08 10:04:30,18.518212335205085,73.8514825023589,High-Risk,Pataleshwar Caves,99.27,Good,Normal,10,4,0.003620021735315504,0.004511067963207438,0,-1,Restricted,Restricted
T014,2025-09-08 10:05:00,18.511586534321243,73.85423760855656,Safe,Shaniwar Wada,98.97,Good,Normal,10,5,-0.006625800883842459,0.002755106197653845,2,-1,Restricted,Restricted
T014,2025-09-08 10:05:30,18.52260740525321,73.85788199132668,High-Risk,Shaniwar Wada,97.85,Lost,Normal,10,5,0.011020870931968574,0.0036443827701191367,0,-1,Restricted,Restricted
T014,2025-09-08 10:06:00,18.519828114534143,73.85946410941638,Safe,Sinhagad Fort,98.54,Poor,Normal,10,6,-0.0027792907190686833,0.001582118089700657,2,-1,Restricted,Restricted
T014,2025-09-08 10:06:30,18.520018039128743,73.84676496711312,Restricted,Shaniwar Wada,99.26,Poor,Normal,10,6,0.00018992459460065447,-0.012699142303262079,1,-1,Restricted,Restricted
T014,2025-09-08 10:07:00,18.522767192158817,73.86219349455206,Safe,Lal Mahal,97.22,Good,Normal,10,7,0.0027491530300736144,0.015428527438942297,2,-1,Restricted,Safe
T014,2025-09-08 10:07:30,18.529323563896032,73.8512912565552,Safe,Pataleshwar Caves,98.67,Good,Normal,10,7,0.0065563717372150165,-0.010902237996859299,2,88,Safe,Restricted
T014,2025-09-08 10:08:00,18.525492649359908,73.85527358330351,Safe,Pataleshwar Caves,99.02,Good,Normal,10,8,-0.0038309145361239416,0.003982326748314335,2,-1,Restricted,Restricted
T014,2025-09-08 10:08:30,18.52105019601316,73.85281912717596,Safe,Lal Mahal,97.42,Good,Normal,10,8,-0.0044424533467477545,-0.0024544561275519072,2,-1,Restricted,Restricted
T014,2025-09-08 10:09:00,18.5149390898488,73.85563549075914,Safe,Pataleshwar Caves,98.5,Good,Normal,10,9,-0.006111106164361502,0.002816363583178827,2,-1,Restricted,Restricted
T014,2025-09-08 10:09:30,18.5143161832516,73.862199281273,High-Risk,Aga Khan Palace,97.61,Good,Normal,10,9,-0.0006229065971972148,0.006563790513865797,0,-1,Restricted,Restricted
T014,2025-09-08 10:10:00,18.511701582009703,73.8496104764606,Restricted,Aga Khan Palace,98.18,Good,Normal,10,10,-0.0026146012418983844,-0.012588804812409649,1,-1,Restricted,Restricted
T014,2025-09-08 10:10:30,18.519974023997506,73.84991104924177,Safe,Sinhagad Fort,98.75,Poor,Normal,10,10,0.008272441987802637,0.00030057278117112673,2,-1,Restricted,Restricted
T014,2025-09-08 10:11:00,18.52197773452908,73.86445809686064,High-Risk,Aga Khan Palace,98.56,Poor,Normal,10,11,0.002003710531575109,0.014547047618876263,0,-1,Restricted,Restricted
T014,2025-09-08 10:11:30,18.514017775057813,73.86130574704482,High-Risk,Sinhagad Fort,95.49,Good,Normal,10,11,-0.007959959471268263,-0.0031523498158207985,0,-1,Restricted,Restricted
T014,2025-09-08 10:12:00,18.52580468311574,73.85186547667303,Safe,Lal Mahal,95.63,Poor,Normal,10,12,0.011786908057928258,-0.00944027037179751,2,-1,Restricted,Safe
T014,2025-09-08 10:12:30,18.52322812470293,73.85410853879443,Safe,Sinhagad Fort,96.12,Good,Normal,10,12,-0.0025765584128123464,0.0022430621214084567,2,111,Safe,Restricted
T014,2025-09-08 10:13:00,18.525050164268823,73.86564461727208,Safe,Shaniwar Wada,96.19,Good,Normal,10,13,0.001822039565894329,0.011536078477647038,2,-1,Restricted,Safe
T014,2025-09-08 10:13:30,18.51786498716281,73.85730475193651,Safe,Shaniwar Wada,96.35,Poor,Normal,10,13,-0.007185177106013185,-0.008339865335571517,2,77,Safe,Restricted
T014,2025-09-08 10:14:00,18.52231140386812,73.85083560907971,Restricted,Pataleshwar Caves,98.55,Good,Normal,10,14,0.004446416705309986,-0.006469142856801113,1,-1,Restricted,Restricted
T014,2025-09-08 10:14:30,18.511340456277587,73.8595585648703,Safe,Aga Khan Palace,95.56,Good,Normal,10,14,-0.010970947590532631,0.008722955790588571,2,-1,Restricted,Restricted
T014,2025-09-08 10:15:00,18.51742309159865,73.8540090873366,High-Risk,Lal Mahal,97.95,Good,Normal,10,15,0.006082635321064345,-0.005549477533691061,0,-1,Restricted,Restricted
T014,2025-09-08 10:15:30,18.52665201223765,73.8469827666651,Safe,Shaniwar Wada,96.94,Good,Normal,10,15,0.009228920638999938,-0.007026320671499775,2,-1,Restricted,Restricted
T014,2025-09-08 10:16:00,18.52774916450629,73.86266555470327,Restricted,Aga Khan Palace,95.48,Good,Normal,10,16,0.0010971522686382684,0.0156827880381627,1,-1,Restricted,Restricted
T014,2025-09-08 10:16:30,18.515689691917707,73.85876572821805,High-Risk,Lal Mahal,98.14,Good,Normal,10,16,-0.01205947258858231,-0.0038998264852239117,0,-1,Restricted,Restricted
T014,2025-09-08 10:17:00,18.52383237640588,73.85476311333827,Safe,Shaniwar Wada,98.03,Lost,Normal,10,17,0.008142684488174012,-0.004002614879780708,2,-1,Restricted,Safe
T014,2025-09-08 10:17:30,18.52526014465105,73.85688782971667,Safe,Shaniwar Wada,94.02,Poor,Normal,10,17,0.001427768245168437,0.0021247163784039458,2,112,Safe,Restricted
T014,2025-09-08 10:18:00,18.523429054154413,73.84689661455937,Safe,Pataleshwar Caves,95.31,Good,Normal,10,18,-0.001831090496636989,-0.009991215157299393,2,-1,Restricted,Restricted
T014,2025-09-08 10:18:30,18.517469268384627,73.86167390102224,Restricted,Shaniwar Wada,94.8,Good,Normal,10,18,-0.005959785769785952,0.014777286462873462,1,-1,Restricted,Restricted
T014,2025-09-08 10:19:00,18.52047992239494,73.8575157326335,High-Risk,Sinhagad Fort,96.33,Good,Normal,10,19,0.0030106540103140844,-0.004158168388741501,0,-1,Restricted,Restricted
T014,2025-09-08 10:19:30,18.520404536208886,73.85270464752696,Safe,Shaniwar Wada,95.05,Good,Normal,10,19,-7.538618605451575e-05,-0.004811085106538826,2,-1,Restricted,Restricted
T014,2025-09-08 10:20:00,18.51654116001469,73.86262378091013,Restricted,Aga Khan Palace,94.43,Good,Normal,10,20,-0.0038633761941966327,0.00991913338316408,1,-1,Restricted,Restricted
T014,2025-09-08 10:20:30,18.526697319576364,73.85546011107445,High-Risk,Aga Khan Palace,94.13,Good,Normal,10,20,0.010156159561674372,-0.007163669835676956,0,-1,Restricted,Safe
T014,2025-09-08 10:21:00,18.529266062437472,73.86366262886001,Safe,Shaniwar Wada,92.67,Good,Normal,10,21,0.0025687428611078644,0.00820251778556269,2,36,Safe,Restricted
T014,2025-09-08 10:21:30,18.510660669149463,73.86098125295152,Safe,Aga Khan Palace,93.32,Good,Normal,10,21,-0.018605393288009253,-0.0026813759084944877,2,-1,Restricted,Restricted
T014,2025-09-08 10:22:00,18.52116387607857,73.85208145179232,Safe,Shaniwar Wada,92.18,Lost,Normal,10,22,0.010503206929108444,-0.008899801159202525,2,-1,Restricted,Safe
T014,2025-09-08 10:22:30,18.527626853372823,73.854283727741,Safe,Lal Mahal,94.98,Good,Normal,10,22,0.006462977294251715,0.0022022759486901577,2,37,Safe,Safe
T014,2025-09-08 10:23:00,18.51233904415445,73.85604799435548,Safe,Shaniwar Wada,92.83,Good,Normal,10,23,-0.015287809218371251,0.0017642666144723762,2,80,Safe,Safe
T014,2025-09-08 10:23:30,18.5139686819401,73.8477013180777,Safe,Aga Khan Palace,92.61,Good,Normal,10,23,0.0016296377856477307,-0.00834667627778174,2,53,Safe,Safe
T014,2025-09-08 10:24:00,18.51530758074845,73.85515902841473,Safe,Pataleshwar Caves,94.61,Lost,Normal,10,24,0.0013388988083491427,0.0074577103370359055,2,40,Safe,Restricted
T014,2025-09-08 10:24:30,18.51102027843944,73.84902505817666,Safe,Lal Mahal,93.97,Good,Normal,10,24,-0.004287302309009533,-0.006133970238067832,2,-1,Restricted,Safe
T014,2025-09-08 10:25:00,18.51338913918527,73.86263574288684,Safe,Aga Khan Palace,94.17,Poor,Normal,10,25,0.002368860745832535,0.013610684710172904,2,113,Safe,Restricted
T014,2025-09-08 10:25:30,18.510845766074397,73.85379936240176,High-Risk,Lal Mahal,94.89,Lost,Normal,10,25,-0.0025433731108748248,-0.008836380485078621,0,-1,Restricted,Restricted
T014,2025-09-08 10:26:00,18.52180056206679,73.85983038920959,Safe,Lal Mahal,95.61,Good,Normal,10,26,0.010954795992393684,0.006031026807832518,2,-1,Restricted,Restricted
T014,2025-09-08 10:26:30,18.525918081375597,73.84776104679781,Safe,Shaniwar Wada,95.82,Good,Normal,10,26,0.00411751930880655,-0.012069342411777484,2,-1,Restricted,Restricted
T014,2025-09-08 10:27:00,18.52439009144881,73.85357481383771,Safe,Lal Mahal,95.69,Good,Normal,10,27,-0.001527989926785267,0.005813767039896334,2,-1,Restricted,Safe
T014,2025-09-08 10:27:30,18.527639719461263,73.85469226808559,Safe,Pataleshwar Caves,91.97,Good,Normal,10,27,0.003249628012451211,0.0011174542478755711,2,118,Safe,Restricted
T014,2025-09-08 10:28:00,18.526566092217948,73.84767440246068,Safe,Shaniwar Wada,92.25,Good,Normal,10,28,-0.0010736272433149452,-0.007017865624902697,2,-1,Restricted,Restricted
T014,2025-09-08 10:28:30,18.51171639983784,73.86224373107675,Restricted,Lal Mahal,92.24,Good,Normal,10,28,-0.014849692380106916,0.014569328616062194,1,-1,Restricted,Restricted
T014,2025-09-08 10:29:00,18.518999779050876,73.8551217407008,Restricted,Lal Mahal,92.73,Poor,Normal,10,29,0.007283379213035346,-0.007121990375949849,1,-1,Restricted,Safe
T014,2025-09-08 10:29:30,18.52806311307502,73.85188523538939,Safe,Aga Khan Palace,91.42,Poor,Normal,10,29,0.00906333402414461,-0.0032365053114062903,2,37,Safe,Safe
T014,2025-09-08 10:30:00,18.521300513364093,73.85500223670412,Safe,Lal Mahal,94.09,Good,Normal,10,30,-0.0067625997109281855,0.00311700131473458,2,99,Safe,Restricted
T014,2025-09-08 10:30:30,18.524907545023147,73.86380222058902,Safe,Pataleshwar Caves,96.23,Good,Normal,10,30,0.003607031659054627,0.008799983884898666,2,-1,Restricted,Restricted
T014,2025-09-08 10:31:00,18.52973813237532,73.86342928433523,High-Risk,Lal Mahal,90.81,Good,Normal,10,31,0.0048305873521741205,-0.00037293625379675177,0,-1,Restricted,Restricted
T014,2025-09-08 10:31:30,18.52161990820663,73.8476561469486,Safe,Aga Khan Palace,90.29,Good,Normal,10,31,-0.008118224168690347,-0.01577313738663122,2,-1,Restricted,Restricted
T014,2025-09-08 10:32:00,18.525322326679223,73.85565988850132,Safe,Sinhagad Fort,91.52,Poor,Normal,10,32,0.0037024184725922282,0.008003741552727206,2,-1,Restricted,Restricted
T014,2025-09-08 10:32:30,18.52806509224709,73.8657679498367,High-Risk,Pataleshwar Caves,89.83,Good,Normal,10,32,0.0027427655678664564,0.010108061335373009,0,-1,Restricted,Restricted
T014,2025-09-08 10:33:00,18.52679881929654,73.85965464065919,High-Risk,Shaniwar Wada,88.39,Good,Normal,10,33,-0.001266272950548597,-0.006113309177507631,0,-1,Restricted,Restricted
T014,2025-09-08 10:33:30,18.53010570033366,73.86455780005677,High-Risk,Sinhagad Fort,96.02,Good,Normal,10,33,0.0033068810371190693,0.004903159397585455,0,-1,Restricted,Restricted
T014,2025-09-08 10:34:00,18.525905047045484,73.86530368870417,High-Risk,Pataleshwar Caves,95.53,Good,Normal,10,34,-0.004200653288176426,0.0007458886474012161,0,-1,Restricted,Restricted
T014,2025-09-08 10:34:30,18.52826146454484,73.84728225839221,High-Risk,Lal Mahal,94.8,Good,Normal,10,34,0.0023564174993566667,-0.01802143031196124,0,-1,Restricted,Restricted
T014,2025-09-08 10:35:00,18.517409189771865,73.84809425701543,Safe,Pataleshwar Caves,90.66,Good,Normal,10,35,-0.01085227477297579,0.0008119986232202336,2,-1,Restricted,Restricted
T014,2025-09-08 10:35:30,18.52507270559554,73.85432544757832,Safe,Shaniwar Wada,87.15,Poor,Normal,10,35,0.0076635158236761924,0.006231190562886013,2,-1,Restricted,High-Risk
T014,2025-09-08 10:36:00,18.52548209293866,73.85705954690222,High-Risk,Sinhagad Fort,85.92,Good,Normal,10,36,0.00040938734311879443,0.002734099323902228,0,114,High-Risk,Restricted
T014,2025-09-08 10:36:30,18.524923024467423,73.85386379453067,Safe,Lal Mahal,93.29,Poor,Normal,10,36,-0.0005590684712366567,-0.00319575237155334,2,-1,Restricted,Restricted
T014,2025-09-08 10:37:00,18.5226001245212,73.84841063111212,High-Risk,Sinhagad Fort,96.22,Poor,Normal,10,37,-0.0023228999462219235,-0.005453163418550844,0,-1,Restricted,Restricted
T014,2025-09-08 10:37:30,18.51266935970904,73.85854919864177,Safe,Pataleshwar Caves,92.57,Good,Normal,10,37,-0.00993076481216093,0.010138567529651255,2,-1,Restricted,Restricted
T014,2025-09-08 10:38:00,18.512925825587438,73.85086807256148,Safe,Aga Khan Palace,90.99,Poor,Normal,10,38,0.0002564658783974494,-0.007681126080285594,2,-1,Restricted,Restricted
T014,2025-09-08 10:38:30,18.51826819807983,73.85326355168299,High-Risk,Pataleshwar Caves,95.84,Good,Normal,10,38,0.00534237249239311,0.0023954791215032856,0,-1,Restricted,Safe
T014,2025-09-08 10:39:00,18.51981091334847,73.85407961947656,Safe,Aga Khan Palace,95.16,Good,Normal,10,39,0.0015427152686378065,0.0008160677935791227,2,8,Safe,Restricted
T014,2025-09-08 10:39:30,18.521166372758216,73.8570030569354,High-Risk,Aga Khan Palace,87.48,Good,Normal,10,39,0.0013554594097477946,0.0029234374588327228,0,-1,Restricted,Restricted
T014,2025-09-08 10:40:00,18.522496074492587,73.84705342364813,Safe,Aga Khan Palace,84.4,Good,Normal,10,40,0.0013297017343703033,-0.009949633287263282,2,-1,Restricted,Restricted
T014,2025-09-08 10:40:30,18.516678131727268,73.85390880691757,Safe,Lal Mahal,91.84,Good,Normal,10,40,-0.005817942765318662,0.00685538326943913,2,-1,Restricted,Restricted
T014,2025-09-08 10:41:00,18.51633405605685,73.85627828357624,High-Risk,Pataleshwar Caves,83.96,Good,Normal,10,41,-0.0003440756704193859,0.0023694766586714877,0,-1,Restricted,Restricted
T014,2025-09-08 10:41:30,18.52918271992327,73.85693920765983,High-Risk,Aga Khan Palace,95.27,Good,Normal,10,41,0.012848663866421361,0.0006609240835899755,0,-1,Restricted,Restricted
T014,2025-09-08 10:42:00,18.528577254405047,73.85328598619874,High-Risk,Pataleshwar Caves,83.61,Good,Normal,10,42,-0.0006054655182232693,-0.003653221461092926,0,-1,Restricted,Restricted
T014,2025-09-08 10:42:30,18.528308013466816,73.86185442829756,High-Risk,Pataleshwar Caves,89.58,Good,Normal,10,42,-0.00026924093823055273,0.008568442098820128,0,-1,Restricted,Restricted
T014,2025-09-08 10:43:00,18.516671860756183,73.85072295656039,Safe,Sinhagad Fort,83.84,Poor,Normal,10,43,-0.011636152710632786,-0.01113147173717266,2,-1,Restricted,Safe
T014,2025-09-08 10:43:30,18.514125881105723,73.85550909833677,Safe,Aga Khan Palace,85.78,Lost,Normal,10,43,-0.002545979650459884,0.004786141776378372,2,65,Safe,Restricted
T014,2025-09-08 10:44:00,18.522872482261203,73.86553252564032,Safe,Sinhagad Fort,95.42,Lost,Normal,10,44,0.008746601155479539,0.010023427303551102,2,-1,Restricted,Restricted
T014,2025-09-08 10:44:30,18.529085160808307,73.86108964941971,Safe,Aga Khan Palace,89.9,Good,Normal,10,44,0.006212678547104389,-0.004442876220608127,2,-1,Restricted,Restricted
T014,2025-09-08 10:45:00,18.52742371895993,73.85309866878406,Safe,Aga Khan Palace,88.94,Good,Normal,10,45,-0.00166144184837691,-0.007990980635653955,2,-1,Restricted,Restricted
T014,2025-09-08 10:45:30,18.52690860451857,73.8536800319681,Restricted,Sinhagad Fort,93.28,Poor,Normal,10,45,-0.0005151144413595432,0.0005813631840396738,1,-1,Restricted,Restricted
T014,2025-09-08 10:46:00,18.51441173823812,73.86389825180396,Safe,Shaniwar Wada,85.61,Poor,Normal,10,46,-0.012496866280450547,0.010218219835863351,2,-1,Restricted,Restricted
T014,2025-09-08 10:46:30,18.51894844379012,73.86487857578965,High-Risk,Aga Khan Palace,95.2,Good,Normal,10,46,0.004536705551998921,0.000980323985686482,0,-1,Restricted,Safe
T014,2025-09-08 10:47:00,18.52896036361149,73.8491318840344,Safe,Aga Khan Palace,85.95,Good,Normal,10,47,0.01001191982136973,-0.015746691755239794,2,22,Safe,Restricted
T014,2025-09-08 10:47:30,18.518531611330797,73.85574544392772,Safe,Aga Khan Palace,93.82,Good,Normal,10,47,-0.010428752280692066,0.006613559893310139,2,-1,Restricted,Restricted
T014,2025-09-08 10:48:00,18.523122836273,73.86240919284157,Safe,Shaniwar Wada,88.67,Good,Normal,10,48,0.004591224942203098,0.006663748913851464,2,-1,Restricted,Safe
T014,2025-09-08 10:48:30,18.51470613610938,73.85887617400063,Safe,Shaniwar Wada,87.44,Good,Normal,10,48,-0.008416700163621726,-0.0035330188409403718,2,115,Safe,Safe
T014,2025-09-08 10:49:00,18.52766938455859,73.86162954260955,Safe,Pataleshwar Caves,81.52,Lost,Normal,10,49,0.012963248449210596,0.0027533686089213916,2,13,Safe,Restricted
T014,2025-09-08 10:49:30,18.511890329893312,73.85194826602675,Safe,Sinhagad Fort,88.06,Poor,Normal,10,49,-0.01577905466527696,-0.009681276582796272,2,-1,Restricted,Safe
T014,2025-09-08 10:50:00,18.51100175480109,73.85669875510649,Safe,Shaniwar Wada,81.92,Poor,Normal,10,50,-0.00088857509222251,0.00475048907973985,2,56,Safe,Restricted
T014,2025-09-08 10:50:30,18.526533140212408,73.85456998485951,Safe,Sinhagad Fort,87.68,Lost,Normal,10,50,0.015531385411318155,-0.0021287702469834358,2,-1,Restricted,High-Risk
T014,2025-09-08 10:51:00,18.52931229117261,73.85185416332057,High-Risk,Pataleshwar Caves,86.94,Good,Normal,10,51,0.0027791509602010933,-0.0027158215389420093,0,27,High-Risk,Restricted
T014,2025-09-08 10:51:30,18.52791699855045,73.86554565505405,Safe,Sinhagad Fort,88.12,Good,Normal,10,51,-0.0013952926221598716,0.013691491733482053,2,-1,Restricted,Restricted
T014,2025-09-08 10:52:00,18.518602281932417,73.85080166011929,Safe,Aga Khan Palace,84.62,Good,Normal,10,52,-0.009314716618032293,-0.014743994934761417,2,-1,Restricted,Restricted
T014,2025-09-08 10:52:30,18.52724158042651,73.86629619589067,Safe,Shaniwar Wada,79.67,Good,Normal,10,52,0.008639298494092174,0.01549453577138138,2,-1,Restricted,Restricted
T014,2025-09-08 10:53:00,18.5226054065573,73.85584435465559,Safe,Sinhagad Fort,86.75,Good,Normal,10,53,-0.004636173869208449,-0.01045184123508136,2,-1,Restricted,Restricted
T014,2025-09-08 10:53:30,18.52413399538824,73.86566983251568,High-Risk,Shaniwar Wada,92.95,Good,Normal,10,53,0.0015285888309399809,0.00982547786009036,0,-1,Restricted,Safe
T014,2025-09-08 10:54:00,18.51949401912435,73.86287108470957,Safe,Shaniwar Wada,92.79,Poor,Normal,10,54,-0.0046399762638920095,-0.0027987478061106685,2,47,Safe,Restricted
T014,2025-09-08 10:54:30,18.512806479747336,73.86284004780342,Safe,Sinhagad Fort,86.04,Good,Normal,10,54,-0.006687539377011831,-3.1036906150916366e-05,2,-1,Restricted,Restricted
T014,2025-09-08 10:55:00,18.524746624685434,73.86049268374148,Restricted,Sinhagad Fort,80.64,Good,Normal,10,55,0.01194014493809803,-0.0023473640619329217,1,-1,Restricted,Restricted
T014,2025-09-08 10:55:30,18.514451289519524,73.86667584770248,Safe,Aga Khan Palace,94.39,Poor,Normal,10,55,-0.010295335165910302,0.006183163960997717,2,-1,Restricted,Restricted
T014,2025-09-08 10:56:00,18.52466682774381,73.86442504184843,Safe,Sinhagad Fort,86.83,Lost,Normal,10,56,0.010215538224287002,-0.002250805854046689,2,-1,Restricted,Safe
T014,2025-09-08 10:56:30,18.526502743368813,73.86538179110991,Safe,Aga Khan Palace,86.64,Good,Normal,10,56,0.0018359156250014053,0.0009567492614763751,2,45,Safe,Restricted
T014,2025-09-08 10:57:00,18.528506297030606,73.85693624110519,Safe,Lal Mahal,93.5,Good,Normal,10,57,0.0020035536617939442,-0.00844555000472269,2,-1,Restricted,Restricted
T014,2025-09-08 10:57:30,18.524524048077968,73.8594510631543,Safe,Aga Khan Palace,80.82,Good,Normal,10,57,-0.003982248952638656,0.002514822049107579,2,-1,Restricted,Restricted
T014,2025-09-08 10:58:00,18.528397999100488,73.86549672416865,Restricted,Lal Mahal,85.55,Lost,Normal,10,58,0.0038739510225198615,0.006045661014354664,1,-1,Restricted,Safe
T014,2025-09-08 10:58:30,18.51392005767664,73.85998414762346,Safe,Sinhagad Fort,86.6,Poor,Normal,10,58,-0.014477941423848506,-0.005512576545186221,2,75,Safe,Restricted
T014,2025-09-08 10:59:00,18.51742345735961,73.84985734428311,Safe,Lal Mahal,93.97,Good,Normal,10,59,0.0035033996829696434,-0.01012680334035565,2,-1,Restricted,Restricted
T014,2025-09-08 10:59:30,18.527389823675573,73.8560059343504,Safe,Pataleshwar Caves,80.9,Good,Normal,10,59,0.009966366315964592,0.006148590067297732,2,-1,Restricted,Restricted
T014,2025-09-08 11:00:00,18.5130867733308,73.85946687676012,Safe,Lal Mahal,81.8,Poor,Normal,11,0,-0.014303050344771862,0.0034609424097169494,2,-1,Restricted,Restricted
T014,2025-09-08 11:00:30,18.52555454470752,73.85803347231537,Restricted,Sinhagad Fort,77.43,Poor,Normal,11,0,0.012467771376719838,-0.0014334044447537053,1,-1,Restricted,Restricted
T014,2025-09-08 11:01:00,18.516181320306305,73.84994563783171,Safe,Sinhagad Fort,82.54,Good,Normal,11,1,-0.009373224401215907,-0.008087834483660572,2,-1,Restricted,Restricted
T014,2025-09-08 11:01:30,18.51991351781969,73.86091107725488,High-Risk,Sinhagad Fort,92.24,Good,Normal,11,1,0.003732197513382829,0.010965439423173962,0,-1,Restricted,Restricted
T014,2025-09-08 11:02:00,18.522268118371336,73.85873611083191,High-Risk,Shaniwar Wada,85.14,Good,Normal,11,2,0.002354600551647934,-0.002174966422970215,0,-1,Restricted,Restricted
T014,2025-09-08 11:02:30,18.5208143872044,73.84870655284185,High-Risk,Sinhagad Fort,90.36,Good,Normal,11,2,-0.0014537311669364783,-0.010029557990065996,0,-1,Restricted,Restricted
T014,2025-09-08 11:03:00,18.530254902900506,73.85585936321631,High-Risk,Pataleshwar Caves,88.67,Good,Normal,11,3,0.009440515696105933,0.007152810374464025,0,-1,Restricted,Restricted
T014,2025-09-08 11:03:30,18.519304223824165,73.85392944613244,Restricted,Aga Khan Palace,84.44,Good,Normal,11,3,-0.010950679076341174,-0.0019299170838706914,1,-1,Restricted,Restricted
T014,2025-09-08 11:04:00,18.52769260244088,73.86648594424628,Safe,Sinhagad Fort,92.22,Lost,Normal,11,4,0.008388378616714931,0.012556498113838188,2,-1,Restricted,Restricted
T014,2025-09-08 11:04:30,18.516849972326156,73.86098260942757,Safe,Pataleshwar Caves,89.36,Poor,Normal,11,4,-0.010842630114723306,-0.0055033348187123465,2,-1,Restricted,Restricted
T014,2025-09-08 11:05:00,18.51157969688033,73.85355998472687,Safe,Aga Khan Palace,79.21,Good,Normal,11,5,-0.005270275445827366,-0.007422624700694769,2,-1,Restricted,Restricted
T014,2025-09-08 11:05:30,18.520287690991072,73.86051289496157,Restricted,Aga Khan Palace,80.76,Good,Normal,11,5,0.0087079941107433,0.006952910234701903,1,-1,Restricted,Restricted
T014,2025-09-08 11:06:00,18.52531144605613,73.86140654370608,Safe,Aga Khan Palace,93.24,Lost,Normal,11,6,0.005023755065057145,0.0008936487445083685,2,-1,Restricted,Restricted
T014,2025-09-08 11:06:30,18.52573949879699,73.84969530301278,Safe,Aga Khan Palace,86.17,Poor,Normal,11,6,0.0004280527408617729,-0.011711240693301761,2,-1,Restricted,Restricted
T014,2025-09-08 11:07:00,18.513989544579832,73.84919761849312,Safe,Lal Mahal,89.36,Good,Normal,11,7,-0.011749954217158631,-0.0004976845196580371,2,-1,Restricted,Restricted
T014,2025-09-08 11:07:30,18.529306502928144,73.86666206397587,High-Risk,Pataleshwar Caves,76.13,Lost,Normal,11,7,0.01531695834831126,0.017464445482744395,0,-1,Restricted,Restricted
T014,2025-09-08 11:08:00,18.528419828185413,73.85058175252017,Safe,Lal Mahal,76.66,Good,Normal,11,8,-0.0008866747427305199,-0.01608031145569555,2,-1,Restricted,Restricted
T014,2025-09-08 11:08:30,18.523942016019475,73.86370868302126,Safe,Pataleshwar Caves,78.05,Good,Normal,11,8,-0.004477812165937678,0.013126930501087486,2,-1,Restricted,Restricted
T014,2025-09-08 11:09:00,18.5252485401748,73.86440096491664,Safe,Lal Mahal,90.92,Good,Normal,11,9,0.0013065241553249507,0.0006922818953825072,2,-1,Restricted,Restricted
T014,2025-09-08 11:09:30,18.517197733710912,73.86382656893038,Safe,Shaniwar Wada,85.1,Good,Normal,11,9,-0.008050806463888449,-0.0005743959862627435,2,-1,Restricted,Restricted
T014,2025-09-08 11:10:00,18.51068739218525,73.85035102556401,Safe,Shaniwar Wada,73.37,Good,Normal,11,10,-0.006510341525661545,-0.01347554336636847,2,-1,Restricted,Restricted
T014,2025-09-08 11:10:30,18.526034297130646,73.8550218869096,Safe,Sinhagad Fort,85.13,Good,Normal,11,10,0.015346904945396034,0.004670861345587696,2,-1,Restricted,Restricted
T014,2025-09-08 11:11:00,18.52777473666979,73.85106473889742,Restricted,Sinhagad Fort,92.68,Lost,Normal,11,11,0.0017404395391444893,-0.0039571480121765035,1,-1,Restricted,Restricted
T014,2025-09-08 11:11:30,18.522630632446045,73.86242842282269,Safe,Aga Khan Palace,74.56,Good,Normal,11,11,-0.005144104223745671,0.011363683925267765,2,-1,Restricted,Restricted
T014,2025-09-08 11:12:00,18.514884563843324,73.85307379020061,High-Risk,Shaniwar Wada,90.5,Lost,Normal,11,12,-0.007746068602720868,-0.009354632622077474,0,-1,Restricted,Restricted
T014,2025-09-08 11:12:30,18.51185972194155,73.85407405389748,Safe,Pataleshwar Caves,87.26,Poor,Normal,11,12,-0.003024841901773101,0.0010002636968664547,2,-1,Restricted,Restricted
T014,2025-09-08 11:13:00,18.527595341114345,73.86528617025462,Safe,Shaniwar Wada,84.97,Good,Normal,11,13,0.015735619172794202,0.011212116357143032,2,-1,Restricted,Safe
T014,2025-09-08 11:13:30,18.528244636452857,73.85489051140333,Safe,Sinhagad Fort,86.01,Poor,Normal,11,13,0.0006492953385119904,-0.010395658851294343,2,135,Safe,Restricted
T014,2025-09-08 11:14:00,18.524506876083997,73.86008087189515,Safe,Sinhagad Fort,87.41,Good,Normal,11,14,-0.003737760368860421,0.005190360491823753,2,-1,Restricted,Restricted
T014,2025-09-08 11:14:30,18.519345604865592,73.85890807458303,High-Risk,Lal Mahal,86.96,Good,Normal,11,14,-0.005161271218405261,-0.0011727973121224977,0,-1,Restricted,Restricted
T014,2025-09-08 11:15:00,18.5283943577829,73.84833407558762,Safe,Aga Khan Palace,75.07,Good,Normal,11,15,0.009048752917308889,-0.010573998995411671,2,-1,Restricted,Restricted
T014,2025-09-08 11:15:30,18.52837625032147,73.85352860670419,Safe,Sinhagad Fort,88.54,Good,Normal,11,15,-1.810746142894004e-05,0.005194531116572421,2,-1,Restricted,Restricted
T014,2025-09-08 11:16:00,18.517154614125644,73.85233304920173,Safe,Shaniwar Wada,81.4,Good,Normal,11,16,-0.0112216361958275,-0.001195557502455813,2,-1,Restricted,Restricted
T014,2025-09-08 11:16:30,18.517249327250088,73.86483127559855,Safe,Shaniwar Wada,76.96,Good,Normal,11,16,9.471312444375712e-05,0.012498226396814971,2,-1,Restricted,Restricted
T015,2025-09-08 10:00:00,18.51416155116387,73.8666668301816,High-Risk,Pataleshwar Caves,100.0,Good,Normal,10,0,-0.0030877760862182413,0.0018355545830530673,0,-1,Restricted,Safe
T015,2025-09-08 10:00:30,18.52320277351908,73.85102682082085,Safe,Shaniwar Wada,99.81,Good,Normal,10,0,0.009041222355211431,-0.015640009360751606,2,0,Safe,Restricted
T015,2025-09-08 10:01:00,18.52368361507668,73.8471618256736,Safe,Shaniwar Wada,99.81,Good,Normal,10,1,0.00048084155760008684,-0.0038649951472535804,2,-1,Restricted,Restricted
T015,2025-09-08 10:01:30,18.52829619018862,73.86023739660307,Safe,Aga Khan Palace,99.42,Poor,Normal,10,1,0.004612575111938355,0.013075570929473201,2,-1,Restricted,Restricted
T015,2025-09-08 10:02:00,18.514660808280485,73.85661810900673,Safe,Lal Mahal,99.65,Good,Normal,10,2,-0.013635381908134292,-0.0036192875963365623,2,-1,Restricted,Safe
T015,2025-09-08 10:02:30,18.521615251537813,73.85859468068658,Safe,Shaniwar Wada,99.49,Good,Normal,10,2,0.00695444325732808,0.0019765716798474386,2,31,Safe,Restricted
T015,2025-09-08 10:03:00,18.514678758511263,73.86125428200181,High-Risk,Aga Khan Palace,99.39,Good,Normal,10,3,-0.00693649302655075,0.00265960131523002,0,-1,Restricted,High-Risk
T015,2025-09-08 10:03:30,18.525019504187934,73.85418088119644,High-Risk,Aga Khan Palace,99.57,Good,Normal,10,3,0.010340745676671759,-0.007073400805367669,0,58,High-Risk,Restricted
T015,2025-09-08 10:04:00,18.51872813389931,73.85730846409068,High-Risk,Aga Khan Palace,98.99,Lost,Normal,10,4,-0.006291370288625586,0.00312758289423698,0,-1,Restricted,Restricted
T015,2025-09-08 10:04:30,18.51291354907161,73.86053792215759,Safe,Pataleshwar Caves,99.22,Good,Normal,10,4,-0.005814584827700031,0.0032294580669116613,2,-1,Restricted,Restricted
T015,2025-09-08 10:05:00,18.524473867505854,73.85805892733786,High-Risk,Sinhagad Fort,98.28,Good,Normal,10,5,0.011560318434245431,-0.0024789948197252443,0,-1,Restricted,Safe
T015,2025-09-08 10:05:30,18.518428697503776,73.84932013352599,Safe,Aga Khan Palace,98.04,Good,Normal,10,5,-0.006045170002078493,-0.00873879381187237,2,96,Safe,Restricted
T015,2025-09-08 10:06:00,18.52354729196117,73.86504773073938,Safe,Shaniwar Wada,97.9,Good,Normal,10,6,0.005118594457393044,0.01572759721338457,2,-1,Restricted,Safe
T015,2025-09-08 10:06:30,18.51791555665996,73.85856942559232,Safe,Aga Khan Palace,98.42,Good,Normal,10,6,-0.005631735301207641,-0.0064783051470556074,2,77,Safe,Restricted
T015,2025-09-08 10:07:00,18.51423016727911,73.86513300193988,Safe,Pataleshwar Caves,99.04,Good,Normal,10,7,-0.0036853893808519445,0.006563576347559774,2,-1,Restricted,Restricted
T015,2025-09-08 10:07:30,18.510947526730124,73.86414283312234,Safe,Aga Khan Palace,97.74,Good,Normal,10,7,-0.003282640548984972,-0.0009901688175375511,2,-1,Restricted,Restricted
T015,2025-09-08 10:08:00,18.52056658126251,73.86505398991815,Restricted,Aga Khan Palace,99.1,Good,Normal,10,8,0.009619054532386428,0.0009111567958086653,1,-1,Restricted,Restricted
T015,2025-09-08 10:08:30,18.5242027263455,73.84797445401738,Safe,Shaniwar Wada,98.38,Poor,Normal,10,8,0.0036361450829893727,-0.017079535900776932,2,-1,Restricted,Restricted
T015,2025-09-08 10:09:00,18.51178410953225,73.86210135473563,Safe,Lal Mahal,98.72,Good,Normal,10,9,-0.012418616813249628,0.014126900718252955,2,-1,Restricted,High-Risk
T015,2025-09-08 10:09:30,18.523154493495163,73.85020639142265,High-Risk,Sinhagad Fort,97.86,Good,Normal,10,9,0.011370383962912456,-0.011894963312983009,0,106,High-Risk,Restricted
T015,2025-09-08 10:10:00,18.529530079799574,73.85133975344247,Restricted,Shaniwar Wada,97.34,Good,Normal,10,10,0.006375586304411485,0.0011333620198286098,1,-1,Restricted,Safe
T015,2025-09-08 10:10:30,18.51352648497525,73.86509398397018,Safe,Sinhagad Fort,95.8,Good,Normal,10,10,-0.016003594824322676,0.01375423052770941,2,98,Safe,Restricted
T015,2025-09-08 10:11:00,18.51821221610445,73.86047816382062,Safe,Lal Mahal,97.76,Good,Normal,10,11,0.004685731129196569,-0.004615820149567185,2,-1,Restricted,Safe
T015,2025-09-08 10:11:30,18.52783330263411,73.859831346956,Safe,Lal Mahal,98.11,Lost,Normal,10,11,0.009621086529662648,-0.0006468168646165395,2,34,Safe,Restricted
T015,2025-09-08 10:12:00,18.515771784715213,73.84718902179004,Safe,Sinhagad Fort,95.83,Good,Normal,10,12,-0.01206151791889809,-0.012642325165955981,2,-1,Restricted,Restricted
T015,2025-09-08 10:12:30,18.52605153531208,73.85723410206899,Safe,Lal Mahal,98.51,Good,Normal,10,12,0.010279750596868809,0.010045080278942464,2,-1,Restricted,Restricted
T015,2025-09-08 10:13:00,18.52858986458558,73.85756911837542,Safe,Lal Mahal,96.5,Lost,Normal,10,13,0.0025383292734986185,0.00033501630643684166,2,-1,Restricted,Restricted
T015,2025-09-08 10:13:30,18.52905197332668,73.85413879258908,Safe,Pataleshwar Caves,97.54,Good,Normal,10,13,0.00046210874110030886,-0.0034303257863399494,2,-1,Restricted,Restricted
T015,2025-09-08 10:14:00,18.528193166315244,73.86279824994789,High-Risk,Lal Mahal,96.22,Good,Normal,10,14,-0.0008588070114363688,0.008659457358803024,0,-1,Restricted,Safe
T015,2025-09-08 10:14:30,18.523261190182136,73.85592246721345,Safe,Aga Khan Palace,98.21,Good,Normal,10,14,-0.004931976133107696,-0.006875782734439895,2,18,Safe,Restricted
T015,2025-09-08 10:15:00,18.51054045363143,73.85329518230084,Safe,Pataleshwar Caves,94.32,Good,Normal,10,15,-0.012720736550704714,-0.0026272849126058873,2,-1,Restricted,Restricted
T015,2025-09-08 10:15:30,18.521961381244008,73.85270557256918,Safe,Pataleshwar Caves,96.5,Good,Normal,10,15,0.011420927612576293,-0.0005896097316622217,2,-1,Restricted,Safe
T015,2025-09-08 10:16:00,18.521470176302177,73.86011458275377,Safe,Shaniwar Wada,98.3,Lost,Normal,10,16,-0.0004912049418308584,0.007409010184588283,2,81,Safe,Restricted
T015,2025-09-08 10:16:30,18.52162045307252,73.86335642526049,Safe,Aga Khan Palace,94.51,Good,Normal,10,16,0.00015027677034140652,0.003241842506724879,2,-1,Restricted,Restricted
T015,2025-09-08 10:17:00,18.514418983236077,73.84849449088092,Safe,Pataleshwar Caves,93.85,Lost,Normal,10,17,-0.007201469836441987,-0.014861934379567288,2,-1,Restricted,Restricted
T015,2025-09-08 10:17:30,18.52315463243072,73.85808654177332,High-Risk,Aga Khan Palace,94.65,Poor,Normal,10,17,0.008735649194644424,0.0095920508923939,0,-1,Restricted,Restricted
T015,2025-09-08 10:18:00,18.51205537838275,73.85982681269135,High-Risk,Lal Mahal,96.22,Poor,Normal,10,18,-0.011099254047969964,0.0017402709180345255,0,-1,Restricted,Restricted
T015,2025-09-08 10:18:30,18.51527683118765,73.8504179882975,Safe,Lal Mahal,94.05,Good,Normal,10,18,0.0032214528048974955,-0.009408824393858595,2,-1,Restricted,Restricted
T015,2025-09-08 10:19:00,18.510936610191127,73.84693641730095,Safe,Pataleshwar Caves,96.56,Poor,Normal,10,19,-0.004340220996521538,-0.00348157099654145,2,-1,Restricted,Restricted
T015,2025-09-08 10:19:30,18.52984010766977,73.85607330674104,High-Risk,Pataleshwar Caves,95.25,Good,Normal,10,19,0.01890349747864306,0.009136889440085838,0,-1,Restricted,Restricted
T015,2025-09-08 10:20:00,18.51587104922199,73.85478520447457,Safe,Aga Khan Palace,95.59,Lost,Normal,10,20,-0.01396905844778118,-0.0012881022664714692,2,-1,Restricted,Safe
T015,2025-09-08 10:20:30,18.515757278821653,73.8472837803741,Safe,Shaniwar Wada,92.36,Poor,Normal,10,20,-0.00011377040033622166,-0.007501424100468057,2,53,Safe,Restricted
T015,2025-09-08 10:21:00,18.523722798336497,73.85891978237227,Safe,Pataleshwar Caves,93.13,Lost,Normal,10,21,0.007965519514844033,0.011636001998169831,2,-1,Restricted,Restricted
T015,2025-09-08 10:21:30,18.52003740806815,73.8486045051914,High-Risk,Aga Khan Palace,92.36,Good,Normal,10,21,-0.003685390268348243,-0.010315277180865223,0,-1,Restricted,Restricted
T015,2025-09-08 10:22:00,18.527295673732095,73.84977095075672,Safe,Pataleshwar Caves,92.25,Good,Normal,10,22,0.007258265663946162,0.001166445565317531,2,-1,Restricted,Restricted
T015,2025-09-08 10:22:30,18.517313339168428,73.85988439950026,Safe,Shaniwar Wada,92.82,Lost,Normal,10,22,-0.009982334563666484,0.010113448743538811,2,-1,Restricted,Restricted
T015,2025-09-08 10:23:00,18.512518710954723,73.8510550967334,High-Risk,Lal Mahal,96.77,Good,Normal,10,23,-0.004794628213705465,-0.008829302766855562,0,-1,Restricted,Safe
T015,2025-09-08 10:23:30,18.51566820784908,73.86301138206333,Safe,Shaniwar Wada,93.1,Good,Normal,10,23,0.0031494968943590607,0.011956285329929983,2,113,Safe,Restricted
T015,2025-09-08 10:24:00,18.52372637043405,73.85144138262764,Safe,Sinhagad Fort,94.7,Lost,Normal,10,24,0.008058162584969608,-0.011569999435693035,2,-1,Restricted,Restricted
T015,2025-09-08 10:24:30,18.5230149362573,73.85302464295106,High-Risk,Lal Mahal,93.9,Good,Normal,10,24,-0.0007114341767504584,0.0015832603234144926,0,-1,Restricted,Restricted
T015,2025-09-08 10:25:00,18.516980097261268,73.85349622476036,Restricted,Lal Mahal,91.52,Lost,Normal,10,25,-0.006034838996033187,0.0004715818093075086,1,-1,Restricted,Restricted
T015,2025-09-08 10:25:30,18.52863633667822,73.85180239133645,High-Risk,Sinhagad Fort,96.45,Poor,Normal,10,25,0.011656239416950598,-0.0016938334239142705,0,-1,Restricted,Restricted
T015,2025-09-08 10:26:00,18.530095411052383,73.86338392208847,High-Risk,Lal Mahal,95.21,Good,Normal,10,26,0.0014590743741642598,0.01158153075202506,0,-1,Restricted,Restricted
T015,2025-09-08 10:26:30,18.515962322068,73.86137644510382,High-Risk,Lal Mahal,91.26,Good,Normal,10,26,-0.01413308898438359,-0.0020074769846587515,0,-1,Restricted,Restricted
T015,2025-09-08 10:27:00,18.510481393133425,73.86056386879895,Safe,Sinhagad Fort,96.81,Good,Normal,10,27,-0.005480928934574081,-0.0008125763048667523,2,-1,Restricted,Restricted
T015,2025-09-08 10:27:30,18.527880203923974,73.85178232235596,Safe,Sinhagad Fort,93.13,Good,Normal,10,27,0.01739881079054939,-0.008781546442989452,2,-1,Restricted,Restricted
T015,2025-09-08 10:28:00,18.52388558974381,73.85614564651004,Safe,Lal Mahal,91.13,Good,Normal,10,28,-0.0039946141801650015,0.00436332415408458,2,-1,Restricted,Restricted
T015,2025-09-08 10:28:30,18.512954061096355,73.86080889647188,Safe,Lal Mahal,90.7,Good,Normal,10,28,-0.010931528647454059,0.004663249961836868,2,-1,Restricted,Restricted
T015,2025-09-08 10:29:00,18.516455812847852,73.85337959660762,High-Risk,Aga Khan Palace,89.84,Good,Normal,10,29,0.0035017517514965846,-0.0074292998642562225,0,-1,Restricted,Safe
T015,2025-09-08 10:29:30,18.520005174779484,73.85198557884713,Safe,Lal Mahal,94.64,Good,Normal,10,29,0.0035493619316326885,-0.0013940177604894188,2,8,Safe,Restricted
T015,2025-09-08 10:30:00,18.516245929755243,73.85333445843615,Restricted,Aga Khan Palace,88.29,Good,Normal,10,30,-0.003759245024241409,0.0013488795890168603,1,-1,Restricted,Restricted
T015,2025-09-08 10:30:30,18.518071267605087,73.84832049503281,Safe,Aga Khan Palace,87.83,Good,Normal,10,30,0.0018253378498442885,-0.005013963403342814,2,-1,Restricted,Restricted
T015,2025-09-08 10:31:00,18.523402091077664,73.85112306560386,Restricted,Shaniwar Wada,93.83,Good,Normal,10,31,0.005330823472576185,0.0028025705710490456,1,-1,Restricted,Restricted
T015,2025-09-08 10:31:30,18.53037316882016,73.84722541303587,High-Risk,Pataleshwar Caves,96.56,Good,Normal,10,31,0.006971077742495169,-0.0038976525679856877,0,-1,Restricted,Restricted
T015,2025-09-08 10:32:00,18.52058232852789,73.85189042949983,Safe,Shaniwar Wada,89.25,Good,Normal,10,32,-0.009790840292268399,0.004665016463960114,2,-1,Restricted,Restricted
T015,2025-09-08 10:32:30,18.52121400498721,73.86244625687686,High-Risk,Sinhagad Fort,91.67,Good,Normal,10,32,0.000631676459320829,0.010555827377032756,0,-1,Restricted,Safe
T015,2025-09-08 10:33:00,18.511784171833938,73.85183079930557,Safe,Lal Mahal,93.13,Good,Normal,10,33,-0.009429833153273393,-0.010615457571290676,2,54,Safe,Restricted
T015,2025-09-08 10:33:30,18.51329089663382,73.84882720691635,Safe,Aga Khan Palace,94.05,Good,Normal,10,33,0.0015067247998814537,-0.003003592389219989,2,-1,Restricted,Restricted
T015,2025-09-08 10:34:00,18.518712911294617,73.86458225295961,Safe,Lal Mahal,91.49,Good,Normal,10,34,0.005422014660798169,0.015755046043253174,2,-1,Restricted,Restricted
T015,2025-09-08 10:34:30,18.52323631175692,73.85251242890311,High-Risk,Shaniwar Wada,96.34,Good,Normal,10,34,0.004523400462304039,-0.012069824056496259,0,-1,Restricted,Restricted
T015,2025-09-08 10:35:00,18.524978102621265,73.8576598416563,Restricted,Aga Khan Palace,95.58,Good,Normal,10,35,0.001741790864343784,0.0051474127531889735,1,-1,Restricted,Restricted
T015,2025-09-08 10:35:30,18.530372181095803,73.86533698617983,Safe,Lal Mahal,87.56,Good,Normal,10,35,0.005394078474537878,0.007677144523526636,2,-1,Restricted,Restricted
T015,2025-09-08 10:36:00,18.529168572529365,73.86324935757114,Safe,Lal Mahal,87.42,Good,Normal,10,36,-0.0012036085664384188,-0.002087628608691716,2,-1,Restricted,Restricted
T015,2025-09-08 10:36:30,18.518171486835577,73.86377614777304,Restricted,Pataleshwar Caves,90.29,Good,Normal,10,36,-0.010997085693787767,0.000526790201902827,1,-1,Restricted,Restricted
T015,2025-09-08 10:37:00,18.52192594316969,73.85010439978355,Safe,Sinhagad Fort,85.89,Poor,Normal,10,37,0.003754456334114309,-0.013671747989491223,2,-1,Restricted,Restricted
T015,2025-09-08 10:37:30,18.51122479841695,73.85344077197442,High-Risk,Aga Khan Palace,89.35,Good,Normal,10,37,-0.010701144752740532,0.003336372190872794,0,-1,Restricted,Restricted
T015,2025-09-08 10:38:00,18.52099157127388,73.8541914062091,Safe,Aga Khan Palace,89.83,Good,Normal,10,38,0.00976677285692773,0.0007506342346772499,2,-1,Restricted,Safe
T015,2025-09-08 10:38:30,18.524497145183854,73.84748941511148,Safe,Sinhagad Fort,92.6,Good,Normal,10,38,0.0035055739099760785,-0.006701991097614268,2,9,Safe,Restricted
T015,2025-09-08 10:39:00,18.514958519624184,73.8505037086239,Safe,Lal Mahal,89.96,Good,Normal,10,39,-0.009538625559670777,0.003014293512421773,2,-1,Restricted,Restricted
T015,2025-09-08 10:39:30,18.52595443706341,73.84981057801458,Safe,Sinhagad Fort,88.22,Lost,Normal,10,39,0.010995917439228009,-0.0006931306093207468,2,-1,Restricted,Restricted
T015,2025-09-08 10:40:00,18.51622469669155,73.85396762032059,Safe,Lal Mahal,94.5,Good,Normal,10,40,-0.009729740371863471,0.00415704230600511,2,-1,Restricted,Restricted
T015,2025-09-08 10:40:30,18.51089515867845,73.86464634963814,Safe,Pataleshwar Caves,93.42,Good,Normal,10,40,-0.0053295380130968795,0.010678729317547209,2,-1,Restricted,Restricted
T015,2025-09-08 10:41:00,18.519861262010995,73.85970785638727,High-Risk,Lal Mahal,95.84,Poor,Normal,10,41,0.00896610333254344,-0.0049384932508615975,0,-1,Restricted,Restricted
T015,2025-09-08 10:41:30,18.5283170499903,73.84897433564441,High-Risk,Aga Khan Palace,87.0,Good,Normal,10,41,0.008455787979304574,-0.010733520742860492,0,-1,Restricted,Safe
T015,2025-09-08 10:42:00,18.5195481574118,73.85961012111457,Safe,Aga Khan Palace,94.17,Poor,Normal,10,42,-0.008768892578498111,0.010635785470157089,2,116,Safe,Restricted
T015,2025-09-08 10:42:30,18.512823424867463,73.86267718342306,High-Risk,Lal Mahal,89.31,Poor,Normal,10,42,-0.006724732544338252,0.003067062308488744,0,-1,Restricted,Restricted
T015,2025-09-08 10:43:00,18.523084857821985,73.84878726016552,Safe,Pataleshwar Caves,92.84,Good,Normal,10,43,0.010261432954521865,-0.013889923257536907,2,-1,Restricted,Safe
T015,2025-09-08 10:43:30,18.522847808079977,73.84827669995614,Safe,Pataleshwar Caves,85.86,Good,Normal,10,43,-0.0002370497420081108,-0.0005105602093777861,2,26,Safe,Restricted
T015,2025-09-08 10:44:00,18.51831804280092,73.86014232380589,High-Risk,Lal Mahal,89.14,Good,Normal,10,44,-0.004529765279055908,0.011865623849743656,0,-1,Restricted,Safe
T015,2025-09-08 10:44:30,18.524743532747195,73.85777475379679,Safe,Shaniwar Wada,87.03,Good,Normal,10,44,0.006425489946273899,-0.0023675700090990404,2,83,Safe,Restricted
T015,2025-09-08 10:45:00,18.529973935150373,73.86513125560892,Safe,Pataleshwar Caves,86.12,Good,Normal,10,45,0.0052304024031784024,0.007356501812125771,2,-1,Restricted,Restricted
T015,2025-09-08 10:45:30,18.52821229166985,73.86077407096008,High-Risk,Lal Mahal,82.81,Good,Normal,10,45,-0.0017616434805241,-0.004357184648839052,0,-1,Restricted,Restricted
T015,2025-09-08 10:46:00,18.52908589061417,73.85432725171367,Restricted,Aga Khan Palace,86.62,Good,Normal,10,46,0.0008735989443202641,-0.006446819246406221,1,-1,Restricted,Restricted
T015,2025-09-08 10:46:30,18.52448572311533,73.86188857525325,Restricted,Sinhagad Fort,84.03,Poor,Normal,10,46,-0.004600167498839625,0.007561323539576392,1,-1,Restricted,Safe
T015,2025-09-08 10:47:00,18.521419246676405,73.86156448937619,Safe,Pataleshwar Caves,93.94,Good,Normal,10,47,-0.003066476438924326,-0.00032408587705390346,2,104,Safe,Safe
T015,2025-09-08 10:47:30,18.525895738713366,73.84881518319543,Safe,Sinhagad Fort,81.15,Lost,Normal,10,47,0.004476492036960877,-0.01274930618076553,2,84,Safe,Restricted
T015,2025-09-08 10:48:00,18.51430025039246,73.84877724806638,Safe,Sinhagad Fort,86.58,Good,Normal,10,48,-0.011595488320907066,-3.793512904337604e-05,2,-1,Restricted,Restricted
T015,2025-09-08 10:48:30,18.52843528306783,73.8572817048146,Restricted,Sinhagad Fort,85.7,Good,Normal,10,48,0.01413503267536953,0.008504456748212874,1,-1,Restricted,Restricted
T015,2025-09-08 10:49:00,18.5226306577278,73.8490150060421,Safe,Aga Khan Palace,82.11,Good,Normal,10,49,-0.005804625340029901,-0.008266698772501968,2,-1,Restricted,Restricted
T015,2025-09-08 10:49:30,18.52680407835869,73.86176297813188,High-Risk,Aga Khan Palace,84.48,Good,Normal,10,49,0.0041734206308916555,0.012747972089783843,0,-1,Restricted,Safe
T015,2025-09-08 10:50:00,18.51765261642686,73.86344383175638,Safe,Aga Khan Palace,85.26,Good,Normal,10,50,-0.00915146193182892,0.0016808536245065397,2,47,Safe,Restricted
T015,2025-09-08 10:50:30,18.515088868324817,73.86579905783516,High-Risk,Sinhagad Fort,80.35,Poor,Normal,10,50,-0.0025637481020446273,0.0023552260787766954,0,-1,Restricted,Restricted
T015,2025-09-08 10:51:00,18.51482423254511,73.8584092173561,High-Risk,Lal Mahal,88.54,Lost,Normal,10,51,-0.00026463577970758934,-0.0073898404790639916,0,-1,Restricted,Restricted
T015,2025-09-08 10:51:30,18.53007601622602,73.86471373988984,Safe,Sinhagad Fort,90.38,Good,Normal,10,51,0.015251783680909625,0.006304522533739032,2,-1,Restricted,Restricted
T015,2025-09-08 10:52:00,18.526790481438177,73.85517607517693,Safe,Sinhagad Fort,86.04,Lost,Normal,10,52,-0.003285534787842437,-0.009537664712908622,2,-1,Restricted,Restricted
T015,2025-09-08 10:52:30,18.517792606758253,73.86636936473847,Safe,Lal Mahal,79.75,Poor,Normal,10,52,-0.008997874679923967,0.011193289561546749,2,-1,Restricted,Restricted
T015,2025-09-08 10:53:00,18.524274282962057,73.85815597394522,Safe,Aga Khan Palace,84.61,Good,Normal,10,53,0.006481676203804909,-0.008213390793258668,2,-1,Restricted,Safe
T015,2025-09-08 10:53:30,18.525355234213347,73.86276420570476,Safe,Lal Mahal,86.98,Poor,Normal,10,53,0.0010809512512892638,0.004608231759547721,2,45,Safe,Safe
T015,2025-09-08 10:54:00,18.51802285477666,73.86528525867256,Safe,Sinhagad Fort,91.88,Good,Normal,10,54,-0.007332379436686409,0.00252105296779348,2,47,Safe,Restricted
T015,2025-09-08 10:54:30,18.51109120942231,73.86580973097416,Safe,Aga Khan Palace,81.1,Good,Normal,10,54,-0.006931645354349314,0.000524472301606238,2,-1,Restricted,Restricted
T015,2025-09-08 10:55:00,18.52628734956698,73.86538711256577,High-Risk,Pataleshwar Caves,94.35,Good,Normal,10,55,0.015196140144670522,-0.0004226184083933049,0,-1,Restricted,Restricted
T015,2025-09-08 10:55:30,18.52122468358263,73.86596372642862,High-Risk,Pataleshwar Caves,91.89,Good,Normal,10,55,-0.0050626659843509,0.0005766138628473527,0,-1,Restricted,Restricted
T015,2025-09-08 10:56:00,18.514913639002717,73.85684797995562,Safe,Shaniwar Wada,92.48,Poor,Normal,10,56,-0.006311044579913272,-0.009115746473000286,2,-1,Restricted,Restricted
T015,2025-09-08 10:56:30,18.516828842916347,73.85584851494013,Safe,Aga Khan Palace,83.3,Good,Normal,10,56,0.0019152039136294263,-0.0009994650154823148,2,-1,Restricted,Restricted
T015,2025-09-08 10:57:00,18.525063880263453,73.85477966836918,Restricted,Sinhagad Fort,78.25,Poor,Normal,10,57,0.008235037347105845,-0.001068846570959181,1,-1,Restricted,Restricted
T016,2025-09-08 10:00:00,18.525623966257985,73.86489242241171,Safe,Shaniwar Wada,100.0,Good,Normal,10,0,0.0005600859945324999,0.010112754042538086,2,-1,Restricted,Restricted
T016,2025-09-08 10:00:30,18.51688979034463,73.8489090785675,Safe,Aga Khan Palace,99.82,Poor,Normal,10,0,-0.008734175913353681,-0.015983343844212072,2,-1,Restricted,Safe
T016,2025-09-08 10:01:00,18.52285913567605,73.84850552275904,Safe,Lal Mahal,99.73,Good,Normal,10,1,0.005969345331418907,-0.0004035558084609647,2,117,Safe,Restricted
T016,2025-09-08 10:01:30,18.52023081690533,73.84843875452357,High-Risk,Sinhagad Fort,99.49,Lost,Normal,10,1,-0.0026283187707214495,-6.676823547024924e-05,0,-1,Restricted,Restricted
T016,2025-09-08 10:02:00,18.529000384607286,73.86467060622306,High-Risk,Lal Mahal,99.34,Good,Normal,10,2,0.00876956770195747,0.016231851699487265,0,-1,Restricted,Restricted
T016,2025-09-08 10:02:30,18.513716112628707,73.86252799188607,Safe,Aga Khan Palace,99.04,Good,Normal,10,2,-0.015284271978579511,-0.002142614336989368,2,-1,Restricted,Restricted
T016,2025-09-08 10:03:00,18.51492609521244,73.86410656095532,Safe,Sinhagad Fort,99.41,Good,Normal,10,3,0.0012099825837346145,0.0015785690692524668,2,-1,Restricted,Safe
T016,2025-09-08 10:03:30,18.521859133999104,73.84847858496674,Safe,Pataleshwar Caves,99.3,Good,Normal,10,3,0.0069330387866628485,-0.015627975988579124,2,0,Safe,Restricted
T016,2025-09-08 10:04:00,18.526051786529298,73.85268228204215,Safe,Shaniwar Wada,99.26,Good,Normal,10,4,0.004192652530193186,0.004203697075411128,2,-1,Restricted,Restricted
T016,2025-09-08 10:04:30,18.51301225529437,73.86436539562654,Safe,Sinhagad Fort,99.11,Poor,Normal,10,4,-0.013039531234927182,0.011683113584382454,2,-1,Restricted,Restricted
T016,2025-09-08 10:05:00,18.526543623358847,73.85472187401183,Safe,Aga Khan Palace,98.13,Good,Normal,10,5,0.013531368064477078,-0.009643521614705719,2,-1,Restricted,Restricted
T016,2025-09-08 10:05:30,18.51127254266257,73.85595202786682,Safe,Sinhagad Fort,98.12,Good,Normal,10,5,-0.015271080696276584,0.00123015385499059,2,-1,Restricted,Restricted
T016,2025-09-08 10:06:00,18.51751655361837,73.86293572370946,High-Risk,Pataleshwar Caves,99.18,Good,Normal,10,6,0.006244010955800405,0.006983695842635029,0,-1,Restricted,Restricted
T016,2025-09-08 10:06:30,18.52961628696125,73.86288686871198,Restricted,Pataleshwar Caves,99.19,Good,Normal,10,6,0.012099733342878949,-4.885499747331323e-05,1,-1,Restricted,Safe
T016,2025-09-08 10:07:00,18.519454753168628,73.8582061459583,Safe,Sinhagad Fort,98.75,Good,Normal,10,7,-0.010161533792622635,-0.0046807227536760365,2,77,Safe,Restricted
T016,2025-09-08 10:07:30,18.52934153924444,73.85009494318453,Safe,Pataleshwar Caves,97.48,Good,Normal,10,7,0.009886786075814058,-0.008111202773775972,2,-1,Restricted,Restricted
T016,2025-09-08 10:08:00,18.52065641335125,73.84959649733564,High-Risk,Sinhagad Fort,98.35,Good,Normal,10,8,-0.008685125893190815,-0.000498445848890583,0,-1,Restricted,Restricted
T016,2025-09-08 10:08:30,18.523734745352236,73.8509186545637,High-Risk,Aga Khan Palace,98.98,Good,Normal,10,8,0.0030783320009852844,0.0013221572280599503,0,-1,Restricted,Restricted
T016,2025-09-08 10:09:00,18.52225994736349,73.84797725440563,Safe,Sinhagad Fort,99.09,Lost,Normal,10,9,-0.00147479798874528,-0.0029414001580647664,2,-1,Restricted,Restricted
T016,2025-09-08 10:09:30,18.51405287466721,73.85242715616154,Safe,Lal Mahal,96.91,Poor,Normal,10,9,-0.008207072696279738,0.0044499017559047616,2,-1,Restricted,Restricted
T016,2025-09-08 10:10:00,18.520781283831585,73.86605388380286,Safe,Lal Mahal,98.0,Good,Normal,10,10,0.006728409164374227,0.013626727641323555,2,-1,Restricted,Restricted
T016,2025-09-08 10:10:30,18.520937863329888,73.85954656319223,Safe,Aga Khan Palace,98.39,Good,Normal,10,10,0.00015657949830227835,-0.006507320610637635,2,-1,Restricted,Restricted
T016,2025-09-08 10:11:00,18.518880882784167,73.85151829319442,Safe,Pataleshwar Caves,96.12,Good,Normal,10,11,-0.002056980545720677,-0.00802826999780848,2,-1,Restricted,Safe
T016,2025-09-08 10:11:30,18.52552301476356,73.84949179990569,Safe,Lal Mahal,98.59,Poor,Normal,10,11,0.006642131979393895,-0.002026493288724396,2,107,Safe,Restricted
T016,2025-09-08 10:12:00,18.52375869152632,73.85539540507152,High-Risk,Sinhagad Fort,98.45,Good,Normal,10,12,-0.0017643232372392958,0.005903605165826775,0,-1,Restricted,Safe
T016,2025-09-08 10:12:30,18.522982429295045,73.8647602304359,Safe,Sinhagad Fort,95.24,Good,Normal,10,12,-0.000776262231276803,0.00936482536438632,2,51,Safe,Restricted
T016,2025-09-08 10:13:00,18.51064173856046,73.86114238451871,Safe,Shaniwar Wada,97.44,Good,Normal,10,13,-0.01234069073458599,-0.0036178459171907207,2,-1,Restricted,Restricted
T016,2025-09-08 10:13:30,18.52154280451025,73.84787873319169,Safe,Pataleshwar Caves,95.62,Good,Normal,10,13,0.0109010659497919,-0.013263651327022785,2,-1,Restricted,Safe
T016,2025-09-08 10:14:00,18.52919218741427,73.85556985104104,Safe,Shaniwar Wada,95.69,Lost,Normal,10,14,0.007649382904020285,0.007691117849347506,2,60,Safe,Restricted
T016,2025-09-08 10:14:30,18.522570095609687,73.86163982137755,Safe,Sinhagad Fort,98.17,Poor,Normal,10,14,-0.006622091804583619,0.0060699703365116875,2,-1,Restricted,Restricted
T016,2025-09-08 10:15:00,18.51622997743636,73.86476981317446,Safe,Sinhagad Fort,95.45,Good,Normal,10,15,-0.006340118173326914,0.0031299917969107582,2,-1,Restricted,Restricted
T016,2025-09-08 10:15:30,18.513861728936025,73.86433888491604,Safe,Shaniwar Wada,93.92,Good,Normal,10,15,-0.002368248500335568,-0.0004309282584245011,2,-1,Restricted,Restricted
T016,2025-09-08 10:16:00,18.522111036531328,73.84972589472001,Safe,Aga Khan Palace,98.14,Good,Normal,10,16,0.00824930759530318,-0.014612990196027908,2,-1,Restricted,Safe
T016,2025-09-08 10:16:30,18.517674057252066,73.85534134799664,Safe,Pataleshwar Caves,95.88,Good,Normal,10,16,-0.004436979279262232,0.00561545327663282,2,89,Safe,Restricted
T016,2025-09-08 10:17:00,18.513436076228917,73.85153813579912,Safe,Lal Mahal,98.0,Good,Normal,10,17,-0.0042379810231487625,-0.0038032121975248856,2,-1,Restricted,Restricted
T016,2025-09-08 10:17:30,18.52457248170385,73.85449379893824,Safe,Lal Mahal,94.36,Good,Normal,10,17,0.011136405474932332,0.0029556631391187693,2,-1,Restricted,Restricted
T016,2025-09-08 10:18:00,18.51544443179482,73.848964132468,Safe,Lal Mahal,95.18,Lost,Normal,10,18,-0.009128049909030267,-0.005529666470238226,2,-1,Restricted,Restricted
T016,2025-09-08 10:18:30,18.5111985002191,73.84874402574393,Safe,Lal Mahal,94.96,Good,Normal,10,18,-0.004245931575720618,-0.00022010672407191123,2,-1,Restricted,Restricted
T016,2025-09-08 10:19:00,18.52523179624012,73.84766945997501,Safe,Aga Khan Palace,98.04,Good,Normal,10,19,0.014033296021022323,-0.0010745657689170685,2,-1,Restricted,Restricted
T016,2025-09-08 10:19:30,18.51670828987305,73.86134900596377,Safe,Pataleshwar Caves,97.51,Good,Normal,10,19,-0.008523506367069444,0.013679545988765085,2,-1,Restricted,Safe
T016,2025-09-08 10:20:00,18.519204907743497,73.85044437572604,Safe,Lal Mahal,97.69,Good,Normal,10,20,0.0024966178704453057,-0.010904630237732249,2,133,Safe,Restricted
T016,2025-09-08 10:20:30,18.51267707475829,73.84735415825236,High-Risk,Pataleshwar Caves,93.6,Good,Normal,10,20,-0.006527832985206317,-0.003090217473683765,0,-1,Restricted,Restricted
T016,2025-09-08 10:21:00,18.51278384509102,73.84919758139955,Restricted,Lal Mahal,94.78,Good,Normal,10,21,0.00010677033272799008,0.0018434231471928797,1,-1,Restricted,Restricted
T016,2025-09-08 10:21:30,18.530279532356648,73.86256940324317,Restricted,Pataleshwar Caves,93.18,Poor,Normal,10,21,0.017495687265629556,0.013371821843620069,1,-1,Restricted,Restricted
T016,2025-09-08 10:22:00,18.52055299324412,73.84938487749757,High-Risk,Shaniwar Wada,91.78,Good,Normal,10,22,-0.009726539112527632,-0.013184525745600695,0,-1,Restricted,Restricted
T016,2025-09-08 10:22:30,18.516649885584883,73.85230874511008,Safe,Aga Khan Palace,91.84,Good,Normal,10,22,-0.0039031076592372926,0.002923867612508957,2,-1,Restricted,Restricted
T016,2025-09-08 10:23:00,18.51901387359211,73.86054363253399,Safe,Lal Mahal,95.11,Good,Normal,10,23,0.002363988007228812,0.008234887423910209,2,-1,Restricted,Restricted
T016,2025-09-08 10:23:30,18.518938438769705,73.85590788953724,Restricted,Pataleshwar Caves,94.0,Lost,Normal,10,23,-7.543482240635058e-05,-0.0046357429967542885,1,-1,Restricted,Safe
T016,2025-09-08 10:24:00,18.515120792226384,73.85095846892108,Safe,Lal Mahal,91.61,Poor,Normal,10,24,-0.003817646543321729,-0.0049494206161568854,2,6,Safe,Restricted
T016,2025-09-08 10:24:30,18.515431617499747,73.85782035339825,Restricted,Aga Khan Palace,95.51,Poor,Normal,10,24,0.0003108252733632355,0.00686188447717484,1,-1,Restricted,Restricted
T016,2025-09-08 10:25:00,18.515424048090825,73.85643787265558,High-Risk,Lal Mahal,93.76,Good,Normal,10,25,-7.569408921881404e-06,-0.0013824807426772168,0,-1,Restricted,Restricted
T016,2025-09-08 10:25:30,18.523653855594056,73.86406483167463,High-Risk,Shaniwar Wada,90.22,Good,Normal,10,25,0.008229807503230546,0.007626959019049195,0,-1,Restricted,Restricted
T016,2025-09-08 10:26:00,18.513238338721937,73.85136391674673,High-Risk,Shaniwar Wada,89.69,Good,Normal,10,26,-0.010415516872118502,-0.012700914927890494,0,-1,Restricted,Restricted
T016,2025-09-08 10:26:30,18.525810812879545,73.85271229320202,Safe,Sinhagad Fort,91.68,Good,Normal,10,26,0.012572474157607871,0.0013483764552830735,2,-1,Restricted,Safe
T016,2025-09-08 10:27:00,18.52823321888029,73.85266408136633,Safe,Sinhagad Fort,93.03,Good,Normal,10,27,0.0024224060007433934,-4.8211835689926374e-05,2,118,Safe,Restricted
T016,2025-09-08 10:27:30,18.52671913843082,73.86604941689795,High-Risk,Sinhagad Fort,93.47,Good,Normal,10,27,-0.0015140804494677695,0.013385335531623355,0,-1,Restricted,Restricted
T016,2025-09-08 10:28:00,18.51803077951065,73.85219098880272,Safe,Lal Mahal,88.81,Good,Normal,10,28,-0.008688358920171169,-0.013858428095232966,2,-1,Restricted,Restricted
T016,2025-09-08 10:28:30,18.51933649028271,73.85588004086485,Safe,Aga Khan Palace,95.99,Poor,Normal,10,28,0.0013057107720619854,0.0036890520621284395,2,-1,Restricted,High-Risk
T016,2025-09-08 10:29:00,18.51124714370807,73.84933456719529,High-Risk,Shaniwar Wada,91.46,Good,Normal,10,29,-0.008089346574642775,-0.006545473669561375,0,120,High-Risk,Restricted
T016,2025-09-08 10:29:30,18.51943014448946,73.8476107135708,Safe,Lal Mahal,91.05,Lost,Normal,10,29,0.008183000781389893,-0.0017238536244832403,2,-1,Restricted,Restricted
T016,2025-09-08 10:30:00,18.526144061293103,73.85652379681841,High-Risk,Lal Mahal,94.92,Good,Normal,10,30,0.006713916803644082,0.008913083247605869,0,-1,Restricted,Safe
T016,2025-09-08 10:30:30,18.529043533007304,73.85921770669346,Safe,Shaniwar Wada,95.15,Good,Normal,10,30,0.0028994717142012405,0.0026939098750489165,2,119,Safe,Restricted
T016,2025-09-08 10:31:00,18.51787482130289,73.84787960220707,High-Risk,Sinhagad Fort,93.49,Good,Normal,10,31,-0.011168711704414136,-0.011338104486384282,0,-1,Restricted,Restricted
T016,2025-09-08 10:31:30,18.51506778845356,73.86547485399592,Safe,Lal Mahal,95.89,Good,Normal,10,31,-0.0028070328493292607,0.017595251788847577,2,-1,Restricted,Restricted
T016,2025-09-08 10:32:00,18.52947103285649,73.84967269600712,Safe,Shaniwar Wada,92.68,Lost,Normal,10,32,0.014403244402931392,-0.01580215798880147,2,-1,Restricted,Restricted
T016,2025-09-08 10:32:30,18.523675388862177,73.84686144156305,High-Risk,Shaniwar Wada,95.91,Poor,Normal,10,32,-0.005795643994314759,-0.0028112544440688225,0,-1,Restricted,Restricted
T016,2025-09-08 10:33:00,18.51445271036684,73.85653347021633,Safe,Shaniwar Wada,92.06,Good,Normal,10,33,-0.009222678495337533,0.009672028653284315,2,-1,Restricted,Safe
T016,2025-09-08 10:33:30,18.518849351377654,73.85235779979237,Safe,Lal Mahal,88.75,Poor,Normal,10,33,0.004396641010814051,-0.004175670423961719,2,8,Safe,Safe
T016,2025-09-08 10:34:00,18.51238590011139,73.8588175089895,Safe,Lal Mahal,95.96,Good,Normal,10,34,-0.006463451266263576,0.006459709197130792,2,65,Safe,Safe
T016,2025-09-08 10:34:30,18.51794371893326,73.85357731738428,Safe,Lal Mahal,87.11,Poor,Normal,10,34,0.005557818821870342,-0.005240191605224709,2,8,Safe,High-Risk
T016,2025-09-08 10:35:00,18.510639637112963,73.84932797874806,High-Risk,Pataleshwar Caves,87.5,Good,Normal,10,35,-0.007304081820297625,-0.004249338636213906,0,120,High-Risk,Restricted
T016,2025-09-08 10:35:30,18.526917707664303,73.86635048303968,Safe,Lal Mahal,95.83,Lost,Normal,10,35,0.016278070551340562,0.017022504291617224,2,-1,Restricted,Restricted
T016,2025-09-08 10:36:00,18.515336862250408,73.849868972493,Safe,Pataleshwar Caves,88.88,Poor,Normal,10,36,-0.011580845413895702,-0.016481510546682898,2,-1,Restricted,Restricted
T016,2025-09-08 10:36:30,18.52549153968522,73.86094078894821,High-Risk,Sinhagad Fort,87.65,Good,Normal,10,36,0.010154677434812243,0.011071816455213934,0,-1,Restricted,Restricted
T016,2025-09-08 10:37:00,18.513814514961584,73.85977239375431,Restricted,Sinhagad Fort,86.39,Good,Normal,10,37,-0.011677024723635299,-0.001168395193900551,1,-1,Restricted,Restricted
T016,2025-09-08 10:37:30,18.52163709595488,73.86569063180593,High-Risk,Shaniwar Wada,89.05,Poor,Normal,10,37,0.007822580993295247,0.005918238051620506,0,-1,Restricted,Restricted
T016,2025-09-08 10:38:00,18.52068480086755,73.84851438020705,Safe,Pataleshwar Caves,88.22,Good,Normal,10,38,-0.0009522950873304126,-0.01717625159888314,2,-1,Restricted,Restricted
T016,2025-09-08 10:38:30,18.522541486284464,73.86164981443576,High-Risk,Shaniwar Wada,86.49,Lost,Normal,10,38,0.0018566854169144165,0.013135434228715326,0,-1,Restricted,Restricted
T016,2025-09-08 10:39:00,18.516955383353583,73.856094089614,Safe,Lal Mahal,84.5,Lost,Normal,10,39,-0.005586102930880799,-0.005555724821761032,2,-1,Restricted,Restricted
T016,2025-09-08 10:39:30,18.51249589511741,73.85015402236145,Safe,Sinhagad Fort,94.73,Good,Normal,10,39,-0.004459488236172149,-0.005940067252552694,2,-1,Restricted,Restricted
T016,2025-09-08 10:40:00,18.52499308001889,73.85218073115017,Safe,Pataleshwar Caves,92.4,Good,Normal,10,40,0.012497184901480551,0.0020267087887191337,2,-1,Restricted,Safe
T016,2025-09-08 10:40:30,18.52845959831555,73.85862242770571,Safe,Pataleshwar Caves,90.64,Lost,Normal,10,40,0.0034665182966584496,0.006441696555540943,2,64,Safe,Restricted
T016,2025-09-08 10:41:00,18.52999663203046,73.84788047193956,Safe,Pataleshwar Caves,84.58,Good,Normal,10,41,0.0015370337149107627,-0.010741955766150113,2,-1,Restricted,Restricted
T016,2025-09-08 10:41:30,18.52451259342405,73.86100208462729,Safe,Pataleshwar Caves,83.83,Good,Normal,10,41,-0.0054840386064114455,0.01312161268772627,2,-1,Restricted,Restricted
T016,2025-09-08 10:42:00,18.530125768003103,73.85151048898008,Safe,Sinhagad Fort,85.76,Good,Normal,10,42,0.005613174579053748,-0.009491595647205031,2,-1,Restricted,Restricted
T016,2025-09-08 10:42:30,18.525018492361948,73.85552378589921,Safe,Pataleshwar Caves,93.1,Good,Normal,10,42,-0.005107275641154985,0.004013296919126219,2,-1,Restricted,Restricted
T016,2025-09-08 10:43:00,18.521950005869183,73.85479665283738,Safe,Pataleshwar Caves,89.7,Poor,Normal,10,43,-0.0030684864927650324,-0.0007271330618294769,2,-1,Restricted,Restricted
T016,2025-09-08 10:43:30,18.512236748082028,73.85781638161123,High-Risk,Aga Khan Palace,89.23,Good,Normal,10,43,-0.009713257787154816,0.003019728773850261,0,-1,Restricted,Restricted
T016,2025-09-08 10:44:00,18.51465675230277,73.851622429136,Safe,Shaniwar Wada,89.7,Good,Normal,10,44,0.002420004220741845,-0.006193952475229025,2,-1,Restricted,Safe
T016,2025-09-08 10:44:30,18.52331547424008,73.85009386486834,Safe,Pataleshwar Caves,85.1,Good,Normal,10,44,0.008658721937308655,-0.001528564267658794,2,25,Safe,Restricted
T016,2025-09-08 10:45:00,18.52510444438384,73.86524406667446,Safe,Lal Mahal,92.95,Lost,Normal,10,45,0.0017889701437603378,0.015150201806122254,2,-1,Restricted,Restricted
T016,2025-09-08 10:45:30,18.51465681194922,73.85789435237106,Safe,Lal Mahal,84.34,Good,Normal,10,45,-0.010447632434619436,-0.007349714303401811,2,-1,Restricted,Restricted
T016,2025-09-08 10:46:00,18.514296232420865,73.84723598914243,Safe,Pataleshwar Caves,89.65,Good,Normal,10,46,-0.00036057952835477636,-0.010658363228628787,2,-1,Restricted,Restricted
T016,2025-09-08 10:46:30,18.517463787663885,73.85306566787473,Restricted,Shaniwar Wada,90.5,Good,Normal,10,46,0.0031675552430208143,0.005829678732297339,1,-1,Restricted,Restricted
T016,2025-09-08 10:47:00,18.52586240122604,73.86282254418006,Safe,Lal Mahal,92.2,Good,Normal,10,47,0.008398613562153656,0.00975687630533173,2,-1,Restricted,Restricted
T016,2025-09-08 10:47:30,18.510845910550795,73.85900695032942,Safe,Pataleshwar Caves,85.44,Lost,Normal,10,47,-0.015016490675243688,-0.003815593850646337,2,-1,Restricted,Safe
T016,2025-09-08 10:48:00,18.528145586082974,73.86283725478158,Safe,Aga Khan Palace,83.84,Poor,Normal,10,48,0.017299675532179037,0.0038303044521654783,2,13,Safe,Restricted
T016,2025-09-08 10:48:30,18.5247623626406,73.85021835827622,Safe,Pataleshwar Caves,85.41,Good,Normal,10,48,-0.0033832234423734064,-0.012618896505358634,2,-1,Restricted,Restricted
T016,2025-09-08 10:49:00,18.527815872512168,73.86036303863403,Safe,Lal Mahal,87.18,Good,Normal,10,49,0.0030535098715667175,0.010144680357811353,2,-1,Restricted,Restricted
T016,2025-09-08 10:49:30,18.52220627709475,73.85398499316358,Safe,Sinhagad Fort,80.4,Good,Normal,10,49,-0.005609595417418234,-0.006378045470455618,2,-1,Restricted,Restricted
T016,2025-09-08 10:50:00,18.51996227288352,73.85311925772238,Safe,Shaniwar Wada,88.91,Good,Normal,10,50,-0.0022440042112279457,-0.0008657354411951701,2,-1,Restricted,Restricted
T016,2025-09-08 10:50:30,18.516881065465647,73.85984799715797,Safe,Pataleshwar Caves,87.1,Good,Normal,10,50,-0.003081207417874765,0.006728739435587272,2,-1,Restricted,Restricted
T016,2025-09-08 10:51:00,18.52263112090452,73.86231531959545,Safe,Shaniwar Wada,94.79,Good,Normal,10,51,0.005750055438873858,0.0024673224374822667,2,-1,Restricted,Restricted
T016,2025-09-08 10:51:30,18.525342738355757,73.84724600055178,Safe,Pataleshwar Caves,83.9,Good,Normal,10,51,0.002711617451236492,-0.015069319043675478,2,-1,Restricted,Restricted
T016,2025-09-08 10:52:00,18.5295280693006,73.86428644096199,High-Risk,Aga Khan Palace,91.14,Good,Normal,10,52,0.004185330944842747,0.01704044041021291,0,-1,Restricted,Restricted
T016,2025-09-08 10:52:30,18.52571425438148,73.86265359667581,Safe,Aga Khan Palace,81.49,Good,Normal,10,52,-0.0038138149191198067,-0.0016328442861777148,2,-1,Restricted,Restricted
T016,2025-09-08 10:53:00,18.528821493829085,73.86627037194965,Safe,Shaniwar Wada,85.01,Poor,Normal,10,53,0.003107239447604826,0.0036167752738407444,2,-1,Restricted,Restricted
T016,2025-09-08 10:53:30,18.519404095568007,73.85674380456152,Safe,Pataleshwar Caves,85.94,Good,Normal,10,53,-0.009417398261078347,-0.009526567388135732,2,-1,Restricted,Restricted
T016,2025-09-08 10:54:00,18.52625201410026,73.85144268991723,Safe,Aga Khan Palace,86.25,Good,Normal,10,54,0.00684791853225164,-0.005301114644282734,2,-1,Restricted,Restricted
T016,2025-09-08 10:54:30,18.52178762541045,73.8553194328155,Safe,Sinhagad Fort,84.32,Good,Normal,10,54,-0.004464388689807919,0.0038767428982708907,2,-1,Restricted,Restricted
T016,2025-09-08 10:55:00,18.514615102754902,73.86072890057416,High-Risk,Pataleshwar Caves,81.19,Good,Normal,10,55,-0.007172522655547908,0.0054094677586533635,0,-1,Restricted,Safe
T016,2025-09-08 10:55:30,18.52174915169521,73.86585062230832,Safe,Pataleshwar Caves,93.14,Good,Normal,10,55,0.007134048940308446,0.005121721734155926,2,46,Safe,Restricted
T016,2025-09-08 10:56:00,18.527031963195405,73.86151912540991,High-Risk,Aga Khan Palace,90.63,Lost,Normal,10,56,0.005282811500194384,-0.004331496898402065,0,-1,Restricted,Restricted
T016,2025-09-08 10:56:30,18.52860749323694,73.86655260138987,Safe,Aga Khan Palace,78.54,Good,Normal,10,56,0.0015755300415349893,0.005033475979956847,2,-1,Restricted,Restricted
T017,2025-09-08 10:00:00,18.518228286025412,73.86297530352994,Safe,Shaniwar Wada,100.0,Lost,Normal,10,0,-0.010379207211528296,-0.003577297859933992,2,-1,Restricted,Restricted
T017,2025-09-08 10:00:30,18.51779494303329,73.86485628251616,Safe,Shaniwar Wada,99.87,Good,Normal,10,0,-0.0004333429921210552,0.0018809789862217485,2,-1,Restricted,Restricted
T017,2025-09-08 10:01:00,18.528621980885266,73.861358635194,Safe,Aga Khan Palace,99.71,Good,Normal,10,1,0.010827037851974808,-0.0034976473221632887,2,-1,Restricted,Restricted
T017,2025-09-08 10:01:30,18.51797448288157,73.84695583270836,High-Risk,Pataleshwar Caves,99.65,Poor,Normal,10,1,-0.010647498003695688,-0.01440280248563397,0,-1,Restricted,Restricted
T017,2025-09-08 10:02:00,18.51114461880676,73.85652507310947,Safe,Sinhagad Fort,99.25,Good,Normal,10,2,-0.006829864074809677,0.009569240401106072,2,-1,Restricted,Restricted
T017,2025-09-08 10:02:30,18.523789379194035,73.85480416083188,High-Risk,Aga Khan Palace,99.4,Lost,Normal,10,2,0.0126447603872748,-0.001720912277590969,0,-1,Restricted,Restricted
T017,2025-09-08 10:03:00,18.51195226343765,73.86143812946251,Restricted,Shaniwar Wada,98.88,Poor,Normal,10,3,-0.011837115756385685,0.00663396863063781,1,-1,Restricted,Safe
T017,2025-09-08 10:03:30,18.515433015015237,73.84944373862653,Safe,Shaniwar Wada,98.85,Good,Normal,10,3,0.0034807515775874265,-0.011994390835980084,2,30,Safe,Restricted
T017,2025-09-08 10:04:00,18.52897496751146,73.86075737077093,Restricted,Aga Khan Palace,98.82,Good,Normal,10,4,0.013541952496222365,0.011313632144393182,1,-1,Restricted,Restricted
T017,2025-09-08 10:04:30,18.530294000590093,73.86156863710106,Safe,Pataleshwar Caves,98.43,Good,Normal,10,4,0.0013190330786336801,0.0008112663301318435,2,-1,Restricted,Restricted
T017,2025-09-08 10:05:00,18.52563836205857,73.86066328012802,High-Risk,Shaniwar Wada,98.03,Good,Normal,10,5,-0.0046556385315241755,-0.0009053569730355093,0,-1,Restricted,High-Risk
T017,2025-09-08 10:05:30,18.515726953146217,73.85126206476258,High-Risk,Lal Mahal,98.9,Good,Normal,10,5,-0.00991140891235176,-0.00940121536544325,0,121,High-Risk,Restricted
T017,2025-09-08 10:06:00,18.51298457834627,73.85335597978533,High-Risk,Aga Khan Palace,97.74,Good,Normal,10,6,-0.0027423747999471004,0.0020939150227548,0,-1,Restricted,Safe
T017,2025-09-08 10:06:30,18.51050569144501,73.85067101250196,Safe,Lal Mahal,98.03,Good,Normal,10,6,-0.0024788869012581927,-0.002684967283371975,2,130,Safe,Restricted
T017,2025-09-08 10:07:00,18.516759645917286,73.8659609453731,Safe,Sinhagad Fort,97.33,Good,Normal,10,7,0.006253954472274614,0.015289932871141332,2,-1,Restricted,Restricted
T017,2025-09-08 10:07:30,18.52721807879569,73.85827742544177,Safe,Sinhagad Fort,99.15,Good,Normal,10,7,0.010458432878404977,-0.007683519931333649,2,-1,Restricted,Restricted
T017,2025-09-08 10:08:00,18.51849919699157,73.86513860702435,High-Risk,Aga Khan Palace,98.02,Good,Normal,10,8,-0.008718881804121281,0.006861181582578979,0,-1,Restricted,Safe
T017,2025-09-08 10:08:30,18.513067234947947,73.86158165733777,Safe,Shaniwar Wada,96.9,Good,Normal,10,8,-0.005431962043623173,-0.003556949686583266,2,108,Safe,High-Risk
T017,2025-09-08 10:09:00,18.51991720236633,73.85162218355518,High-Risk,Pataleshwar Caves,97.58,Poor,Normal,10,9,0.006849967418382619,-0.00995947378258677,0,106,High-Risk,Restricted
T017,2025-09-08 10:09:30,18.522411138447605,73.86505431455349,Safe,Lal Mahal,97.56,Poor,Normal,10,9,0.002493936081275905,0.013432130998310754,2,-1,Restricted,Restricted
T017,2025-09-08 10:10:00,18.5285695708779,73.85804705227129,Safe,Pataleshwar Caves,97.78,Poor,Normal,10,10,0.006158432430293459,-0.007007262282201054,2,-1,Restricted,Restricted
T017,2025-09-08 10:10:30,18.521078910769663,73.86004337297476,Safe,Sinhagad Fort,95.81,Good,Normal,10,10,-0.007490660108235403,0.001996320703469223,2,-1,Restricted,Restricted
T017,2025-09-08 10:11:00,18.51709453827544,73.86527837214074,High-Risk,Sinhagad Fort,98.38,Good,Normal,10,11,-0.00398437249422301,0.005234999165978138,0,-1,Restricted,Safe
T017,2025-09-08 10:11:30,18.528200813444204,73.86170780001417,Safe,Lal Mahal,95.7,Good,Normal,10,11,0.011106275168764057,-0.0035705721265628654,2,34,Safe,Safe
T017,2025-09-08 10:12:00,18.52093375028465,73.84943349765219,Safe,Aga Khan Palace,96.68,Poor,Normal,10,12,-0.0072670631595528334,-0.012274302361987566,2,59,Safe,Safe
T017,2025-09-08 10:12:30,18.525777487939934,73.85556505842146,Safe,Aga Khan Palace,95.91,Good,Normal,10,12,0.004843737655281899,0.006131560769276234,2,60,Safe,Restricted
T017,2025-09-08 10:13:00,18.51647706188481,73.85012892001942,High-Risk,Shaniwar Wada,96.23,Poor,Normal,10,13,-0.009300426055123268,-0.0054361384020467085,0,-1,Restricted,Restricted
T017,2025-09-08 10:13:30,18.52871592167065,73.86235849998738,High-Risk,Lal Mahal,96.11,Good,Normal,10,13,0.01223885978583894,0.01222957996796481,0,-1,Restricted,Restricted
T017,2025-09-08 10:14:00,18.516770509181864,73.86256992800494,High-Risk,Pataleshwar Caves,98.14,Good,Normal,10,14,-0.011945412488785223,0.00021142801756468543,0,-1,Restricted,Restricted
T017,2025-09-08 10:14:30,18.52557325791831,73.8564957583371,High-Risk,Lal Mahal,97.74,Poor,Normal,10,14,0.008802748736446375,-0.006074169667840579,0,-1,Restricted,Restricted
T017,2025-09-08 10:15:00,18.52264279376378,73.86329668548602,Safe,Sinhagad Fort,98.27,Good,Normal,10,15,-0.0029304641545309096,0.006800927148916003,2,-1,Restricted,Restricted
T017,2025-09-08 10:15:30,18.511432509091293,73.85211275619594,Safe,Sinhagad Fort,97.56,Good,Normal,10,15,-0.011210284672486637,-0.011183929290083938,2,-1,Restricted,Restricted
T017,2025-09-08 10:16:00,18.52645530899565,73.85114475669673,Safe,Sinhagad Fort,95.84,Good,Normal,10,16,0.015022799904357953,-0.0009679994992097818,2,-1,Restricted,Restricted
T017,2025-09-08 10:16:30,18.5267093263642,73.85811033198149,Restricted,Lal Mahal,95.04,Good,Normal,10,16,0.0002540173685510183,0.006965575284766601,1,-1,Restricted,Restricted
T017,2025-09-08 10:17:00,18.51708218071969,73.8506933381985,Safe,Sinhagad Fort,97.89,Good,Normal,10,17,-0.009627145644511614,-0.007416993782996428,2,-1,Restricted,Safe
T017,2025-09-08 10:17:30,18.521107380228045,73.84867116391412,Safe,Sinhagad Fort,96.98,Good,Normal,10,17,0.004025199508355115,-0.0020221742843773427,2,19,Safe,Restricted
T017,2025-09-08 10:18:00,18.51673251300332,73.8596042220005,Safe,Lal Mahal,97.91,Poor,Normal,10,18,-0.004374867224726131,0.010933058086379788,2,-1,Restricted,Restricted
T017,2025-09-08 10:18:30,18.51916393065937,73.86433556835162,High-Risk,Aga Khan Palace,96.26,Good,Normal,10,18,0.002431417656051593,0.004731346351121601,0,-1,Restricted,Restricted
T017,2025-09-08 10:19:00,18.52438377337857,73.856315883568,Safe,Shaniwar Wada,95.54,Good,Normal,10,19,0.005219842719199619,-0.008019684783619141,2,-1,Restricted,Safe
T017,2025-09-08 10:19:30,18.52610689470712,73.85743573514026,Safe,Shaniwar Wada,92.88,Good,Normal,10,19,0.0017231213285491265,0.0011198515722554703,2,112,Safe,Restricted
T017,2025-09-08 10:20:00,18.516277413947662,73.86253999512525,Safe,Shaniwar Wada,95.45,Good,Normal,10,20,-0.009829480759456999,0.005104259984989312,2,-1,Restricted,Restricted
T017,2025-09-08 10:20:30,18.528935587941213,73.85245242711206,Safe,Shaniwar Wada,95.96,Good,Normal,10,20,0.012658173993550292,-0.010087568013190662,2,-1,Restricted,Restricted
T017,2025-09-08 10:21:00,18.521228592669388,73.85548699162231,Safe,Aga Khan Palace,95.11,Poor,Normal,10,21,-0.007706995271824724,0.0030345645102585195,2,-1,Restricted,Restricted
T017,2025-09-08 10:21:30,18.5133968768784,73.8562571673541,High-Risk,Lal Mahal,93.91,Good,Normal,10,21,-0.007831715790988625,0.0007701757317875035,0,-1,Restricted,Restricted
T017,2025-09-08 10:22:00,18.5167575358122,73.85769983992537,Safe,Lal Mahal,94.72,Lost,Normal,10,22,0.0033606589338006643,0.0014426725712723965,2,-1,Restricted,Restricted
T017,2025-09-08 10:22:30,18.522399123263742,73.86668502900804,High-Risk,Aga Khan Palace,96.34,Good,Normal,10,22,0.005641587451542307,0.008985189082665102,0,-1,Restricted,Restricted
T017,2025-09-08 10:23:00,18.519961626788028,73.85690257182108,High-Risk,Pataleshwar Caves,94.3,Good,Normal,10,23,-0.0024374964757143402,-0.009782457186958027,0,-1,Restricted,Restricted
T017,2025-09-08 10:23:30,18.52405076162601,73.85241855743054,High-Risk,Shaniwar Wada,92.99,Poor,Normal,10,23,0.004089134837983011,-0.004484014390541802,0,-1,Restricted,Safe
T017,2025-09-08 10:24:00,18.516333538854845,73.85380571304201,Safe,Lal Mahal,92.2,Good,Normal,10,24,-0.0077172227711663766,0.0013871556114679606,2,38,Safe,Restricted
T017,2025-09-08 10:24:30,18.511606070553142,73.8569222377354,Safe,Aga Khan Palace,94.13,Good,Normal,10,24,-0.004727468301702231,0.0031165246933966273,2,-1,Restricted,Safe
T017,2025-09-08 10:25:00,18.530076842631388,73.85253230651594,Safe,Lal Mahal,93.39,Poor,Normal,10,25,0.018470772078245545,-0.004389931219463961,2,122,Safe,Restricted
T017,2025-09-08 10:25:30,18.51139674115478,73.85521242981991,High-Risk,Sinhagad Fort,93.17,Good,Normal,10,25,-0.018680101476608257,0.002680123303974824,0,-1,Restricted,Restricted
T017,2025-09-08 10:26:00,18.512756569411984,73.85615010013255,High-Risk,Lal Mahal,94.79,Good,Normal,10,26,0.0013598282572040432,0.0009376703126378061,0,-1,Restricted,Safe
T017,2025-09-08 10:26:30,18.52918014197956,73.85286564275965,Safe,Lal Mahal,96.92,Good,Normal,10,26,0.016423572567575206,-0.0032844573728993964,2,122,Safe,Restricted
T017,2025-09-08 10:27:00,18.520572765990728,73.84710185650852,Safe,Sinhagad Fort,91.85,Poor,Normal,10,27,-0.008607375988830768,-0.0057637862511370486,2,-1,Restricted,Restricted
T017,2025-09-08 10:27:30,18.52032528859676,73.85666996678981,High-Risk,Lal Mahal,96.13,Poor,Normal,10,27,-0.00024747739396957513,0.00956811028129323,0,-1,Restricted,Restricted
T017,2025-09-08 10:28:00,18.52503961501776,73.85540092296938,Safe,Lal Mahal,96.27,Good,Normal,10,28,0.004714326421002113,-0.0012690438204288057,2,-1,Restricted,Safe
T017,2025-09-08 10:28:30,18.517550254545924,73.85653063121775,Safe,Sinhagad Fort,96.89,Good,Normal,10,28,-0.007489360471836903,0.0011297082483707754,2,38,Safe,Safe
T017,2025-09-08 10:29:00,18.527382210182896,73.84686553983998,Safe,Sinhagad Fort,94.89,Good,Normal,10,29,0.009831955636972367,-0.009665091377769386,2,22,Safe,Restricted
T017,2025-09-08 10:29:30,18.528699983862445,73.8585238845021,Safe,Aga Khan Palace,91.62,Good,Normal,10,29,0.0013177736795491057,0.011658344662123454,2,-1,Restricted,Restricted
T017,2025-09-08 10:30:00,18.5257522795342,73.85564485183929,Safe,Aga Khan Palace,94.49,Poor,Normal,10,30,-0.0029477043282462034,-0.002879032662818304,2,-1,Restricted,Restricted
T017,2025-09-08 10:30:30,18.51155628503201,73.84810665060876,Safe,Pataleshwar Caves,94.47,Good,Normal,10,30,-0.014195994502188114,-0.007538201230531172,2,-1,Restricted,Restricted
T017,2025-09-08 10:31:00,18.52340013229493,73.8568237300873,Safe,Aga Khan Palace,95.66,Good,Normal,10,31,0.011843847262920093,0.00871707947854361,2,-1,Restricted,Restricted
T017,2025-09-08 10:31:30,18.51114935198805,73.85462430748386,Safe,Sinhagad Fort,95.69,Good,Normal,10,31,-0.012250780306882092,-0.002199422603439416,2,-1,Restricted,Restricted
T017,2025-09-08 10:32:00,18.51260686495867,73.85586740225993,Safe,Pataleshwar Caves,95.97,Good,Normal,10,32,0.0014575129706209111,0.0012430947760719846,2,-1,Restricted,Safe
T017,2025-09-08 10:32:30,18.512866393895944,73.85369696747752,Safe,Sinhagad Fort,89.78,Poor,Normal,10,32,0.00025952893727421156,-0.002170434782414077,2,41,Safe,Restricted
T017,2025-09-08 10:33:00,18.51577754704753,73.86073478893323,Safe,Aga Khan Palace,90.51,Good,Normal,10,33,0.002911153151586632,0.007037821455710969,2,-1,Restricted,Restricted
T017,2025-09-08 10:33:30,18.524149919430677,73.85964479117223,Safe,Shaniwar Wada,89.12,Poor,Normal,10,33,0.008372372383146143,-0.0010899977609994949,2,-1,Restricted,Restricted
T017,2025-09-08 10:34:00,18.523953916381437,73.86314753684718,Safe,Sinhagad Fort,95.72,Poor,Normal,10,34,-0.00019600304923983458,0.003502745674950347,2,-1,Restricted,Safe
T017,2025-09-08 10:34:30,18.5255168436588,73.86124941388157,Safe,Shaniwar Wada,94.6,Good,Normal,10,34,0.0015629272773622915,-0.0018981229656134246,2,21,Safe,Restricted
T017,2025-09-08 10:35:00,18.519198196521224,73.86580943205709,Restricted,Pataleshwar Caves,94.25,Poor,Normal,10,35,-0.006318647137575795,0.00456001817552476,1,-1,Restricted,Restricted
T017,2025-09-08 10:35:30,18.52984695229266,73.85162290986088,High-Risk,Sinhagad Fort,85.94,Good,Normal,10,35,0.01064875577143809,-0.014186522196212081,0,-1,Restricted,Restricted
T017,2025-09-08 10:36:00,18.518130820450697,73.85627349306424,Safe,Lal Mahal,86.36,Good,Normal,10,36,-0.011716131841964739,0.004650583203357428,2,-1,Restricted,Restricted
T017,2025-09-08 10:36:30,18.522328491257703,73.85134495008457,High-Risk,Lal Mahal,87.51,Poor,Normal,10,36,0.004197670807005949,-0.0049285429796697144,0,-1,Restricted,Restricted
T017,2025-09-08 10:37:00,18.51562591932485,73.86439346970391,Restricted,Sinhagad Fort,96.02,Lost,Normal,10,37,-0.006702571932851953,0.013048519619346166,1,-1,Restricted,Restricted
T017,2025-09-08 10:37:30,18.519835920005885,73.85377275169247,High-Risk,Shaniwar Wada,87.85,Good,Normal,10,37,0.004210000681034387,-0.010620718011438157,0,-1,Restricted,Restricted
T017,2025-09-08 10:38:00,18.51618120474545,73.85322468585498,Safe,Pataleshwar Caves,85.57,Good,Normal,10,38,-0.0036547152604349264,-0.0005480658374921177,2,-1,Restricted,Safe
T017,2025-09-08 10:38:30,18.52465593699517,73.84754440668111,Safe,Shaniwar Wada,85.99,Poor,Normal,10,38,0.008474732249720063,-0.005680279173873259,2,91,Safe,Restricted
T017,2025-09-08 10:39:00,18.511116061409485,73.86414881745053,Safe,Shaniwar Wada,85.65,Good,Normal,10,39,-0.013539875585685479,0.016604410769417655,2,-1,Restricted,Restricted
T017,2025-09-08 10:39:30,18.51103553108692,73.85716218296638,Safe,Sinhagad Fort,87.73,Lost,Normal,10,39,-8.053032256327697e-05,-0.006986634484150045,2,-1,Restricted,Restricted
T017,2025-09-08 10:40:00,18.516260056780958,73.86507759614818,Safe,Pataleshwar Caves,94.99,Good,Normal,10,40,0.005224525694035975,0.007915413181805775,2,-1,Restricted,Restricted
T017,2025-09-08 10:40:30,18.52889901306548,73.85964947306317,Safe,Shaniwar Wada,91.15,Poor,Normal,10,40,0.012638956284522607,-0.005428123085010839,2,-1,Restricted,Restricted
T017,2025-09-08 10:41:00,18.51084879343795,73.8627476930937,Safe,Lal Mahal,95.88,Lost,Normal,10,41,-0.018050219627529174,0.00309822003052318,2,-1,Restricted,Restricted
T017,2025-09-08 10:41:30,18.523509029110887,73.85611322089872,High-Risk,Aga Khan Palace,95.03,Poor,Normal,10,41,0.012660235672935727,-0.006634472194974705,0,-1,Restricted,Restricted
T017,2025-09-08 10:42:00,18.519288149716655,73.862789331987,Restricted,Shaniwar Wada,87.49,Good,Normal,10,42,-0.004220879394232213,0.006676111088282255,1,-1,Restricted,Safe
T017,2025-09-08 10:42:30,18.528195447053537,73.84888021087579,Safe,Shaniwar Wada,83.67,Lost,Normal,10,42,0.008907297336882891,-0.013909121111211675,2,22,Safe,Restricted
T017,2025-09-08 10:43:00,18.51070820429734,73.85911415164513,Restricted,Aga Khan Palace,90.43,Poor,Normal,10,43,-0.017487242756196508,0.010233940769339256,1,-1,Restricted,Restricted
T017,2025-09-08 10:43:30,18.51971693190484,73.85749126798481,Safe,Aga Khan Palace,87.6,Good,Normal,10,43,0.009008727607497491,-0.0016228836603175978,2,-1,Restricted,Safe
T017,2025-09-08 10:44:00,18.52230230072076,73.8526974023316,Safe,Pataleshwar Caves,82.72,Good,Normal,10,44,0.0025853688159216404,-0.004793865653212492,2,8,Safe,Restricted
T017,2025-09-08 10:44:30,18.526009187085258,73.859372558958,Safe,Lal Mahal,85.44,Poor,Normal,10,44,0.0037068863644975636,0.00667515662640028,2,-1,Restricted,Safe
T017,2025-09-08 10:45:00,18.520516164609205,73.85559487975193,Safe,Aga Khan Palace,91.71,Lost,Normal,10,45,-0.005493022476052545,-0.003777679206066864,2,110,Safe,Safe
T017,2025-09-08 10:45:30,18.5200787858692,73.8610401804227,Safe,Shaniwar Wada,83.65,Good,Normal,10,45,-0.00043737874000626675,0.005445300670771758,2,123,Safe,Safe
T017,2025-09-08 10:46:00,18.52435033152041,73.86038778229884,Safe,Sinhagad Fort,87.44,Good,Normal,10,46,0.004271545651210573,-0.0006523981238615306,2,83,Safe,Restricted
T017,2025-09-08 10:46:30,18.526472535174754,73.86578478200461,High-Risk,Shaniwar Wada,86.8,Good,Normal,10,46,0.0021222036543449008,0.005396999705766348,0,-1,Restricted,Restricted
T017,2025-09-08 10:47:00,18.527915386204644,73.85775938962469,Safe,Aga Khan Palace,83.61,Good,Normal,10,47,0.0014428510298891695,-0.008025392379920504,2,-1,Restricted,Safe
T017,2025-09-08 10:47:30,18.517218928223198,73.85366883856828,Safe,Pataleshwar Caves,85.89,Good,Normal,10,47,-0.010696457981445917,-0.004090551056407321,2,128,Safe,Restricted
T017,2025-09-08 10:48:00,18.529802651601837,73.8611038541753,Safe,Sinhagad Fort,92.7,Lost,Normal,10,48,0.012583723378639888,0.007435015607015316,2,-1,Restricted,Restricted
T017,2025-09-08 10:48:30,18.530371545321284,73.85248620091983,Safe,Sinhagad Fort,85.02,Good,Normal,10,48,0.0005688937194463506,-0.008617653255470259,2,-1,Restricted,Restricted
T017,2025-09-08 10:49:00,18.529894091458743,73.84814897215233,Safe,Sinhagad Fort,88.71,Good,Normal,10,49,-0.00047745386254050004,-0.004337228767496981,2,-1,Restricted,Restricted
T017,2025-09-08 10:49:30,18.527189508014427,73.86355538630943,Restricted,Sinhagad Fort,94.54,Good,Normal,10,49,-0.002704583444316455,0.015406414157098425,1,-1,Restricted,Safe
T017,2025-09-08 10:50:00,18.518008567293503,73.86366439524741,Safe,Lal Mahal,93.5,Good,Normal,10,50,-0.009180940720924013,0.0001090089379829351,2,47,Safe,Restricted
T017,2025-09-08 10:50:30,18.524255339252164,73.84893511319127,Restricted,Aga Khan Palace,94.7,Good,Normal,10,50,0.006246771958661412,-0.01472928205613755,1,-1,Restricted,Restricted
T017,2025-09-08 10:51:00,18.514096634015598,73.86575256390412,Safe,Lal Mahal,82.83,Good,Normal,10,51,-0.01015870523656659,0.01681745071284979,2,-1,Restricted,Restricted
T017,2025-09-08 10:51:30,18.524901958434583,73.86130869781175,Safe,Sinhagad Fort,87.77,Poor,Normal,10,51,0.010805324418985407,-0.004443866092373128,2,-1,Restricted,Safe
T017,2025-09-08 10:52:00,18.52524411406673,73.8493568685852,Safe,Aga Khan Palace,94.25,Lost,Normal,10,52,0.00034215563214701206,-0.011951829226546806,2,84,Safe,Restricted
T017,2025-09-08 10:52:30,18.5227483066702,73.85720011622878,High-Risk,Pataleshwar Caves,90.65,Lost,Normal,10,52,-0.0024958073965315464,0.00784324764357791,0,-1,Restricted,Restricted
T017,2025-09-08 10:53:00,18.529359911526324,73.85640865165195,Safe,Pataleshwar Caves,85.8,Good,Normal,10,53,0.0066116048561255525,-0.0007914645768352102,2,-1,Restricted,Restricted
T017,2025-09-08 10:53:30,18.525859464609752,73.84906096074369,Safe,Shaniwar Wada,80.95,Good,Normal,10,53,-0.003500446916572031,-0.007347690908261484,2,-1,Restricted,Restricted
T017,2025-09-08 10:54:00,18.52368438287609,73.85313275881175,Restricted,Shaniwar Wada,94.01,Good,Normal,10,54,-0.0021750817336609884,0.004071798068068233,1,-1,Restricted,Restricted
T017,2025-09-08 10:54:30,18.522685842185407,73.84935563139622,High-Risk,Sinhagad Fort,79.21,Good,Normal,10,54,-0.0009985406906842798,-0.0037771274155318224,0,-1,Restricted,Restricted
T017,2025-09-08 10:55:00,18.521288857592463,73.85981932799079,High-Risk,Shaniwar Wada,80.1,Poor,Normal,10,55,-0.0013969845929437952,0.010463696594570138,0,-1,Restricted,Restricted
T017,2025-09-08 10:55:30,18.52175290155557,73.84751578079053,High-Risk,Pataleshwar Caves,83.9,Good,Normal,10,55,0.00046404396310606444,-0.012303547200261278,0,-1,Restricted,Restricted
T017,2025-09-08 10:56:00,18.522293955842976,73.86089286543815,High-Risk,Pataleshwar Caves,88.35,Good,Normal,10,56,0.0005410542874066948,0.013377084647615334,0,-1,Restricted,Restricted
T017,2025-09-08 10:56:30,18.51221798438513,73.86216363343631,Safe,Sinhagad Fort,89.49,Poor,Normal,10,56,-0.010075971457844446,0.0012707679981645015,2,-1,Restricted,Restricted
T017,2025-09-08 10:57:00,18.515511493119963,73.85473447671114,Restricted,Shaniwar Wada,78.95,Good,Normal,10,57,0.003293508734831363,-0.007429156725166308,1,-1,Restricted,Restricted
T017,2025-09-08 10:57:30,18.51459778787085,73.85123957076522,Restricted,Lal Mahal,81.31,Good,Normal,10,57,-0.000913705249111274,-0.0034949059459279397,1,-1,Restricted,Safe
T017,2025-09-08 10:58:00,18.52106270844,73.86102254838792,Safe,Lal Mahal,82.43,Good,Normal,10,58,0.006464920569147381,0.009782977622705857,2,124,Safe,Restricted
T017,2025-09-08 10:58:30,18.51669276805446,73.85694929167913,High-Risk,Sinhagad Fort,92.47,Good,Normal,10,58,-0.004369940385537063,-0.004073256708792883,0,-1,Restricted,Restricted
T017,2025-09-08 10:59:00,18.523991247009857,73.85066220021834,High-Risk,Lal Mahal,86.52,Good,Normal,10,59,0.007298478955394927,-0.006287091460791316,0,-1,Restricted,Restricted
T017,2025-09-08 10:59:30,18.52198225336845,73.8485760700407,Safe,Aga Khan Palace,78.09,Good,Normal,10,59,-0.002008993641407386,-0.0020861301776307073,2,-1,Restricted,Restricted
T017,2025-09-08 11:00:00,18.515192876606616,73.85156732663006,Restricted,Aga Khan Palace,86.87,Good,Normal,11,0,-0.006789376761833665,0.0029912565893539522,1,-1,Restricted,Safe
T017,2025-09-08 11:00:30,18.518209479165463,73.85878577366503,Safe,Shaniwar Wada,83.03,Good,Normal,11,0,0.0030166025588478362,0.007218447034972542,2,125,Safe,Restricted
T017,2025-09-08 11:01:00,18.52582385406234,73.84685165513338,Safe,Lal Mahal,91.05,Good,Normal,11,1,0.007614374896878218,-0.011934118531655713,2,-1,Restricted,Restricted
T017,2025-09-08 11:01:30,18.51520175099253,73.85254890079331,Safe,Aga Khan Palace,76.5,Lost,Normal,11,1,-0.010622103069810152,0.005697245659931127,2,-1,Restricted,Restricted
T017,2025-09-08 11:02:00,18.51925243774243,73.84753534881058,Safe,Aga Khan Palace,75.38,Poor,Normal,11,2,0.004050686749899057,-0.005013551982727904,2,-1,Restricted,Restricted
T017,2025-09-08 11:02:30,18.5280086355735,73.85609727362268,High-Risk,Shaniwar Wada,92.53,Good,Normal,11,2,0.008756197831068846,0.008561924812099164,0,-1,Restricted,Restricted
T017,2025-09-08 11:03:00,18.51130993053348,73.86296937034069,High-Risk,Pataleshwar Caves,89.96,Poor,Normal,11,3,-0.01669870504002091,0.006872096718012699,0,-1,Restricted,Restricted
T017,2025-09-08 11:03:30,18.523629333110424,73.86256545200555,Safe,Lal Mahal,87.51,Poor,Normal,11,3,0.012319402576945748,-0.00040391833513808706,2,-1,Restricted,Restricted
T017,2025-09-08 11:04:00,18.51299914476224,73.86580540473108,Safe,Sinhagad Fort,92.4,Good,Normal,11,4,-0.010630188348184078,0.0032399527255222438,2,-1,Restricted,Restricted
T017,2025-09-08 11:04:30,18.51151324888281,73.8608637438942,Safe,Lal Mahal,89.12,Good,Normal,11,4,-0.0014858958794299326,-0.004941660836877304,2,-1,Restricted,Restricted
T017,2025-09-08 11:05:00,18.52610188798407,73.85110818005357,Restricted,Sinhagad Fort,79.74,Good,Normal,11,5,0.014588639101258849,-0.009755563840627701,1,-1,Restricted,Restricted
T017,2025-09-08 11:05:30,18.52872272149262,73.85555843072757,High-Risk,Pataleshwar Caves,74.79,Good,Normal,11,5,0.0026208335085513568,0.004450250673997402,0,-1,Restricted,Restricted
T017,2025-09-08 11:06:00,18.51852284027223,73.85029029026349,Safe,Aga Khan Palace,79.01,Lost,Normal,11,6,-0.01019988122039095,-0.005268140464082194,2,-1,Restricted,Restricted
T017,2025-09-08 11:06:30,18.512945641778025,73.86649645739028,Safe,Sinhagad Fort,82.64,Good,Normal,11,6,-0.005577198494204794,0.016206167126796345,2,-1,Restricted,Restricted
T017,2025-09-08 11:07:00,18.521685794695504,73.86523266898116,Safe,Sinhagad Fort,90.57,Good,Normal,11,7,0.008740152917479094,-0.0012637884091191154,2,-1,Restricted,Safe
T017,2025-09-08 11:07:30,18.511887859366112,73.84963367531353,Safe,Sinhagad Fort,87.81,Good,Normal,11,7,-0.00979793532939155,-0.015598993667637728,2,29,Safe,Restricted
T017,2025-09-08 11:08:00,18.525542875547824,73.86388792258263,High-Risk,Sinhagad Fort,86.35,Good,Normal,11,8,0.013655016181711943,0.014254247269107623,0,-1,Restricted,Restricted
T017,2025-09-08 11:08:30,18.529228745280783,73.86628610615814,Safe,Lal Mahal,81.88,Poor,Normal,11,8,0.00368586973295848,0.0023981835755080283,2,-1,Restricted,Restricted
T017,2025-09-08 11:09:00,18.524576959851103,73.85363246110278,High-Risk,Lal Mahal,77.91,Lost,Normal,11,9,-0.004651785429679478,-0.012653645055365814,0,-1,Restricted,Restricted
T017,2025-09-08 11:09:30,18.52409027696269,73.86515194549438,High-Risk,Lal Mahal,74.24,Good,Normal,11,9,-0.0004866828884146912,0.011519484391598667,0,-1,Restricted,Restricted
T017,2025-09-08 11:10:00,18.5205408212266,73.85644706376578,Restricted,Aga Khan Palace,79.91,Lost,Normal,11,10,-0.003549455736088447,-0.008704881728590408,1,-1,Restricted,Restricted
T017,2025-09-08 11:10:30,18.513073830425995,73.8503397245012,Safe,Lal Mahal,81.25,Good,Normal,11,10,-0.007466990800605089,-0.006107339264588063,2,-1,Restricted,Restricted
T017,2025-09-08 11:11:00,18.51063215060235,73.85129999144995,Safe,Sinhagad Fort,81.73,Good,Normal,11,11,-0.0024416798236437387,0.0009602669487520643,2,-1,Restricted,Restricted
T017,2025-09-08 11:11:30,18.521201653747227,73.86334934352419,High-Risk,Pataleshwar Caves,81.59,Lost,Normal,11,11,0.01056950314487537,0.012049352074242847,0,-1,Restricted,Restricted
T017,2025-09-08 11:12:00,18.52532891691362,73.85553211683829,Safe,Shaniwar Wada,73.9,Good,Normal,11,12,0.0041272631663922255,-0.007817226685901346,2,-1,Restricted,Restricted
T017,2025-09-08 11:12:30,18.52971957134385,73.84964220157865,High-Risk,Shaniwar Wada,87.03,Good,Normal,11,12,0.0043906544302316775,-0.005889915259643885,0,-1,Restricted,Restricted
T017,2025-09-08 11:13:00,18.52775900627036,73.85591772360652,High-Risk,Sinhagad Fort,78.0,Good,Normal,11,13,-0.0019605650734888513,0.0062755220278774,0,-1,Restricted,Restricted
T017,2025-09-08 11:13:30,18.52514775786601,73.85525639939024,Safe,Shaniwar Wada,77.88,Lost,Normal,11,13,-0.002611248404353006,-0.0006613242162814004,2,-1,Restricted,Restricted
T017,2025-09-08 11:14:00,18.52533091401849,73.84766583143406,Safe,Aga Khan Palace,89.53,Good,Normal,11,14,0.00018315615248098993,-0.007590567956185623,2,-1,Restricted,Restricted
T017,2025-09-08 11:14:30,18.51427873066253,73.8563447826038,Safe,Aga Khan Palace,86.11,Good,Normal,11,14,-0.01105218335596092,0.008678951169741822,2,-1,Restricted,Restricted
T017,2025-09-08 11:15:00,18.524559770829576,73.86270118368618,Safe,Sinhagad Fort,90.57,Good,Normal,11,15,0.01028104016704745,0.006356401082385332,2,-1,Restricted,Restricted
T017,2025-09-08 11:15:30,18.52841650276788,73.86492848325074,High-Risk,Lal Mahal,83.83,Good,Normal,11,15,0.0038567319383027154,0.002227299564552254,0,-1,Restricted,Restricted
T017,2025-09-08 11:16:00,18.51989244180517,73.85456348432747,High-Risk,Shaniwar Wada,88.04,Good,Normal,11,16,-0.008524060962709967,-0.010364998923265034,0,-1,Restricted,Restricted
T017,2025-09-08 11:16:30,18.526921454981384,73.8544990561264,Safe,Pataleshwar Caves,75.0,Good,Normal,11,16,0.00702901317621496,-6.442820107110947e-05,2,-1,Restricted,Safe
T017,2025-09-08 11:17:00,18.52562984206741,73.8497064586338,Safe,Pataleshwar Caves,91.76,Good,Normal,11,17,-0.0012916129139739496,-0.0047925974925959736,2,93,Safe,Restricted
T017,2025-09-08 11:17:30,18.529209161401184,73.85230955965811,Safe,Lal Mahal,91.61,Good,Normal,11,17,0.003579319333773867,0.0026031010243059427,2,-1,Restricted,Restricted
T017,2025-09-08 11:18:00,18.52863086261275,73.86473626772231,Safe,Pataleshwar Caves,78.79,Good,Normal,11,18,-0.0005782987884330737,0.0124267080641971,2,-1,Restricted,Restricted
T017,2025-09-08 11:18:30,18.52343120975165,73.85445525055741,Safe,Lal Mahal,90.75,Good,Normal,11,18,-0.005199652861101356,-0.010281017164899708,2,-1,Restricted,Restricted
T017,2025-09-08 11:19:00,18.526714563253066,73.85289482254626,Restricted,Pataleshwar Caves,79.69,Poor,Normal,11,19,0.0032833535014162862,-0.0015604280111460866,1,-1,Restricted,Restricted
T017,2025-09-08 11:19:30,18.52803760631885,73.86644277421757,Safe,Lal Mahal,83.28,Good,Normal,11,19,0.0013230430657849013,0.013547951671313285,2,-1,Restricted,Restricted
T017,2025-09-08 11:20:00,18.52392185659722,73.86390554813622,Safe,Aga Khan Palace,71.95,Good,Normal,11,20,-0.00411574972163109,-0.0025372260813583125,2,-1,Restricted,Restricted
T017,2025-09-08 11:20:30,18.51973043120425,73.851621040128,Safe,Lal Mahal,83.43,Good,Normal,11,20,-0.0041914253929711265,-0.01228450800822145,2,-1,Restricted,Restricted
T017,2025-09-08 11:21:00,18.51993870253413,73.86128687898763,Safe,Lal Mahal,89.98,Good,Normal,11,21,0.00020827132988188168,0.009665838859632458,2,-1,Restricted,Restricted
T017,2025-09-08 11:21:30,18.51177747967836,73.86491128446241,Restricted,Sinhagad Fort,70.54,Good,Normal,11,21,-0.008161222855768813,0.003624405474781156,1,-1,Restricted,Restricted
T017,2025-09-08 11:22:00,18.51126784817528,73.8524314185167,Safe,Pataleshwar Caves,87.6,Good,Normal,11,22,-0.0005096315030819198,-0.012479865945707047,2,-1,Restricted,Restricted
T017,2025-09-08 11:22:30,18.512650445736394,73.86072259946717,Safe,Aga Khan Palace,70.91,Good,Normal,11,22,0.0013825975611148067,0.008291180950465105,2,-1,Restricted,Restricted
T017,2025-09-08 11:23:00,18.527544440709555,73.85120321619272,Safe,Pataleshwar Caves,89.44,Poor,Normal,11,23,0.014893994973160574,-0.009519383274451343,2,-1,Restricted,Restricted
T017,2025-09-08 11:23:30,18.51073501086952,73.86588560903114,Safe,Sinhagad Fort,85.73,Good,Normal,11,23,-0.016809429840034085,0.014682392838423652,2,-1,Restricted,Restricted
T017,2025-09-08 11:24:00,18.52958194486532,73.85295813084696,Safe,Sinhagad Fort,74.29,Lost,Normal,11,24,0.01884693399579973,-0.012927478184181496,2,-1,Restricted,Restricted
T017,2025-09-08 11:24:30,18.520117287223,73.85566246694123,Safe,Aga Khan Palace,82.09,Poor,Normal,11,24,-0.009464657642318741,0.0027043360942684558,2,-1,Restricted,Restricted
T017,2025-09-08 11:25:00,18.51475688044576,73.85864076377378,Safe,Sinhagad Fort,81.95,Good,Normal,11,25,-0.005360406777242588,0.0029782968325520187,2,-1,Restricted,Restricted
T017,2025-09-08 11:25:30,18.523119219981595,73.86560371842846,Safe,Lal Mahal,82.7,Poor,Normal,11,25,0.008362339535835872,0.0069629546546821075,2,-1,Restricted,Safe
T017,2025-09-08 11:26:00,18.52117436700153,73.86227342524494,Safe,Lal Mahal,78.87,Lost,Normal,11,26,-0.0019448529800634162,-0.003330293183523736,2,87,Safe,Restricted
T017,2025-09-08 11:26:30,18.528125706718367,73.84690588773552,Safe,Pataleshwar Caves,77.47,Good,Normal,11,26,0.006951339716835037,-0.015367537509419549,2,-1,Restricted,Restricted
T017,2025-09-08 11:27:00,18.522991180486954,73.85126424521714,Safe,Shaniwar Wada,89.31,Good,Normal,11,27,-0.005134526231412195,0.004358357481621056,2,-1,Restricted,Restricted
T017,2025-09-08 11:27:30,18.529898978086344,73.86267284878781,Safe,Pataleshwar Caves,73.71,Good,Normal,11,27,0.006907797599389198,0.011408603570671971,2,-1,Restricted,Restricted
T017,2025-09-08 11:28:00,18.51850111896689,73.85000207262784,Safe,Lal Mahal,72.73,Good,Normal,11,28,-0.011397859119455234,-0.012670776159964703,2,-1,Restricted,Restricted
T017,2025-09-08 11:28:30,18.51661273954186,73.86269034317773,Restricted,Pataleshwar Caves,90.6,Poor,Normal,11,28,-0.0018883794250292851,0.012688270549887193,1,-1,Restricted,Restricted
T017,2025-09-08 11:29:00,18.511259965188163,73.85465355447411,Safe,Aga Khan Palace,83.61,Lost,Normal,11,29,-0.005352774353696077,-0.008036788703620346,2,-1,Restricted,Restricted
T017,2025-09-08 11:29:30,18.513511634232707,73.85156823645224,Safe,Shaniwar Wada,68.98,Good,Normal,11,29,0.002251669044543547,-0.0030853180218741727,2,-1,Restricted,Restricted
T017,2025-09-08 11:30:00,18.517861250887726,73.86419851358256,Safe,Aga Khan Palace,86.93,Good,Normal,11,30,0.004349616655019872,0.012630277130327272,2,-1,Restricted,Restricted
T017,2025-09-08 11:30:30,18.52619130509628,73.86510814836356,Safe,Sinhagad Fort,68.7,Good,Normal,11,30,0.00833005420855315,0.0009096347809958161,2,-1,Restricted,Restricted
T017,2025-09-08 11:31:00,18.53004060830927,73.86167444872572,High-Risk,Sinhagad Fort,85.62,Lost,Normal,11,31,0.003849303212991373,-0.003433699637838572,0,-1,Restricted,Restricted
T017,2025-09-08 11:31:30,18.517879048180728,73.85818435535067,Safe,Aga Khan Palace,76.72,Poor,Normal,11,31,-0.012161560128543414,-0.0034900933750492413,2,-1,Restricted,Safe
T017,2025-09-08 11:32:00,18.517942933585747,73.85760977338228,Safe,Pataleshwar Caves,75.64,Good,Normal,11,32,6.388540501944817e-05,-0.0005745819683937725,2,85,Safe,Restricted
T017,2025-09-08 11:32:30,18.524638740858183,73.85045375966422,Safe,Sinhagad Fort,85.2,Lost,Normal,11,32,0.006695807272436127,-0.007156013718059739,2,-1,Restricted,Restricted
T017,2025-09-08 11:33:00,18.52662158984827,73.8484887913467,Safe,Aga Khan Palace,88.48,Lost,Normal,11,33,0.001982848990085273,-0.0019649683175231303,2,-1,Restricted,Restricted
T017,2025-09-08 11:33:30,18.525631411214803,73.85036643387795,Safe,Lal Mahal,67.71,Good,Normal,11,33,-0.0009901786334651774,0.0018776425312552192,2,-1,Restricted,Restricted
T017,2025-09-08 11:34:00,18.52336346177972,73.84873246310752,Safe,Lal Mahal,67.5,Good,Normal,11,34,-0.0022679494350832385,-0.0016339707704275952,2,-1,Restricted,Restricted
T017,2025-09-08 11:34:30,18.514235775625732,73.86323255931099,Safe,Lal Mahal,68.53,Good,Normal,11,34,-0.00912768615398818,0.014500096203462931,2,-1,Restricted,Restricted
T017,2025-09-08 11:35:00,18.517975589417603,73.86052471888352,Safe,Sinhagad Fort,64.39,Good,Normal,11,35,0.0037398137918707164,-0.0027078404274618606,2,-1,Restricted,Restricted
T017,2025-09-08 11:35:30,18.516619826811876,73.8532311847497,Safe,Sinhagad Fort,71.96,Good,Normal,11,35,-0.0013557626057263406,-0.007293534133822277,2,-1,Restricted,Restricted
T017,2025-09-08 11:36:00,18.51915621176376,73.84991264861578,Safe,Pataleshwar Caves,89.71,Good,Normal,11,36,0.002536384951884685,-0.00331853613391786,2,-1,Restricted,Restricted
T017,2025-09-08 11:36:30,18.51258270139128,73.86558051691208,Restricted,Pataleshwar Caves,62.59,Good,Normal,11,36,-0.006573510372479774,0.01566786829629052,1,-1,Restricted,Restricted
T017,2025-09-08 11:37:00,18.52264386458281,73.84802255499666,High-Risk,Sinhagad Fort,78.0,Good,Normal,11,37,0.010061163191529943,-0.01755796191541492,0,-1,Restricted,Restricted
T017,2025-09-08 11:37:30,18.52420415314074,73.86386854865067,Safe,Lal Mahal,88.12,Good,Normal,11,37,0.0015602885579291126,0.01584599365401118,2,-1,Restricted,Restricted
T017,2025-09-08 11:38:00,18.512703039839675,73.85089698479463,Safe,Lal Mahal,85.21,Lost,Normal,11,38,-0.011501113301065402,-0.012971563856041257,2,-1,Restricted,Restricted
T017,2025-09-08 11:38:30,18.526368367056104,73.85255601605222,Safe,Shaniwar Wada,89.49,Poor,Normal,11,38,0.013665327216429546,0.0016590312575885946,2,-1,Restricted,Restricted
T017,2025-09-08 11:39:00,18.512504164199207,73.85560017399709,Safe,Lal Mahal,70.11,Lost,Normal,11,39,-0.013864202856897379,0.0030441579448705625,2,-1,Restricted,Restricted
T017,2025-09-08 11:39:30,18.512096428432333,73.86269185099988,Safe,Shaniwar Wada,71.42,Good,Normal,11,39,-0.0004077357668741399,0.007091677002790675,2,-1,Restricted,High-Risk
T018,2025-09-08 10:00:00,18.525411296077245,73.85445420157237,High-Risk,Aga Khan Palace,100.0,Poor,Normal,10,0,0.013314867644911743,-0.008237649427513816,0,58,High-Risk,Safe
T018,2025-09-08 10:00:30,18.51779450688548,73.84869301642642,Safe,Shaniwar Wada,99.88,Good,Normal,10,0,-0.0076167891917648944,-0.005761185145942704,2,96,Safe,Restricted
T018,2025-09-08 10:01:00,18.52609583405897,73.8479505037762,Safe,Shaniwar Wada,99.77,Good,Normal,10,1,0.008301327173491302,-0.0007425126502198509,2,-1,Restricted,Restricted
T018,2025-09-08 10:01:30,18.519264711292344,73.8472496071683,Safe,Shaniwar Wada,99.59,Good,Normal,10,1,-0.006831122766627118,-0.00070089660790984,2,-1,Restricted,Restricted
T018,2025-09-08 10:02:00,18.516525553560708,73.8471856993417,High-Risk,Aga Khan Palace,99.55,Lost,Normal,10,2,-0.0027391577316357996,-6.390782660048444e-05,0,-1,Restricted,Restricted
T018,2025-09-08 10:02:30,18.510861941801977,73.85142870109033,Safe,Lal Mahal,99.41,Good,Normal,10,2,-0.00566361175873098,0.004243001748633901,2,-1,Restricted,Restricted
T018,2025-09-08 10:03:00,18.517666445865157,73.85582462655461,Safe,Lal Mahal,98.95,Good,Normal,10,3,0.006804504063179451,0.004395925464280026,2,-1,Restricted,Restricted
T018,2025-09-08 10:03:30,18.519926610724685,73.86414347194832,Safe,Aga Khan Palace,99.15,Good,Normal,10,3,0.002260164859528402,0.008318845393716856,2,-1,Restricted,Safe
T018,2025-09-08 10:04:00,18.52860908923735,73.85275111730256,Safe,Shaniwar Wada,99.23,Good,Normal,10,4,0.00868247851266446,-0.011392354645764158,2,88,Safe,Restricted
T018,2025-09-08 10:04:30,18.521945761349052,73.85889673216826,High-Risk,Pataleshwar Caves,98.3,Poor,Normal,10,4,-0.006663327888297488,0.006145614865701532,0,-1,Restricted,Safe
T018,2025-09-08 10:05:00,18.529233394963025,73.85743190699283,Safe,Aga Khan Palace,98.75,Good,Normal,10,5,0.007287633613973554,-0.0014648251754323383,2,126,Safe,Restricted
T018,2025-09-08 10:05:30,18.527575195937203,73.85658695711234,Safe,Shaniwar Wada,97.83,Poor,Normal,10,5,-0.0016581990258224266,-0.0008449498804878885,2,-1,Restricted,Restricted
T018,2025-09-08 10:06:00,18.51511977968536,73.86645141398529,Safe,Pataleshwar Caves,98.74,Good,Normal,10,6,-0.012455416251842877,0.009864456872946903,2,-1,Restricted,Safe
T018,2025-09-08 10:06:30,18.52681459187186,73.85337196852053,Safe,Sinhagad Fort,98.7,Lost,Normal,10,6,0.01169481218650148,-0.013079445464754258,2,88,Safe,Restricted
T018,2025-09-08 10:07:00,18.527515492095667,73.85099246782192,High-Risk,Pataleshwar Caves,97.36,Lost,Normal,10,7,0.0007009002238049789,-0.0023795006986091494,0,-1,Restricted,Restricted
T018,2025-09-08 10:07:30,18.51239897311605,73.86056820105664,Safe,Sinhagad Fort,97.57,Good,Normal,10,7,-0.01511651897961741,0.009575733234711947,2,-1,Restricted,Restricted
T018,2025-09-08 10:08:00,18.528987286921105,73.86500173962618,Safe,Sinhagad Fort,97.49,Good,Normal,10,8,0.01658831380505532,0.004433538569543316,2,-1,Restricted,Restricted
T018,2025-09-08 10:08:30,18.51042055152677,73.86360181093902,Safe,Pataleshwar Caves,99.14,Good,Normal,10,8,-0.018566735394333733,-0.001399928687163765,2,-1,Restricted,Restricted
T018,2025-09-08 10:09:00,18.52819220775453,73.86441813785532,High-Risk,Shaniwar Wada,97.56,Good,Normal,10,9,0.017771656227758115,0.0008163269163077302,0,-1,Restricted,Restricted
T018,2025-09-08 10:09:30,18.52524899991733,73.85838437916512,Safe,Aga Khan Palace,97.44,Good,Normal,10,9,-0.0029432078371982584,-0.0060337586902079465,2,-1,Restricted,Restricted
T018,2025-09-08 10:10:00,18.52642245640726,73.84781583257725,High-Risk,Shaniwar Wada,97.37,Good,Normal,10,10,0.0011734564899299471,-0.010568546587862215,0,-1,Restricted,Safe
T018,2025-09-08 10:10:30,18.523698953430493,73.85397810262667,Safe,Shaniwar Wada,96.99,Poor,Normal,10,10,-0.002723502976767378,0.006162270049415497,2,33,Safe,Restricted
T018,2025-09-08 10:11:00,18.51290625225867,73.86590111614595,Safe,Aga Khan Palace,96.82,Lost,Normal,10,11,-0.010792701171823182,0.01192301351927938,2,-1,Restricted,Restricted
T018,2025-09-08 10:11:30,18.52950389860081,73.8560056072096,High-Risk,Shaniwar Wada,98.52,Good,Normal,10,11,0.01659764634214156,-0.009895508936352826,0,-1,Restricted,Restricted
T018,2025-09-08 10:12:00,18.520767863605883,73.85351862464313,High-Risk,Pataleshwar Caves,97.95,Poor,Normal,10,12,-0.008736034994928588,-0.0024869825664666223,0,-1,Restricted,Restricted
T018,2025-09-08 10:12:30,18.519940168612766,73.86595961713627,Safe,Aga Khan Palace,96.44,Good,Normal,10,12,-0.0008276949931165234,0.012440992493139902,2,-1,Restricted,Restricted
T018,2025-09-08 10:13:00,18.5149491110682,73.86436549606687,Safe,Lal Mahal,98.53,Good,Normal,10,13,-0.004991057544565081,-0.0015941210694023766,2,-1,Restricted,Safe
T018,2025-09-08 10:13:30,18.51600248753108,73.8645777077367,Safe,Sinhagad Fort,97.88,Good,Normal,10,13,0.0010533764628775089,0.00021221166983309558,2,90,Safe,Safe
T018,2025-09-08 10:14:00,18.517620883071142,73.8568916586538,Safe,Shaniwar Wada,94.81,Good,Normal,10,14,0.0016183955400634886,-0.0076860490829062655,2,70,Safe,Restricted
T018,2025-09-08 10:14:30,18.528210805000896,73.85616854558167,Safe,Lal Mahal,95.38,Good,Normal,10,14,0.010589921929753388,-0.0007231130721265799,2,-1,Restricted,Restricted
T018,2025-09-08 10:15:00,18.526383568010093,73.86362429269427,Safe,Lal Mahal,94.61,Good,Normal,10,15,-0.001827236990802561,0.00745574711260133,2,-1,Restricted,Restricted
T018,2025-09-08 10:15:30,18.51921536806538,73.86004255931825,Safe,Aga Khan Palace,97.68,Good,Normal,10,15,-0.0071681999447115174,-0.0035817333760235215,2,-1,Restricted,Restricted
T018,2025-09-08 10:16:00,18.52225484328117,73.85933251827012,High-Risk,Shaniwar Wada,94.33,Good,Normal,10,16,0.003039475215789622,-0.0007100410481228892,0,-1,Restricted,Restricted
T018,2025-09-08 10:16:30,18.510901919837725,73.8491154322828,Safe,Lal Mahal,95.23,Good,Normal,10,16,-0.011352923443446628,-0.010217085987321184,2,-1,Restricted,Restricted
T018,2025-09-08 10:17:00,18.52046886945321,73.84809279177172,Safe,Pataleshwar Caves,95.42,Good,Normal,10,17,0.009566949615486209,-0.001022640511081363,2,-1,Restricted,Restricted
T018,2025-09-08 10:17:30,18.5184918601679,73.86074094164974,Safe,Aga Khan Palace,96.07,Lost,Normal,10,17,-0.0019770092853121923,0.012648149878017989,2,-1,Restricted,Restricted
T018,2025-09-08 10:18:00,18.52221400412598,73.85543187588247,High-Risk,Pataleshwar Caves,96.49,Good,Normal,10,18,0.003722143958082569,-0.005309065767264087,0,-1,Restricted,Safe
T018,2025-09-08 10:18:30,18.514406960857787,73.85497761872848,Safe,Pataleshwar Caves,96.69,Good,Normal,10,18,-0.007807043268194036,-0.0004542571539900564,2,38,Safe,Restricted
T018,2025-09-08 10:19:00,18.5176692273636,73.86335124298009,Safe,Sinhagad Fort,95.28,Good,Normal,10,19,0.003262266505814182,0.008373624251603928,2,-1,Restricted,Restricted
T018,2025-09-08 10:19:30,18.5298566071848,73.85215818485013,Safe,Lal Mahal,97.1,Poor,Normal,10,19,0.012187379821199329,-0.011193058129961742,2,-1,Restricted,Safe
T018,2025-09-08 10:20:00,18.51192538338637,73.85453665684436,Safe,Pataleshwar Caves,94.08,Good,Normal,10,20,-0.01793122379843126,0.0023784719942341326,2,80,Safe,Restricted
T018,2025-09-08 10:20:30,18.522339631435976,73.85531105773367,Safe,Shaniwar Wada,92.72,Poor,Normal,10,20,0.010414248049606556,0.0007744008893126875,2,-1,Restricted,Restricted
T018,2025-09-08 10:21:00,18.526429781557248,73.84729001316498,High-Risk,Pataleshwar Caves,91.78,Good,Normal,10,21,0.004090150121271563,-0.008021044568693014,0,-1,Restricted,Safe
T018,2025-09-08 10:21:30,18.521561722730205,73.84797933180364,Safe,Sinhagad Fort,97.13,Good,Normal,10,21,-0.004868058827042887,0.0006893186386633943,2,127,Safe,Restricted
T018,2025-09-08 10:22:00,18.524417037635875,73.84736574280612,Safe,Aga Khan Palace,94.84,Good,Normal,10,22,0.0028553149056698146,-0.0006135889975240616,2,-1,Restricted,Safe
T018,2025-09-08 10:22:30,18.51220953585596,73.85279418735708,Safe,Aga Khan Palace,97.02,Poor,Normal,10,22,-0.012207501779915475,0.005428444550958034,2,62,Safe,Safe
T018,2025-09-08 10:23:00,18.51402103708622,73.85884604227206,Safe,Pataleshwar Caves,94.48,Good,Normal,10,23,0.001811501230260859,0.006051854914986166,2,4,Safe,Restricted
T018,2025-09-08 10:23:30,18.52410249542179,73.85722785023182,Safe,Shaniwar Wada,90.66,Good,Normal,10,23,0.010081458335569948,-0.0016181920402402739,2,-1,Restricted,Restricted
T018,2025-09-08 10:24:00,18.51867184215521,73.8610339458407,Safe,Shaniwar Wada,97.53,Good,Normal,10,24,-0.0054306532665791,0.0038060956088799003,2,-1,Restricted,Restricted
T018,2025-09-08 10:24:30,18.52985852802175,73.84924457912754,Safe,Lal Mahal,91.15,Good,Normal,10,24,0.011186685866540813,-0.011789366713159666,2,-1,Restricted,Restricted
T018,2025-09-08 10:25:00,18.528908749397345,73.85138023541124,Safe,Shaniwar Wada,95.07,Good,Normal,10,25,-0.0009497786244061501,0.002135656283698495,2,-1,Restricted,Restricted
T018,2025-09-08 10:25:30,18.519181566648783,73.85350029544576,Safe,Pataleshwar Caves,91.9,Good,Normal,10,25,-0.009727182748562768,0.0021200600345139264,2,-1,Restricted,Safe
T018,2025-09-08 10:26:00,18.528035910750816,73.85200675825814,Safe,Shaniwar Wada,96.54,Good,Normal,10,26,0.008854344102033451,-0.0014935371876134695,2,37,Safe,Restricted
T018,2025-09-08 10:26:30,18.528089533876567,73.86379889904075,High-Risk,Aga Khan Palace,91.83,Good,Normal,10,26,5.3623125751300904e-05,0.011792140782603155,0,-1,Restricted,Restricted
T018,2025-09-08 10:27:00,18.52538256086735,73.85262562694392,High-Risk,Aga Khan Palace,96.17,Lost,Normal,10,27,-0.002706973009217961,-0.011173272096826281,0,-1,Restricted,Restricted
T018,2025-09-08 10:27:30,18.527924094831835,73.84936600453995,Safe,Sinhagad Fort,95.27,Good,Normal,10,27,0.0025415339644858648,-0.0032596224039735944,2,-1,Restricted,Safe
T018,2025-09-08 10:28:00,18.5268187942464,73.84815110491758,Safe,Lal Mahal,93.15,Lost,Normal,10,28,-0.0011053005854364528,-0.0012148996223686481,2,61,Safe,Restricted
T018,2025-09-08 10:28:30,18.518346035927408,73.85125142329498,High-Risk,Shaniwar Wada,91.39,Good,Normal,10,28,-0.00847275831899097,0.003100318377406097,0,-1,Restricted,Restricted
T018,2025-09-08 10:29:00,18.51133092351812,73.85323483962797,Safe,Sinhagad Fort,93.89,Good,Normal,10,29,-0.007015112409288093,0.001983416332990373,2,-1,Restricted,Safe
T018,2025-09-08 10:29:30,18.527548499289995,73.85166682866203,Safe,Sinhagad Fort,91.63,Good,Normal,10,29,0.01621757577187566,-0.0015680109659399477,2,122,Safe,Restricted
T018,2025-09-08 10:30:00,18.51115903708157,73.85043493313819,Safe,Sinhagad Fort,96.74,Good,Normal,10,30,-0.01638946220842641,-0.0012318955238441731,2,-1,Restricted,Restricted
T018,2025-09-08 10:30:30,18.520378014574057,73.8594229099569,High-Risk,Lal Mahal,95.21,Good,Normal,10,30,0.009218977492487568,0.008987976818715993,0,-1,Restricted,Safe
T018,2025-09-08 10:31:00,18.5261061258572,73.8651656242929,Safe,Sinhagad Fort,89.81,Good,Normal,10,31,0.005728111283143988,0.005742714335994492,2,7,Safe,Safe
T018,2025-09-08 10:31:30,18.527819466443606,73.85915323352114,Safe,Pataleshwar Caves,96.39,Good,Normal,10,31,0.0017133405864058204,-0.0060123907717581915,2,21,Safe,Restricted
T018,2025-09-08 10:32:00,18.52953278932624,73.86531504796069,Safe,Shaniwar Wada,96.24,Good,Normal,10,32,0.0017133228826331504,0.006161814439550994,2,-1,Restricted,Restricted
T018,2025-09-08 10:32:30,18.516373087006112,73.85714746870481,Safe,Sinhagad Fort,95.38,Good,Normal,10,32,-0.013159702320127309,-0.008167579255882629,2,-1,Restricted,Safe
T018,2025-09-08 10:33:00,18.51835759855331,73.85487310158139,Safe,Lal Mahal,91.94,Good,Normal,10,33,0.0019845115471994745,-0.0022743671234195517,2,8,Safe,Safe
T018,2025-09-08 10:33:30,18.520600956574786,73.85267989558947,Safe,Sinhagad Fort,92.45,Poor,Normal,10,33,0.002243358021473796,-0.0021932059919151925,2,8,Safe,Restricted
T018,2025-09-08 10:34:00,18.5150834488541,73.84993468739182,Safe,Aga Khan Palace,91.47,Good,Normal,10,34,-0.0055175077206861545,-0.002745208197652005,2,-1,Restricted,Restricted
T018,2025-09-08 10:34:30,18.51659550115664,73.86629829187498,Safe,Shaniwar Wada,88.62,Good,Normal,10,34,0.0015120523025409227,0.016363604483160543,2,-1,Restricted,Restricted
T018,2025-09-08 10:35:00,18.519081904755847,73.85941532627612,Safe,Shaniwar Wada,93.47,Poor,Normal,10,35,0.00248640359920671,-0.006882965598862256,2,-1,Restricted,Restricted
T018,2025-09-08 10:35:30,18.516740080207093,73.85625173771916,High-Risk,Shaniwar Wada,90.12,Good,Normal,10,35,-0.00234182454875409,-0.00316358855695853,0,-1,Restricted,Restricted
T018,2025-09-08 10:36:00,18.52441491516224,73.85866706362286,Safe,Sinhagad Fort,95.77,Poor,Normal,10,36,0.007674834955146537,0.0024153259036978625,2,-1,Restricted,Restricted
T018,2025-09-08 10:36:30,18.51300482496283,73.85694132860228,Safe,Sinhagad Fort,87.87,Lost,Normal,10,36,-0.011410090199408529,-0.0017257350205852617,2,-1,Restricted,Restricted
T018,2025-09-08 10:37:00,18.51258408678113,73.8565748188534,Safe,Pataleshwar Caves,93.44,Poor,Normal,10,37,-0.000420738181702518,-0.0003665097488720903,2,-1,Restricted,Restricted
T018,2025-09-08 10:37:30,18.5257964775207,73.8548736581759,High-Risk,Aga Khan Palace,92.16,Poor,Normal,10,37,0.013212390739571589,-0.0017011606774985921,0,-1,Restricted,Restricted
T018,2025-09-08 10:38:00,18.5166245119196,73.86407653170076,Safe,Shaniwar Wada,94.68,Good,Normal,10,38,-0.009171965601101562,0.009202873524856159,2,-1,Restricted,Restricted
T018,2025-09-08 10:38:30,18.52689550420661,73.86076230629598,Safe,Shaniwar Wada,91.83,Good,Normal,10,38,0.010270992287011893,-0.003314225404778881,2,-1,Restricted,Restricted
T018,2025-09-08 10:39:00,18.513520696319095,73.8568187172651,High-Risk,Sinhagad Fort,94.42,Good,Normal,10,39,-0.013374807887515772,-0.003943589030882322,0,-1,Restricted,Restricted
T018,2025-09-08 10:39:30,18.511688504137283,73.8587597686905,Safe,Sinhagad Fort,85.13,Good,Normal,10,39,-0.0018321921818120757,0.001941051425404794,2,-1,Restricted,Safe
T018,2025-09-08 10:40:00,18.512745374717223,73.86236571425286,Safe,Aga Khan Palace,84.83,Good,Normal,10,40,0.0010568705799407496,0.003605945562355828,2,10,Safe,Restricted
T018,2025-09-08 10:40:30,18.511391065663343,73.8653433008642,Safe,Pataleshwar Caves,84.21,Good,Normal,10,40,-0.0013543090538803426,0.0029775866113368465,2,-1,Restricted,Restricted
T018,2025-09-08 10:41:00,18.529291030933617,73.84892030075478,Safe,Pataleshwar Caves,92.6,Good,Normal,10,41,0.017899965270274265,-0.016423000109412556,2,-1,Restricted,Restricted
T018,2025-09-08 10:41:30,18.51837415755616,73.85219687777578,Safe,Aga Khan Palace,89.44,Poor,Normal,10,41,-0.010916873377457392,0.0032765770209977063,2,-1,Restricted,Safe
T018,2025-09-08 10:42:00,18.514468240265664,73.86030091004162,Safe,Lal Mahal,94.8,Lost,Normal,10,42,-0.0039059172904956085,0.008104032265833894,2,65,Safe,Safe
T018,2025-09-08 10:42:30,18.51320755979212,73.85510099501084,Safe,Aga Khan Palace,86.5,Good,Normal,10,42,-0.0012606804735426635,-0.0051999150307722175,2,66,Safe,Restricted
T018,2025-09-08 10:43:00,18.530130601983277,73.85920109365497,Safe,Shaniwar Wada,88.63,Good,Normal,10,43,0.0169230421911557,0.004100098644130412,2,-1,Restricted,Restricted
T018,2025-09-08 10:43:30,18.522225249362787,73.86392846380775,Safe,Lal Mahal,93.16,Poor,Normal,10,43,-0.007905352620490191,0.004727370152778576,2,-1,Restricted,Restricted
T018,2025-09-08 10:44:00,18.52538073095549,73.85852717563507,Safe,Lal Mahal,95.35,Poor,Normal,10,44,0.003155481592703069,-0.0054012881726777096,2,-1,Restricted,Safe
T018,2025-09-08 10:44:30,18.517321058788973,73.85360849230781,Safe,Lal Mahal,84.93,Good,Normal,10,44,-0.008059672166517373,-0.0049186833272614194,2,128,Safe,Restricted
T018,2025-09-08 10:45:00,18.52566350986429,73.8521688122312,High-Risk,Sinhagad Fort,92.17,Poor,Normal,10,45,0.00834245107531828,-0.0014396800766149909,0,-1,Restricted,Safe
T018,2025-09-08 10:45:30,18.526452241313656,73.8555061324206,Safe,Sinhagad Fort,92.02,Poor,Normal,10,45,0.0007887314493650877,0.0033373201894022486,2,129,Safe,Restricted
T018,2025-09-08 10:46:00,18.515892858686307,73.86460301229825,Restricted,Shaniwar Wada,86.01,Lost,Normal,10,46,-0.010559382627349123,0.009096879877645847,1,-1,Restricted,Restricted
T018,2025-09-08 10:46:30,18.519937947453407,73.86519237271897,High-Risk,Sinhagad Fort,92.0,Good,Normal,10,46,0.004045088767099969,0.0005893604207187764,0,-1,Restricted,Restricted
T018,2025-09-08 10:47:00,18.52862141861723,73.84922424492423,High-Risk,Shaniwar Wada,93.11,Lost,Normal,10,47,0.008683471163823953,-0.015968127794735665,0,-1,Restricted,Restricted
T018,2025-09-08 10:47:30,18.52245907230585,73.86246112245009,High-Risk,Pataleshwar Caves,85.96,Good,Normal,10,47,-0.006162346311381128,0.013236877525855562,0,-1,Restricted,Restricted
T018,2025-09-08 10:48:00,18.52885170674892,73.86642232943515,Restricted,Shaniwar Wada,89.13,Poor,Normal,10,48,0.006392634443070477,0.0039612069850676335,1,-1,Restricted,Restricted
T018,2025-09-08 10:48:30,18.525596076809133,73.86438999365576,Safe,Sinhagad Fort,85.59,Poor,Normal,10,48,-0.003255629939786786,-0.002032335779389882,2,-1,Restricted,Restricted
T018,2025-09-08 10:49:00,18.52279563007577,73.8506606421598,Restricted,Shaniwar Wada,90.42,Poor,Normal,10,49,-0.0028004467333637706,-0.01372935149596799,1,-1,Restricted,Restricted
T018,2025-09-08 10:49:30,18.52164004180396,73.85197679600465,Safe,Shaniwar Wada,86.24,Lost,Normal,10,49,-0.0011555882718106147,0.0013161538448542842,2,-1,Restricted,Restricted
T018,2025-09-08 10:50:00,18.52755044722228,73.85897014439927,Safe,Shaniwar Wada,91.32,Good,Normal,10,50,0.005910405418319442,0.00699334839461585,2,-1,Restricted,Restricted
T018,2025-09-08 10:50:30,18.526363593129528,73.8545663575122,Safe,Lal Mahal,82.22,Good,Normal,10,50,-0.0011868540927508775,-0.00440378688706744,2,-1,Restricted,High-Risk
T018,2025-09-08 10:51:00,18.52605780595993,73.85306112257126,High-Risk,Pataleshwar Caves,91.67,Poor,Normal,10,51,-0.0003057871695979486,-0.0015052349409359067,0,27,High-Risk,Restricted
T018,2025-09-08 10:51:30,18.524326929949304,73.84973710075909,Safe,Aga Khan Palace,88.09,Good,Normal,10,51,-0.001730876010626048,-0.00332402181217617,2,-1,Restricted,Restricted
T018,2025-09-08 10:52:00,18.52726763543147,73.8491382756731,High-Risk,Aga Khan Palace,83.87,Good,Normal,10,52,0.002940705482167516,-0.0005988250859871869,0,-1,Restricted,Restricted
T018,2025-09-08 10:52:30,18.530350051195832,73.86294429638755,Safe,Aga Khan Palace,83.67,Good,Normal,10,52,0.0030824157643607464,0.013806020714454803,2,-1,Restricted,Restricted
T018,2025-09-08 10:53:00,18.52874192808535,73.85339851587959,Safe,Shaniwar Wada,84.47,Good,Normal,10,53,-0.001608123110482751,-0.009545780507963286,2,-1,Restricted,Restricted
T018,2025-09-08 10:53:30,18.511383443516088,73.86259254664222,Safe,Aga Khan Palace,93.22,Good,Normal,10,53,-0.017358484569260924,0.009194030762628813,2,-1,Restricted,Restricted
T018,2025-09-08 10:54:00,18.52337486618137,73.86093175383873,Restricted,Lal Mahal,90.2,Poor,Normal,10,54,0.011991422665282414,-0.0016607928034915176,1,-1,Restricted,Restricted
T018,2025-09-08 10:54:30,18.523941570135424,73.85124460671975,High-Risk,Shaniwar Wada,91.54,Poor,Normal,10,54,0.0005667039540533381,-0.009687147118981443,0,-1,Restricted,Restricted
T018,2025-09-08 10:55:00,18.52063073656081,73.8496308884124,Safe,Lal Mahal,78.21,Poor,Normal,10,55,-0.003310833574612815,-0.0016137183073396955,2,-1,Restricted,Restricted
T018,2025-09-08 10:55:30,18.518739346255757,73.84854012510425,High-Risk,Shaniwar Wada,93.45,Good,Normal,10,55,-0.0018913903050545855,-0.0010907633081558288,0,-1,Restricted,Restricted
T018,2025-09-08 10:56:00,18.528018941082564,73.86068043958129,High-Risk,Lal Mahal,81.78,Good,Normal,10,56,0.009279594826807624,0.012140314477036895,0,-1,Restricted,Restricted
T018,2025-09-08 10:56:30,18.52222377952418,73.85614028176786,Safe,Lal Mahal,88.99,Good,Normal,10,56,-0.005795161558385331,-0.004540157813423207,2,-1,Restricted,Restricted
T018,2025-09-08 10:57:00,18.52848808079828,73.85483497737175,Safe,Shaniwar Wada,94.26,Good,Normal,10,57,0.006264301274100603,-0.0013053043961122057,2,-1,Restricted,Restricted
T018,2025-09-08 10:57:30,18.515333895056163,73.85583705587496,Safe,Aga Khan Palace,86.34,Good,Normal,10,57,-0.013154185742116908,0.0010020785032054391,2,-1,Restricted,Restricted
T018,2025-09-08 10:58:00,18.51139660159398,73.85899581542354,Safe,Sinhagad Fort,80.77,Poor,Normal,10,58,-0.003937293462183078,0.0031587595485831343,2,-1,Restricted,Restricted
T018,2025-09-08 10:58:30,18.521114206397705,73.84866493625759,Safe,Aga Khan Palace,82.9,Lost,Normal,10,58,0.009717604803725521,-0.010330879165948659,2,-1,Restricted,Restricted
T018,2025-09-08 10:59:00,18.527124973939536,73.85496096797847,Safe,Lal Mahal,85.75,Lost,Normal,10,59,0.00601076754183083,0.006296031720879114,2,-1,Restricted,Restricted
T018,2025-09-08 10:59:30,18.52859587512697,73.85031417517817,High-Risk,Sinhagad Fort,80.0,Lost,Normal,10,59,0.001470901187435203,-0.004646792800301114,0,-1,Restricted,Restricted
T018,2025-09-08 11:00:00,18.53001816745289,73.85643757141426,Safe,Shaniwar Wada,88.12,Good,Normal,11,0,0.0014222923259197273,0.006123396236091594,2,-1,Restricted,Restricted
T018,2025-09-08 11:00:30,18.51946343969464,73.85800774511526,High-Risk,Lal Mahal,91.59,Good,Normal,11,0,-0.010554727758250948,0.0015701737009976569,0,-1,Restricted,Restricted
T018,2025-09-08 11:01:00,18.51672735980935,73.8665227616583,Restricted,Pataleshwar Caves,81.36,Good,Normal,11,1,-0.002736079885288234,0.00851501654304343,1,-1,Restricted,Restricted
T018,2025-09-08 11:01:30,18.521954339882377,73.86392082940618,Safe,Shaniwar Wada,92.32,Poor,Normal,11,1,0.0052269800730258,-0.0026019322521193544,2,-1,Restricted,Restricted
T018,2025-09-08 11:02:00,18.52613671224506,73.85330499125517,Safe,Sinhagad Fort,77.31,Good,Normal,11,2,0.004182372362681264,-0.010615838151011303,2,-1,Restricted,Restricted
T018,2025-09-08 11:02:30,18.52158488138757,73.85480634524545,Safe,Aga Khan Palace,82.7,Good,Normal,11,2,-0.004551830857487005,0.0015013539902781758,2,-1,Restricted,Restricted
T018,2025-09-08 11:03:00,18.52760205993787,73.85554038106203,Safe,Shaniwar Wada,78.13,Good,Normal,11,3,0.006017178550298041,0.0007340358165777161,2,-1,Restricted,Restricted
T018,2025-09-08 11:03:30,18.519053047266915,73.8642514044779,Safe,Sinhagad Fort,84.65,Good,Normal,11,3,-0.008549012670954426,0.008711023415870045,2,-1,Restricted,Safe
T018,2025-09-08 11:04:00,18.51252089531241,73.8478978275225,Safe,Aga Khan Palace,85.67,Good,Normal,11,4,-0.006532151954505849,-0.016353576955395965,2,29,Safe,Restricted
T018,2025-09-08 11:04:30,18.513639981879415,73.8594287582498,Restricted,Pataleshwar Caves,82.69,Good,Normal,11,4,0.001119086567005212,0.011530930727303712,1,-1,Restricted,Restricted
T018,2025-09-08 11:05:00,18.52744060660099,73.84822613897542,High-Risk,Shaniwar Wada,91.78,Good,Normal,11,5,0.013800624721575616,-0.011202619274385484,0,-1,Restricted,Restricted
T018,2025-09-08 11:05:30,18.520016529210267,73.84911671804623,Safe,Sinhagad Fort,80.09,Good,Normal,11,5,-0.0074240773907234825,0.0008905790708126915,2,-1,Restricted,Restricted
T018,2025-09-08 11:06:00,18.512118305763074,73.85399035288071,Safe,Lal Mahal,91.06,Good,Normal,11,6,-0.007898223447192265,0.004873634834481777,2,-1,Restricted,Restricted
T018,2025-09-08 11:06:30,18.523920277012845,73.85405551909791,Safe,Sinhagad Fort,73.89,Good,Normal,11,6,0.01180197124977056,6.516621719754312e-05,2,-1,Restricted,Restricted
T018,2025-09-08 11:07:00,18.521708295481456,73.84774927300006,Safe,Aga Khan Palace,82.23,Good,Normal,11,7,-0.002211981531388574,-0.006306246097850021,2,-1,Restricted,Restricted
T018,2025-09-08 11:07:30,18.52318534916328,73.86439969876241,Restricted,Lal Mahal,81.28,Good,Normal,11,7,0.0014770536818247137,0.016650425762350096,1,-1,Restricted,Restricted
T018,2025-09-08 11:08:00,18.517100569628,73.85567928703567,Safe,Aga Khan Palace,79.0,Good,Normal,11,8,-0.006084779535282081,-0.008720411726741872,2,-1,Restricted,Restricted
T018,2025-09-08 11:08:30,18.520624061177564,73.85405967992546,Safe,Sinhagad Fort,73.61,Poor,Normal,11,8,0.0035234915495649943,-0.0016196071102143605,2,-1,Restricted,Restricted
T018,2025-09-08 11:09:00,18.519625564883505,73.85153085769478,Restricted,Shaniwar Wada,84.23,Lost,Normal,11,9,-0.0009984962940592368,-0.002528822230672745,1,-1,Restricted,Restricted
T018,2025-09-08 11:09:30,18.521435243255908,73.85102681497877,Safe,Lal Mahal,74.93,Good,Normal,11,9,0.0018096783724033116,-0.0005040427160167837,2,-1,Restricted,Restricted
T018,2025-09-08 11:10:00,18.51853267848496,73.85998596019898,Safe,Aga Khan Palace,88.61,Good,Normal,11,10,-0.0029025647709488567,0.008959145220217124,2,-1,Restricted,Restricted
T018,2025-09-08 11:10:30,18.516285524380955,73.85858412212173,High-Risk,Sinhagad Fort,86.27,Good,Normal,11,10,-0.0022471541040047782,-0.0014018380772569117,0,-1,Restricted,Restricted
T018,2025-09-08 11:11:00,18.522942636605578,73.85797288839937,High-Risk,Pataleshwar Caves,91.93,Good,Normal,11,11,0.006657112224623063,-0.000611233722352722,0,-1,Restricted,Restricted
T018,2025-09-08 11:11:30,18.52963675541938,73.8474396312834,Safe,Lal Mahal,84.63,Lost,Normal,11,11,0.006694118813800998,-0.010533257115980632,2,-1,Restricted,Restricted
T018,2025-09-08 11:12:00,18.524813839281965,73.8638140566895,High-Risk,Sinhagad Fort,92.68,Good,Normal,11,12,-0.004822916137413813,0.01637442540611289,0,-1,Restricted,Restricted
T018,2025-09-08 11:12:30,18.51223772076674,73.85992693031226,Safe,Shaniwar Wada,82.06,Poor,Normal,11,12,-0.012576118515223556,-0.003887126377250638,2,-1,Restricted,Restricted
T018,2025-09-08 11:13:00,18.515374694555472,73.85290307530131,Restricted,Aga Khan Palace,84.38,Good,Normal,11,13,0.0031369737887310123,-0.00702385501094227,1,-1,Restricted,Restricted
T018,2025-09-08 11:13:30,18.518214465512568,73.86636123079624,Safe,Lal Mahal,72.92,Good,Normal,11,13,0.002839770957095311,0.01345815549493068,2,-1,Restricted,Restricted
T018,2025-09-08 11:14:00,18.51277478819664,73.85877312476451,Safe,Lal Mahal,87.77,Good,Normal,11,14,-0.005439677315926872,-0.0075881060317328775,2,-1,Restricted,Restricted
T018,2025-09-08 11:14:30,18.529360322605413,73.85463534281432,Safe,Pataleshwar Caves,86.4,Poor,Normal,11,14,0.016585534408772418,-0.004137781950191766,2,-1,Restricted,Restricted
T018,2025-09-08 11:15:00,18.52491359624153,73.86371998552555,Safe,Sinhagad Fort,80.58,Poor,Normal,11,15,-0.0044467263638843235,0.009084642711229662,2,-1,Restricted,Restricted
T018,2025-09-08 11:15:30,18.51610720597836,73.8486621777256,Restricted,Pataleshwar Caves,89.37,Good,Normal,11,15,-0.00880639026316743,-0.015057807799948364,1,-1,Restricted,Safe
T019,2025-09-08 10:00:00,18.520906739414816,73.84901399401163,Safe,Pataleshwar Caves,100.0,Good,Normal,10,0,0.00479953343645434,0.00035181628602742876,2,117,Safe,Restricted
T019,2025-09-08 10:00:30,18.5196921496619,73.86340801647876,Restricted,Lal Mahal,99.82,Poor,Normal,10,0,-0.0012145897529158844,0.01439402246712973,1,-1,Restricted,Safe
T019,2025-09-08 10:01:00,18.52567787083518,73.85478430484719,Safe,Lal Mahal,99.85,Good,Normal,10,1,0.005985721173281888,-0.008623711631571496,2,88,Safe,Restricted
T019,2025-09-08 10:01:30,18.5151886928909,73.85538092543649,Safe,Shaniwar Wada,99.69,Good,Normal,10,1,-0.010489177944283057,0.000596620589305985,2,-1,Restricted,Safe
T019,2025-09-08 10:02:00,18.511609628794552,73.85034932230411,Safe,Pataleshwar Caves,99.27,Good,Normal,10,2,-0.0035790640963462295,-0.005031603132380269,2,130,Safe,Restricted
T019,2025-09-08 10:02:30,18.52220987949178,73.85414788172872,Safe,Sinhagad Fort,99.6,Good,Normal,10,2,0.010600250697226699,0.0037985594246094934,2,-1,Restricted,Restricted
T019,2025-09-08 10:03:00,18.510543946167505,73.85852389865357,Safe,Shaniwar Wada,99.66,Poor,Normal,10,3,-0.01166593332427368,0.004376016924851456,2,-1,Restricted,Restricted
T019,2025-09-08 10:03:30,18.527771725877837,73.86523906923304,Safe,Lal Mahal,99.17,Good,Normal,10,3,0.01722777971033196,0.006715170579468577,2,-1,Restricted,Restricted
T019,2025-09-08 10:04:00,18.512703653145312,73.85000938540387,High-Risk,Lal Mahal,99.16,Good,Normal,10,4,-0.015068072732525195,-0.01522968382917611,0,-1,Restricted,Restricted
T019,2025-09-08 10:04:30,18.52030179554608,73.86356770645939,Restricted,Pataleshwar Caves,98.89,Good,Normal,10,4,0.0075981424007665055,0.01355832105552679,1,-1,Restricted,Safe
T019,2025-09-08 10:05:00,18.523563800057826,73.85164403317785,Safe,Shaniwar Wada,98.04,Good,Normal,10,5,0.003262004511746852,-0.011923673281543756,2,76,Safe,Safe
T019,2025-09-08 10:05:30,18.51918568324206,73.85706444308158,Safe,Aga Khan Palace,99.14,Good,Normal,10,5,-0.004378116815765054,0.005420409903734935,2,1,Safe,Restricted
T019,2025-09-08 10:06:00,18.521659855453574,73.86097404391938,Restricted,Shaniwar Wada,99.25,Good,Normal,10,6,0.002474172211513803,0.003909600837801008,1,-1,Restricted,Restricted
T019,2025-09-08 10:06:30,18.52318431415061,73.85668948206629,High-Risk,Aga Khan Palace,98.66,Good,Normal,10,6,0.0015244586970339924,-0.004284561853097557,0,-1,Restricted,Restricted
T019,2025-09-08 10:07:00,18.51651712446879,73.8653873851419,Safe,Pataleshwar Caves,97.45,Good,Normal,10,7,-0.006667189681817121,0.008697903075614022,2,-1,Restricted,Safe
T019,2025-09-08 10:07:30,18.52523735091953,73.85373325185724,Safe,Pataleshwar Caves,97.08,Poor,Normal,10,7,0.008720226450737556,-0.011654133284665136,2,88,Safe,Safe
T019,2025-09-08 10:08:00,18.524731367579182,73.86385303572615,Safe,Sinhagad Fort,98.01,Good,Normal,10,8,-0.0005059833403464609,0.010119783868915988,2,51,Safe,Safe
T019,2025-09-08 10:08:30,18.53025749629624,73.85360092457955,Safe,Sinhagad Fort,98.23,Good,Normal,10,8,0.005526128717058043,-0.010252111146598963,2,88,Safe,Restricted
T019,2025-09-08 10:09:00,18.513945544037192,73.84785311939683,Safe,Shaniwar Wada,98.66,Poor,Normal,10,9,-0.016311952259048468,-0.005747805182721777,2,-1,Restricted,Restricted
T019,2025-09-08 10:09:30,18.523758722548635,73.86448716950821,High-Risk,Pataleshwar Caves,97.0,Lost,Normal,10,9,0.009813178511443255,0.016634050111377974,0,-1,Restricted,Safe
T019,2025-09-08 10:10:00,18.524611027199114,73.8600280956285,Safe,Lal Mahal,96.9,Poor,Normal,10,10,0.000852304650479141,-0.004459073879715447,2,35,Safe,Restricted
T019,2025-09-08 10:10:30,18.524800602571272,73.857063919422,Safe,Shaniwar Wada,95.97,Good,Normal,10,10,0.00018957537215769094,-0.0029641762064898103,2,-1,Restricted,Restricted
T019,2025-09-08 10:11:00,18.52488830798454,73.85947088267307,Safe,Aga Khan Palace,96.61,Good,Normal,10,11,8.770541326796888e-05,0.002406963251061711,2,-1,Restricted,Safe
T019,2025-09-08 10:11:30,18.519594886393737,73.85548441377738,Safe,Aga Khan Palace,97.53,Good,Normal,10,11,-0.005293421590803149,-0.003986468895689654,2,18,Safe,Restricted
T019,2025-09-08 10:12:00,18.52165596094898,73.85750328628222,Safe,Lal Mahal,96.71,Good,Normal,10,12,0.002061074555243181,0.0020188725048484457,2,-1,Restricted,Safe
T019,2025-09-08 10:12:30,18.516830126336316,73.85453733564233,Safe,Lal Mahal,95.8,Poor,Normal,10,12,-0.004825834612663726,-0.002965950639890025,2,18,Safe,Safe
T019,2025-09-08 10:13:00,18.52220388614702,73.85036849047904,Safe,Aga Khan Palace,96.01,Good,Normal,10,13,0.005373759810705536,-0.00416884516329219,2,71,Safe,Safe
T019,2025-09-08 10:13:30,18.520138997854183,73.85857807087157,Safe,Lal Mahal,97.93,Poor,Normal,10,13,-0.0020648882928391288,0.00820958039253128,2,81,Safe,Restricted
T019,2025-09-08 10:14:00,18.53021184855672,73.86084350663882,High-Risk,Shaniwar Wada,95.88,Poor,Normal,10,14,0.010072850702538716,0.002265435767242252,0,-1,Restricted,Safe
T019,2025-09-08 10:14:30,18.5295504454135,73.85093506228539,Safe,Sinhagad Fort,95.57,Good,Normal,10,14,-0.0006614031432228273,-0.00990844435342808,2,79,Safe,Safe
T019,2025-09-08 10:15:00,18.52530900378147,73.85059627056421,Safe,Sinhagad Fort,96.79,Good,Normal,10,15,-0.004241441632029108,-0.0003387917211767899,2,61,Safe,Safe
T019,2025-09-08 10:15:30,18.52374696213844,73.85778105504937,Safe,Pataleshwar Caves,95.37,Poor,Normal,10,15,-0.0015620416430301987,0.007184784485161799,2,81,Safe,Safe
T019,2025-09-08 10:16:00,18.526054775337787,73.8569459753953,Safe,Pataleshwar Caves,93.95,Lost,Normal,10,16,0.002307813199347919,-0.0008350796540668171,2,112,Safe,Safe
T019,2025-09-08 10:16:30,18.52074355787142,73.85516732538179,Safe,Lal Mahal,97.52,Good,Normal,10,16,-0.005311217466367424,-0.0017786500135201777,2,18,Safe,Safe
T019,2025-09-08 10:17:00,18.52969309352002,73.85816939911933,Safe,Lal Mahal,97.98,Good,Normal,10,17,0.00894953564860046,0.0030020737375480167,2,131,Safe,Restricted
T019,2025-09-08 10:17:30,18.52270488304844,73.86042432482141,Safe,Lal Mahal,98.01,Good,Normal,10,17,-0.006988210471579492,0.0022549257020756386,2,-1,Restricted,Restricted
T019,2025-09-08 10:18:00,18.527682337842982,73.85826073616748,Safe,Shaniwar Wada,96.65,Poor,Normal,10,18,0.0049774547945418135,-0.0021635886539286275,2,-1,Restricted,Safe
T019,2025-09-08 10:18:30,18.52980686856443,73.86320159134159,Safe,Aga Khan Palace,95.95,Good,Normal,10,18,0.002124530721449247,0.004940855174112357,2,36,Safe,Restricted
T019,2025-09-08 10:19:00,18.51347733211953,73.86535371840382,High-Risk,Shaniwar Wada,96.2,Good,Normal,10,19,-0.016329536444903425,0.002152127062231557,0,-1,Restricted,Restricted
T019,2025-09-08 10:19:30,18.529579675698432,73.86622351104164,Safe,Sinhagad Fort,92.5,Poor,Normal,10,19,0.016102343578904055,0.0008697926378147258,2,-1,Restricted,Restricted
T019,2025-09-08 10:20:00,18.52838707587455,73.85968488080555,Safe,Sinhagad Fort,97.39,Good,Normal,10,20,-0.0011925998238808688,-0.006538630236093468,2,-1,Restricted,Restricted
T019,2025-09-08 10:20:30,18.511275993350083,73.86538889931354,High-Risk,Lal Mahal,93.79,Good,Normal,10,20,-0.017111082524468912,0.0057040185079983985,0,-1,Restricted,Safe
T019,2025-09-08 10:21:00,18.516489051818176,73.86588110559359,Safe,Pataleshwar Caves,96.75,Good,Normal,10,21,0.005213058468093834,0.0004922062800432059,2,90,Safe,Restricted
T019,2025-09-08 10:21:30,18.525788767331345,73.8632470908467,Safe,Shaniwar Wada,97.24,Good,Normal,10,21,0.009299715513169104,-0.0026340147468886244,2,-1,Restricted,Restricted
T019,2025-09-08 10:22:00,18.5148365076322,73.85856457878074,High-Risk,Aga Khan Palace,94.15,Lost,Normal,10,22,-0.010952259699145372,-0.004682512065954825,0,-1,Restricted,Restricted
T019,2025-09-08 10:22:30,18.52933340782659,73.85036893509863,Safe,Aga Khan Palace,91.98,Good,Normal,10,22,0.014496900194391316,-0.00819564368211445,2,-1,Restricted,Safe
T019,2025-09-08 10:23:00,18.52249568814581,73.85243203756623,Safe,Shaniwar Wada,92.34,Lost,Normal,10,23,-0.006837719680781618,0.002063102467602107,2,99,Safe,Safe
T019,2025-09-08 10:23:30,18.528474800391525,73.85281939044458,Safe,Pataleshwar Caves,94.91,Good,Normal,10,23,0.0059791122457149015,0.00038735287834867904,2,37,Safe,Restricted
T019,2025-09-08 10:24:00,18.52904837310612,73.85224666374467,High-Risk,Lal Mahal,93.41,Good,Normal,10,24,0.0005735727145967928,-0.0005727266999144831,0,-1,Restricted,Safe
T019,2025-09-08 10:24:30,18.52301377683348,73.86646838962035,Safe,Lal Mahal,90.55,Good,Normal,10,24,-0.006034596272641579,0.01422172587568582,2,100,Safe,Restricted
T019,2025-09-08 10:25:00,18.51444895855957,73.84798730596148,Safe,Sinhagad Fort,94.34,Good,Normal,10,25,-0.008564818273910646,-0.01848108365886958,2,-1,Restricted,Restricted
T019,2025-09-08 10:25:30,18.521633727880896,73.86273927995441,Safe,Pataleshwar Caves,95.3,Poor,Normal,10,25,0.007184769321327167,0.01475197399292938,2,-1,Restricted,Restricted
T019,2025-09-08 10:26:00,18.517578644583075,73.86036775943383,Safe,Pataleshwar Caves,94.94,Good,Normal,10,26,-0.004055083297821227,-0.0023715205205832035,2,-1,Restricted,Safe
T019,2025-09-08 10:26:30,18.516941698534843,73.86276698480115,Safe,Sinhagad Fort,96.67,Good,Normal,10,26,-0.0006369460482318345,0.0023992253673270625,2,4,Safe,Safe
T019,2025-09-08 10:27:00,18.52335917200365,73.86185081533253,Safe,Pataleshwar Caves,93.96,Good,Normal,10,27,0.006417473468808055,-0.0009161694686241617,2,63,Safe,Restricted
T019,2025-09-08 10:27:30,18.528726532848783,73.85184386147496,Safe,Lal Mahal,95.64,Good,Normal,10,27,0.0053673608451312305,-0.010006953857569556,2,-1,Restricted,Restricted
T019,2025-09-08 10:28:00,18.52535723789205,73.85462078495638,High-Risk,Aga Khan Palace,93.42,Good,Normal,10,28,-0.0033692949567338815,0.0027769234814201127,0,-1,Restricted,Safe
T019,2025-09-08 10:28:30,18.52309000311596,73.8640798447265,Safe,Shaniwar Wada,95.59,Good,Normal,10,28,-0.002267234776088145,0.009459059770122735,2,72,Safe,Restricted
T019,2025-09-08 10:29:00,18.5291890177445,73.85922215386404,Safe,Sinhagad Fort,96.38,Good,Normal,10,29,0.006099014628539123,-0.004857690862465347,2,-1,Restricted,Restricted
T019,2025-09-08 10:29:30,18.51121407165787,73.85129376877545,Safe,Sinhagad Fort,94.34,Good,Normal,10,29,-0.017974946086628307,-0.007928385088590062,2,-1,Restricted,Safe
T019,2025-09-08 10:30:00,18.512258526458197,73.86420688914612,Safe,Pataleshwar Caves,91.51,Good,Normal,10,30,0.001044454800325667,0.012913120370669162,2,113,Safe,Restricted
T019,2025-09-08 10:30:30,18.516463961153335,73.86156266095733,Safe,Pataleshwar Caves,90.95,Good,Normal,10,30,0.0042054346951374555,-0.0026442281887852914,2,-1,Restricted,Restricted
T019,2025-09-08 10:31:00,18.525477827835605,73.86093121868741,Safe,Pataleshwar Caves,93.77,Good,Normal,10,31,0.009013866682270333,-0.0006314422699205124,2,-1,Restricted,Safe
T019,2025-09-08 10:31:30,18.526421133409293,73.85986720682189,Safe,Sinhagad Fort,87.64,Lost,Normal,10,31,0.000943305573688491,-0.0010640118655231845,2,21,Safe,Safe
T019,2025-09-08 10:32:00,18.529909197935883,73.86139196281704,Safe,Shaniwar Wada,96.52,Lost,Normal,10,32,0.0034880645265893406,0.0015247559951490075,2,119,Safe,Safe
T019,2025-09-08 10:32:30,18.529788965280005,73.8625170947869,Safe,Sinhagad Fort,89.2,Lost,Normal,10,32,-0.00012023265587757237,0.001125131969857307,2,119,Safe,Restricted
T019,2025-09-08 10:33:00,18.52410037262357,73.86475398737655,Safe,Pataleshwar Caves,88.34,Poor,Normal,10,33,-0.005688592656436953,0.002236892589650097,2,-1,Restricted,Restricted
T019,2025-09-08 10:33:30,18.51522581685578,73.84764456969727,Safe,Aga Khan Palace,92.08,Lost,Normal,10,33,-0.008874555767789616,-0.017109417679279204,2,-1,Restricted,Safe
T019,2025-09-08 10:34:00,18.518699360555253,73.8547063019218,Safe,Lal Mahal,87.53,Good,Normal,10,34,0.0034735436994743907,0.007061732224528328,2,132,Safe,Restricted
T019,2025-09-08 10:34:30,18.517261426632786,73.84721676021776,Safe,Sinhagad Fort,92.82,Good,Normal,10,34,-0.0014379339224674936,-0.007489541704032376,2,-1,Restricted,Safe
T019,2025-09-08 10:35:00,18.51888217650603,73.8525070901194,Safe,Shaniwar Wada,95.26,Lost,Normal,10,35,0.0016207498732434544,0.005290329901640689,2,132,Safe,Safe
T019,2025-09-08 10:35:30,18.51325950187511,73.85681700277253,Safe,Pataleshwar Caves,95.22,Good,Normal,10,35,-0.005622674630920699,0.004309912653127412,2,65,Safe,Restricted
T019,2025-09-08 10:36:00,18.520839288011828,73.84792816657631,Safe,Shaniwar Wada,88.66,Poor,Normal,10,36,0.007579786136719946,-0.008888836196220495,2,-1,Restricted,Restricted
T019,2025-09-08 10:36:30,18.52802032254842,73.85203431733144,Safe,Lal Mahal,95.45,Good,Normal,10,36,0.007181034536593245,0.004106150755134763,2,-1,Restricted,Safe
T019,2025-09-08 10:37:00,18.51903452985625,73.86022150268768,Safe,Shaniwar Wada,89.11,Lost,Normal,10,37,-0.008985792692172367,0.00818718535623475,2,116,Safe,Restricted
T019,2025-09-08 10:37:30,18.52681739702116,73.85831001251093,High-Risk,Pataleshwar Caves,89.87,Good,Normal,10,37,0.007782867164909391,-0.0019114901767522952,0,-1,Restricted,Safe
T019,2025-09-08 10:38:00,18.51759966428081,73.85646232583441,Safe,Shaniwar Wada,88.7,Good,Normal,10,38,-0.00921773274034976,-0.0018476866765126942,2,73,Safe,Restricted
T019,2025-09-08 10:38:30,18.513543973895505,73.86111264375259,High-Risk,Sinhagad Fort,93.1,Good,Normal,10,38,-0.004055690385303734,0.004650317918176938,0,-1,Restricted,Restricted
T019,2025-09-08 10:39:00,18.522749935465477,73.85354551060868,Safe,Aga Khan Palace,90.33,Good,Normal,10,39,0.009205961569971777,-0.007567133143908222,2,-1,Restricted,Restricted
T019,2025-09-08 10:39:30,18.529311178433936,73.86550781709096,Safe,Pataleshwar Caves,87.56,Good,Normal,10,39,0.006561242968459169,0.011962306482274698,2,-1,Restricted,Restricted
T019,2025-09-08 10:40:00,18.518239694363476,73.85100560897283,High-Risk,Aga Khan Palace,87.17,Good,Normal,10,40,-0.011071484070459547,-0.014502208118130966,0,-1,Restricted,Safe
T019,2025-09-08 10:40:30,18.513541314963003,73.85646843031866,Safe,Lal Mahal,95.56,Good,Normal,10,40,-0.004698379400473129,0.005462821345830093,2,65,Safe,Safe
T019,2025-09-08 10:41:00,18.517717830535524,73.86089122832301,Safe,Lal Mahal,87.43,Lost,Normal,10,41,0.004176515572520856,0.004422798004355855,2,12,Safe,Safe
T019,2025-09-08 10:41:30,18.51431059905789,73.85491787912781,Safe,Pataleshwar Caves,89.04,Lost,Normal,10,41,-0.0034072314776345536,-0.005973349195201649,2,66,Safe,Safe
T019,2025-09-08 10:42:00,18.52933742776388,73.85614061621227,Safe,Sinhagad Fort,89.14,Poor,Normal,10,42,0.01502682870599159,0.0012227370844613006,2,11,Safe,Restricted
T019,2025-09-08 10:42:30,18.5211573796983,73.84679539496204,Safe,Shaniwar Wada,86.53,Good,Normal,10,42,-0.008180048065582923,-0.00934522125022852,2,-1,Restricted,Restricted
T019,2025-09-08 10:43:00,18.527396201767,73.86345490108633,Safe,Aga Khan Palace,83.02,Good,Normal,10,43,0.006238822068702632,0.016659506124284462,2,-1,Restricted,Restricted
T019,2025-09-08 10:43:30,18.51905899513701,73.86636126244962,High-Risk,Pataleshwar Caves,89.69,Good,Normal,10,43,-0.008337206629992266,0.0029063613632871466,0,-1,Restricted,Restricted
T019,2025-09-08 10:44:00,18.51968094186041,73.84998854678376,High-Risk,Pataleshwar Caves,86.53,Lost,Normal,10,44,0.0006219467234025444,-0.01637271566585241,0,-1,Restricted,Restricted
T019,2025-09-08 10:44:30,18.511306278987224,73.85254507847877,High-Risk,Sinhagad Fort,88.92,Poor,Normal,10,44,-0.008374662873187333,0.00255653169500647,0,-1,Restricted,Restricted
T019,2025-09-08 10:45:00,18.51987129052603,73.84906511278542,High-Risk,Lal Mahal,83.63,Poor,Normal,10,45,0.008565011538806289,-0.003479965693344411,0,-1,Restricted,Restricted
T019,2025-09-08 10:45:30,18.511394549778963,73.86310449470174,High-Risk,Shaniwar Wada,82.99,Good,Normal,10,45,-0.008476740747067169,0.014039381916319371,0,-1,Restricted,Restricted
T019,2025-09-08 10:46:00,18.51927955554829,73.86229869012952,Safe,Aga Khan Palace,93.89,Good,Normal,10,46,0.007885005769328046,-0.0008058045722236784,2,-1,Restricted,Restricted
T019,2025-09-08 10:46:30,18.52973461576762,73.85228208477783,Safe,Pataleshwar Caves,91.51,Good,Normal,10,46,0.010455060219328516,-0.010016605351694352,2,-1,Restricted,Restricted
T019,2025-09-08 10:47:00,18.5284697156169,73.854559400571,High-Risk,Aga Khan Palace,81.31,Good,Normal,10,47,-0.0012649001507192281,0.0022773157931794685,0,-1,Restricted,Restricted
T019,2025-09-08 10:47:30,18.52826533385045,73.85380291587381,Safe,Sinhagad Fort,81.37,Poor,Normal,10,47,-0.00020438176645143358,-0.000756484697191695,2,-1,Restricted,Restricted
T019,2025-09-08 10:48:00,18.5262160399264,73.84861176822925,Restricted,Shaniwar Wada,94.6,Good,Normal,10,48,-0.002049293924049067,-0.00519114764456674,1,-1,Restricted,Restricted
T019,2025-09-08 10:48:30,18.52993205415865,73.85764680969469,High-Risk,Lal Mahal,81.29,Good,Normal,10,48,0.0037160142322498757,0.009035041465438098,0,-1,Restricted,Restricted
T019,2025-09-08 10:49:00,18.52633768135218,73.85042087864933,Restricted,Aga Khan Palace,94.01,Good,Normal,10,49,-0.003594372806468016,-0.007225931045354628,1,-1,Restricted,Restricted
T019,2025-09-08 10:49:30,18.520546718659,73.84710467160447,Safe,Aga Khan Palace,85.33,Good,Normal,10,49,-0.005790962693183133,-0.0033162070448611303,2,-1,Restricted,Restricted
T019,2025-09-08 10:50:00,18.519335526395324,73.85798598894662,Safe,Sinhagad Fort,93.11,Good,Normal,10,50,-0.0012111922636748318,0.010881317342153807,2,-1,Restricted,Restricted
T020,2025-09-08 10:00:00,18.510531869043884,73.86335474821477,Safe,Aga Khan Palace,100.0,Good,Normal,10,0,-0.008803657351439398,0.00536875926815128,2,-1,Restricted,Restricted
T020,2025-09-08 10:00:30,18.520880970407863,73.85484405615713,Safe,Pataleshwar Caves,99.94,Good,Normal,10,0,0.010349101363978264,-0.008510692057640767,2,-1,Restricted,Restricted
T020,2025-09-08 10:01:00,18.525253273941303,73.8484643990123,Restricted,Aga Khan Palace,99.62,Poor,Normal,10,1,0.004372303533440203,-0.006379657144833573,1,-1,Restricted,Restricted
T020,2025-09-08 10:01:30,18.510732297167447,73.86556193770353,High-Risk,Pataleshwar Caves,99.44,Good,Normal,10,1,-0.014520976773855665,0.01709753869123176,0,-1,Restricted,Restricted
T020,2025-09-08 10:02:00,18.52714806692411,73.84696942946377,Restricted,Sinhagad Fort,99.79,Good,Normal,10,2,0.016415769756662257,-0.018592508239763106,1,-1,Restricted,Restricted
T020,2025-09-08 10:02:30,18.51754830238602,73.86411166271782,High-Risk,Pataleshwar Caves,99.66,Poor,Normal,10,2,-0.00959976453808764,0.017142233254048733,0,-1,Restricted,Safe
T020,2025-09-08 10:03:00,18.52264738420193,73.8495329317658,Safe,Shaniwar Wada,98.95,Good,Normal,10,3,0.0050990818159100115,-0.014578730952024443,2,0,Safe,Restricted
T020,2025-09-08 10:03:30,18.530378044652014,73.85023162010661,High-Risk,Lal Mahal,99.11,Poor,Normal,10,3,0.007730660450082638,0.000698688340818876,0,-1,Restricted,Restricted
T020,2025-09-08 10:04:00,18.51216088111093,73.86284885713418,Safe,Sinhagad Fort,99.44,Good,Normal,10,4,-0.018217163541084602,0.012617237027569672,2,-1,Restricted,Restricted
T020,2025-09-08 10:04:30,18.525561740465736,73.86345923473044,Safe,Aga Khan Palace,98.54,Good,Normal,10,4,0.013400859354806727,0.0006103775962600366,2,-1,Restricted,Safe
T020,2025-09-08 10:05:00,18.51701916419602,73.85804327759283,Safe,Sinhagad Fort,99.22,Lost,Normal,10,5,-0.008542576269714885,-0.005415957137614669,2,77,Safe,Restricted
T020,2025-09-08 10:05:30,18.520077230712864,73.86179597782537,Safe,Shaniwar Wada,99.24,Lost,Normal,10,5,0.0030580665168429277,0.0037527002325390413,2,-1,Restricted,Restricted
T020,2025-09-08 10:06:00,18.526415909289405,73.85457825160056,High-Risk,Aga Khan Palace,98.98,Poor,Normal,10,6,0.0063386785765402465,-0.007217726224808985,0,-1,Restricted,Safe
T020,2025-09-08 10:06:30,18.517024043046057,73.84764498310356,Safe,Lal Mahal,98.27,Good,Normal,10,6,-0.00939186624334809,-0.006933268496993605,2,96,Safe,Restricted
T020,2025-09-08 10:07:00,18.530025868398187,73.85004478832835,Safe,Aga Khan Palace,97.48,Good,Normal,10,7,0.01300182535213068,0.0023998052247833357,2,-1,Restricted,Restricted
T020,2025-09-08 10:07:30,18.524077685468107,73.8531338231615,Safe,Sinhagad Fort,97.29,Good,Normal,10,7,-0.005948182930080037,0.003089034833152482,2,-1,Restricted,Restricted
T020,2025-09-08 10:08:00,18.519115329011477,73.86290847797218,Safe,Aga Khan Palace,97.78,Good,Normal,10,8,-0.004962356456630346,0.00977465481068407,2,-1,Restricted,Restricted
T020,2025-09-08 10:08:30,18.514973911380824,73.84785398118068,Safe,Shaniwar Wada,97.43,Good,Normal,10,8,-0.004141417630652455,-0.015054496791506722,2,-1,Restricted,Restricted
T020,2025-09-08 10:09:00,18.52387441521656,73.86118294579362,Safe,Pataleshwar Caves,99.08,Good,Normal,10,9,0.008900503835736373,0.013328964612938421,2,-1,Restricted,Safe
T020,2025-09-08 10:09:30,18.523345766305177,73.85111468383383,Safe,Shaniwar Wada,96.57,Good,Normal,10,9,-0.0005286489113842663,-0.010068261959787606,2,76,Safe,Restricted
T020,2025-09-08 10:10:00,18.528897935051283,73.86060208889553,Safe,Pataleshwar Caves,97.58,Good,Normal,10,10,0.005552168746106645,0.00948740506170509,2,-1,Restricted,Safe
T020,2025-09-08 10:10:30,18.530336568752027,73.85139230857637,Safe,Sinhagad Fort,97.26,Good,Normal,10,10,0.0014386337007437078,-0.009209780319167749,2,79,Safe,Restricted
T020,2025-09-08 10:11:00,18.526889374351303,73.8485696234606,Restricted,Shaniwar Wada,98.09,Good,Normal,10,11,-0.003447194400724385,-0.002822685115759782,1,-1,Restricted,Restricted
T020,2025-09-08 10:11:30,18.513957516324236,73.84685443060404,High-Risk,Aga Khan Palace,96.58,Good,Normal,10,11,-0.012931858027066312,-0.0017151928565652952,0,-1,Restricted,Restricted
T020,2025-09-08 10:12:00,18.5287541243722,73.85333583752319,Safe,Lal Mahal,97.32,Good,Normal,10,12,0.014796608047962678,0.00648140691914989,2,-1,Restricted,Safe
T020,2025-09-08 10:12:30,18.51423110075765,73.85558944488156,Safe,Pataleshwar Caves,98.41,Good,Normal,10,12,-0.01452302361454727,0.002253607358369436,2,38,Safe,Restricted
T020,2025-09-08 10:13:00,18.51161223070632,73.86327651466793,Safe,Lal Mahal,96.14,Poor,Normal,10,13,-0.0026188700513323226,0.007687069786371126,2,-1,Restricted,Restricted
T020,2025-09-08 10:13:30,18.52835407425852,73.86012570872246,High-Risk,Aga Khan Palace,96.9,Good,Normal,10,13,0.01674184355220021,-0.0031508059454665727,0,-1,Restricted,Safe
T020,2025-09-08 10:14:00,18.52402450444016,73.85544813922616,Safe,Pataleshwar Caves,96.8,Good,Normal,10,14,-0.0043295698183598574,-0.00467756949630882,2,18,Safe,Restricted
T020,2025-09-08 10:14:30,18.510585429945728,73.84788433168944,Safe,Lal Mahal,96.54,Good,Normal,10,14,-0.013439074494431935,-0.007563807536712375,2,-1,Restricted,Restricted
T020,2025-09-08 10:15:00,18.529663527005013,73.8497793515478,High-Risk,Shaniwar Wada,97.44,Good,Normal,10,15,0.019078097059285426,0.001895019858352498,0,-1,Restricted,Restricted
T020,2025-09-08 10:15:30,18.52768870582111,73.85160069517315,High-Risk,Lal Mahal,95.74,Poor,Normal,10,15,-0.0019748211839036856,0.0018213436253518012,0,-1,Restricted,Safe
T020,2025-09-08 10:16:00,18.52484620800878,73.86058481893477,Safe,Shaniwar Wada,97.78,Good,Normal,10,16,-0.002842497812331146,0.008984123761621277,2,81,Safe,Restricted
T020,2025-09-08 10:16:30,18.517189031407447,73.85475633190556,High-Risk,Aga Khan Palace,96.51,Poor,Normal,10,16,-0.007657176601330917,-0.005828487029205576,0,-1,Restricted,Restricted
T020,2025-09-08 10:17:00,18.52826699309026,73.84973568766476,High-Risk,Pataleshwar Caves,94.56,Good,Normal,10,17,0.011077961682811832,-0.005020644240801175,0,-1,Restricted,Safe
T020,2025-09-08 10:17:30,18.51229965976263,73.86456186086869,Safe,Pataleshwar Caves,96.05,Lost,Normal,10,17,-0.01596733332763023,0.01482617320392876,2,98,Safe,Safe
T020,2025-09-08 10:18:00,18.515702748178335,73.86563694228047,Safe,Lal Mahal,98.0,Good,Normal,10,18,0.0034030884157054686,0.00107508141178414,2,90,Safe,Restricted
T020,2025-09-08 10:18:30,18.52579647637863,73.86004934454384,Safe,Sinhagad Fort,96.14,Good,Normal,10,18,0.01009372820029597,-0.00558759773663553,2,-1,Restricted,Restricted
T020,2025-09-08 10:19:00,18.512920790703035,73.85986780913503,High-Risk,Sinhagad Fort,93.38,Good,Normal,10,19,-0.012875685675595605,-0.00018153540881371555,0,-1,Restricted,Restricted
T020,2025-09-08 10:19:30,18.520329528067396,73.85687099677232,Safe,Sinhagad Fort,93.57,Poor,Normal,10,19,0.0074087373643614285,-0.0029968123627099885,2,-1,Restricted,Restricted
T020,2025-09-08 10:20:00,18.52206464812029,73.84824812417801,Safe,Shaniwar Wada,92.33,Poor,Normal,10,20,0.001735120052892114,-0.008622872594301612,2,-1,Restricted,Restricted
T020,2025-09-08 10:20:30,18.5146829407008,73.86152635919903,Restricted,Sinhagad Fort,91.82,Poor,Normal,10,20,-0.007381707419487071,0.013278235021019213,1,-1,Restricted,Safe
T020,2025-09-08 10:21:00,18.5191337804421,73.85061441577494,Safe,Shaniwar Wada,94.88,Good,Normal,10,21,0.004450839741299006,-0.010911943424090964,2,133,Safe,Restricted
T020,2025-09-08 10:21:30,18.513112366697182,73.85251780703408,Restricted,Shaniwar Wada,92.48,Poor,Normal,10,21,-0.006021413744917936,0.0019033912591339686,1,-1,Restricted,Restricted
T020,2025-09-08 10:22:00,18.52665343826603,73.85428612299962,Safe,Shaniwar Wada,91.24,Lost,Normal,10,22,0.01354107156884865,0.00176831596554905,2,-1,Restricted,Restricted
T020,2025-09-08 10:22:30,18.51858701327751,73.84865727324863,Restricted,Aga Khan Palace,93.05,Good,Normal,10,22,-0.008066424988520282,-0.005628849750991094,1,-1,Restricted,Restricted
T020,2025-09-08 10:23:00,18.51239705281784,73.86421378435215,High-Risk,Aga Khan Palace,91.74,Good,Normal,10,23,-0.006189960459671795,0.015556511103511639,0,-1,Restricted,Safe
T020,2025-09-08 10:23:30,18.522854242515898,73.86379403564102,Safe,Shaniwar Wada,93.21,Poor,Normal,10,23,0.010457189698058755,-0.0004197487111241571,2,134,Safe,Restricted
T020,2025-09-08 10:24:00,18.511790068186023,73.85221545981935,Safe,Aga Khan Palace,90.96,Good,Normal,10,24,-0.011064174329874277,-0.011578575821673098,2,-1,Restricted,Safe
T020,2025-09-08 10:24:30,18.51308421767108,73.84807397188494,Safe,Sinhagad Fort,91.52,Lost,Normal,10,24,0.0012941494850551294,-0.0041414879344046085,2,53,Safe,Restricted
T020,2025-09-08 10:25:00,18.517269640423205,73.86067111879807,Restricted,Aga Khan Palace,97.22,Good,Normal,10,25,0.0041854227521263,0.01259714691312297,1,-1,Restricted,Restricted
T020,2025-09-08 10:25:30,18.51531700204477,73.84746611187867,Safe,Lal Mahal,96.61,Good,Normal,10,25,-0.0019526383784338464,-0.013205006919392304,2,-1,Restricted,Restricted
T020,2025-09-08 10:26:00,18.52700214664373,73.8503105400992,Safe,Pataleshwar Caves,92.13,Good,Normal,10,26,0.011685144598960306,0.0028444282205271065,2,-1,Restricted,Restricted
T020,2025-09-08 10:26:30,18.51968605531748,73.8472561495963,Safe,Lal Mahal,91.27,Good,Normal,10,26,-0.0073160913262526606,-0.0030543905028963536,2,-1,Restricted,Restricted
T020,2025-09-08 10:27:00,18.52290539712757,73.85746133732097,High-Risk,Aga Khan Palace,96.94,Good,Normal,10,27,0.003219341810090981,0.010205187724665166,0,-1,Restricted,Restricted
T020,2025-09-08 10:27:30,18.522317664099766,73.85540847655462,High-Risk,Aga Khan Palace,94.56,Good,Normal,10,27,-0.0005877330278032389,-0.0020528607663550247,0,-1,Restricted,High-Risk
T020,2025-09-08 10:28:00,18.51193394745312,73.86243882262194,High-Risk,Lal Mahal,91.92,Good,Normal,10,28,-0.010383716646646945,0.0070303460673244444,0,39,High-Risk,Restricted
T020,2025-09-08 10:28:30,18.516744297374064,73.85469252051072,Safe,Shaniwar Wada,91.12,Poor,Normal,10,28,0.004810349920944645,-0.007746302111215186,2,-1,Restricted,Safe
T020,2025-09-08 10:29:00,18.526427531358856,73.84825852310942,Safe,Pataleshwar Caves,96.94,Good,Normal,10,29,0.009683233984791428,-0.006433997401302349,2,22,Safe,Safe
T020,2025-09-08 10:29:30,18.51458785864656,73.85394004265602,Safe,Lal Mahal,89.29,Good,Normal,10,29,-0.011839672712294913,0.005681519546598679,2,62,Safe,Safe
T020,2025-09-08 10:30:00,18.51547353563605,73.85880651860465,Safe,Lal Mahal,91.66,Lost,Normal,10,30,0.0008856769894904915,0.004866475948631432,2,4,Safe,Restricted
T020,2025-09-08 10:30:30,18.526146291950678,73.85657618069432,Safe,Lal Mahal,93.9,Good,Normal,10,30,0.010672756314626497,-0.0022303379103334464,2,-1,Restricted,Safe
T020,2025-09-08 10:31:00,18.516078185174543,73.85587621347148,Safe,Sinhagad Fort,92.95,Poor,Normal,10,31,-0.01006810677613501,-0.0006999672228431564,2,73,Safe,Restricted
T020,2025-09-08 10:31:30,18.52406556911897,73.86382985491532,Safe,Pataleshwar Caves,93.83,Lost,Normal,10,31,0.007987383944428217,0.007953641443847914,2,-1,Restricted,Restricted
T020,2025-09-08 10:32:00,18.518476996444136,73.85541458745362,Safe,Pataleshwar Caves,95.72,Good,Normal,10,32,-0.005588572674835035,-0.008415267461700182,2,-1,Restricted,Restricted
T020,2025-09-08 10:32:30,18.517255495451693,73.86339875903691,Safe,Lal Mahal,93.36,Good,Normal,10,32,-0.0012215009924432252,0.007984171583288457,2,-1,Restricted,Restricted
T020,2025-09-08 10:33:00,18.51847792651235,73.85210789121942,Safe,Sinhagad Fort,88.5,Good,Normal,10,33,0.0012224310606576694,-0.011290867817493222,2,-1,Restricted,Restricted
T020,2025-09-08 10:33:30,18.526963396898555,73.86503162810568,Restricted,Aga Khan Palace,91.61,Good,Normal,10,33,0.008485470386204952,0.012923736886264692,1,-1,Restricted,Restricted
T020,2025-09-08 10:34:00,18.521127497539872,73.85319459700636,Safe,Shaniwar Wada,93.96,Good,Normal,10,34,-0.0058358993586828944,-0.011837031099318551,2,-1,Restricted,Restricted
T020,2025-09-08 10:34:30,18.52996657256905,73.86306480942615,Safe,Pataleshwar Caves,95.14,Good,Normal,10,34,0.008839075029179355,0.009870212419784252,2,-1,Restricted,Restricted
T020,2025-09-08 10:35:00,18.51883540142077,73.85469051501275,Safe,Lal Mahal,91.12,Good,Normal,10,35,-0.011131171148281993,-0.008374294413400207,2,-1,Restricted,Restricted
T020,2025-09-08 10:35:30,18.51663561769274,73.8492097308005,Safe,Sinhagad Fort,86.21,Poor,Normal,10,35,-0.0021997837280309795,-0.005480784212252843,2,-1,Restricted,Safe
T020,2025-09-08 10:36:00,18.5148323190009,73.85257795966452,Safe,Aga Khan Palace,90.06,Good,Normal,10,36,-0.0018032986918399274,0.003368228864019329,2,40,Safe,Restricted
T020,2025-09-08 10:36:30,18.52103023508837,73.84766854065931,Safe,Pataleshwar Caves,92.6,Poor,Normal,10,36,0.006197916087472777,-0.004909419005201698,2,-1,Restricted,Restricted
T020,2025-09-08 10:37:00,18.512619549000025,73.85221748915944,High-Risk,Sinhagad Fort,93.66,Good,Normal,10,37,-0.008410686088346608,0.004548948500129768,0,-1,Restricted,Safe
T020,2025-09-08 10:37:30,18.516797137385694,73.84944702101716,Safe,Sinhagad Fort,94.78,Good,Normal,10,37,0.004177588385669395,-0.002770468142287541,2,8,Safe,Safe
T020,2025-09-08 10:38:00,18.519138559084983,73.85585638078084,Safe,Aga Khan Palace,87.71,Good,Normal,10,38,0.002341421699288304,0.006409359763679845,2,132,Safe,Safe
T020,2025-09-08 10:38:30,18.520874304946297,73.85473187746794,Safe,Aga Khan Palace,95.48,Good,Normal,10,38,0.0017357458613140864,-0.001124503312894376,2,8,Safe,Restricted
T020,2025-09-08 10:39:00,18.515491847372004,73.86630505967543,Restricted,Aga Khan Palace,91.08,Good,Normal,10,39,-0.005382457574292232,0.011573182207484933,1,-1,Restricted,Restricted
T020,2025-09-08 10:39:30,18.514653040592638,73.86178061471271,Safe,Pataleshwar Caves,94.33,Lost,Normal,10,39,-0.0008388067793667631,-0.004524444962711982,2,-1,Restricted,Restricted
T020,2025-09-08 10:40:00,18.517623992596683,73.85353969402377,Safe,Sinhagad Fort,94.62,Good,Normal,10,40,0.0029709520040448467,-0.008240920688947995,2,-1,Restricted,Safe
T020,2025-09-08 10:40:30,18.51516878726507,73.85680120854143,Safe,Sinhagad Fort,84.98,Poor,Normal,10,40,-0.002455205331614252,0.0032615145176606575,2,65,Safe,Safe
T020,2025-09-08 10:41:00,18.516220898077897,73.8596616638977,Safe,Shaniwar Wada,85.28,Good,Normal,10,41,0.0010521108128287437,0.0028604553562701085,2,12,Safe,Restricted
T020,2025-09-08 10:41:30,18.527351376066985,73.84987164851188,Safe,Shaniwar Wada,89.5,Good,Normal,10,41,0.01113047798908795,-0.009790015385817696,2,-1,Restricted,Safe
T020,2025-09-08 10:42:00,18.52909823008937,73.85761746245785,Safe,Shaniwar Wada,84.24,Lost,Normal,10,42,0.0017468540223859463,0.007745813945973623,2,64,Safe,Restricted
T020,2025-09-08 10:42:30,18.511419932526803,73.864427370878,High-Risk,Lal Mahal,94.77,Good,Normal,10,42,-0.017678297562568446,0.0068099084201520554,0,-1,Restricted,Restricted
T020,2025-09-08 10:43:00,18.51160015865517,73.85871249073779,Safe,Lal Mahal,83.66,Good,Normal,10,43,0.00018022612836787744,-0.005714880140217815,2,-1,Restricted,Safe
T020,2025-09-08 10:43:30,18.514701866883662,73.8492246348851,Safe,Sinhagad Fort,94.12,Lost,Normal,10,43,0.003101708228491873,-0.00948785585268297,2,24,Safe,Safe
T020,2025-09-08 10:44:00,18.513243027624625,73.85489268823785,Safe,Aga Khan Palace,90.15,Poor,Normal,10,44,-0.0014588392590368926,0.00566805335274978,2,65,Safe,Safe
T020,2025-09-08 10:44:30,18.518198396827376,73.85237654541557,Safe,Lal Mahal,93.91,Lost,Normal,10,44,0.004955369202750859,-0.002516142822287293,2,8,Safe,Restricted
T020,2025-09-08 10:45:00,18.51710576582584,73.86328161484985,High-Risk,Sinhagad Fort,92.54,Good,Normal,10,45,-0.0010926310015371143,0.01090506943428693,0,-1,Restricted,Restricted
T020,2025-09-08 10:45:30,18.51183370665753,73.85466977300202,High-Risk,Lal Mahal,86.05,Good,Normal,10,45,-0.0052720591683090845,-0.008611841847837809,0,-1,Restricted,Safe
T020,2025-09-08 10:46:00,18.513985751713637,73.84765506698669,Safe,Aga Khan Palace,92.82,Lost,Normal,10,46,0.0021520450561069993,-0.007014706015326055,2,24,Safe,Restricted
T020,2025-09-08 10:46:30,18.52978414162988,73.8561346293503,Safe,Pataleshwar Caves,92.0,Poor,Normal,10,46,0.015798389916241717,0.008479562363604032,2,-1,Restricted,Restricted
T020,2025-09-08 10:47:00,18.521620313955967,73.8630476979345,Safe,Lal Mahal,82.95,Good,Normal,10,47,-0.008163827673911328,0.006913068584211146,2,-1,Restricted,Safe
T020,2025-09-08 10:47:30,18.515291584492783,73.86044347669625,Safe,Sinhagad Fort,81.05,Good,Normal,10,47,-0.006328729463184857,-0.0026042212382577645,2,115,Safe,Safe
T020,2025-09-08 10:48:00,18.52433101142652,73.85179698411392,Safe,Sinhagad Fort,89.02,Good,Normal,10,48,0.009039426933735939,-0.008646492582329302,2,42,Safe,Restricted
T020,2025-09-08 10:48:30,18.51978980507919,73.86444894530715,Safe,Lal Mahal,91.82,Good,Normal,10,48,-0.004541206347330018,0.01265196119322809,2,-1,Restricted,Safe
T020,2025-09-08 10:49:00,18.512619060224317,73.85874389407228,Safe,Sinhagad Fort,83.81,Poor,Normal,10,49,-0.007170744854871458,-0.005705051234869529,2,115,Safe,Restricted
T020,2025-09-08 10:49:30,18.51444898024247,73.86215703877708,High-Risk,Lal Mahal,87.47,Good,Normal,10,49,0.001829920018153075,0.0034131447048082464,0,-1,Restricted,Restricted
T020,2025-09-08 10:50:00,18.515214184413423,73.84799797365133,High-Risk,Sinhagad Fort,85.65,Lost,Normal,10,50,0.0007652041709533819,-0.014159065125753045,0,-1,Restricted,Safe
T020,2025-09-08 10:50:30,18.524517579310324,73.86342465746739,Safe,Sinhagad Fort,88.57,Good,Normal,10,50,0.00930339489690013,0.015426683816059494,2,67,Safe,Restricted
T020,2025-09-08 10:51:00,18.52588915769904,73.85471984638913,Safe,Aga Khan Palace,86.93,Good,Normal,10,51,0.001371578388717154,-0.008704811078260377,2,-1,Restricted,Safe
T020,2025-09-08 10:51:30,18.52752079038257,73.8568628550793,Safe,Aga Khan Palace,89.1,Good,Normal,10,51,0.0016316326835301709,0.002143008690168813,2,129,Safe,Restricted
T020,2025-09-08 10:52:00,18.51325465760047,73.86063797973479,Safe,Sinhagad Fort,79.51,Lost,Normal,10,52,-0.014266132782100982,0.0037751246554904583,2,-1,Restricted,Restricted
T020,2025-09-08 10:52:30,18.52607244178552,73.8474464683747,High-Risk,Aga Khan Palace,91.95,Good,Normal,10,52,0.012817784185049419,-0.013191511360091113,0,-1,Restricted,Restricted
T020,2025-09-08 10:53:00,18.51664492358765,73.85057778547862,Safe,Sinhagad Fort,92.41,Good,Normal,10,53,-0.00942751819787091,0.0031313171039215604,2,-1,Restricted,Restricted
T020,2025-09-08 10:53:30,18.523648372844058,73.85287106643871,Restricted,Aga Khan Palace,94.13,Good,Normal,10,53,0.007003449256409056,0.0022932809600888504,1,-1,Restricted,Restricted
T020,2025-09-08 10:54:00,18.515564375278736,73.86000561913183,Restricted,Pataleshwar Caves,92.59,Good,Normal,10,54,-0.008083997565321965,0.007134552693116802,1,-1,Restricted,Restricted
T020,2025-09-08 10:54:30,18.526843392841847,73.85928435858513,High-Risk,Pataleshwar Caves,81.53,Lost,Normal,10,54,0.011279017563111893,-0.0007212605466975219,0,-1,Restricted,Safe
T020,2025-09-08 10:55:00,18.511264791906783,73.85402904317934,Safe,Sinhagad Fort,91.44,Good,Normal,10,55,-0.015578600935064912,-0.005255315405790384,2,69,Safe,Restricted
T020,2025-09-08 10:55:30,18.523473880672405,73.86334116372925,Safe,Lal Mahal,87.76,Poor,Normal,10,55,0.012209088765622766,0.009312120549907377,2,-1,Restricted,Restricted
T020,2025-09-08 10:56:00,18.523063983223,73.85174989761224,Safe,Lal Mahal,80.32,Poor,Normal,10,56,-0.0004098974494048946,-0.011591266117008558,2,-1,Restricted,Safe
T020,2025-09-08 10:56:30,18.51057019971324,73.85582906009432,Safe,Pataleshwar Caves,90.09,Good,Normal,10,56,-0.012493783509761158,0.004079162482085508,2,43,Safe,Restricted
T020,2025-09-08 10:57:00,18.516459961171957,73.8545947672524,Safe,Shaniwar Wada,89.62,Lost,Normal,10,57,0.005889761458718112,-0.0012342928419286636,2,-1,Restricted,Restricted
T020,2025-09-08 10:57:30,18.519397256673354,73.84682716440572,Safe,Lal Mahal,92.74,Good,Normal,10,57,0.002937295501396875,-0.007767602846669774,2,-1,Restricted,Restricted
T020,2025-09-08 10:58:00,18.510722639656805,73.86246276614223,Safe,Pataleshwar Caves,78.8,Good,Normal,10,58,-0.008674617016549035,0.015635601736505578,2,-1,Restricted,Restricted
T020,2025-09-08 10:58:30,18.529257191201825,73.85436368362237,Restricted,Lal Mahal,85.34,Poor,Normal,10,58,0.01853455154502015,-0.008099082519862577,1,-1,Restricted,Restricted
T020,2025-09-08 10:59:00,18.52687460241992,73.85023395036094,Safe,Shaniwar Wada,81.62,Good,Normal,10,59,-0.002382588781905781,-0.004129733261422075,2,-1,Restricted,Restricted
T020,2025-09-08 10:59:30,18.516799901025852,73.84877677610783,Safe,Lal Mahal,88.37,Good,Normal,10,59,-0.010074701394067631,-0.0014571742531188647,2,-1,Restricted,Safe
T020,2025-09-08 11:00:00,18.51850454785549,73.85889572461524,Safe,Lal Mahal,81.55,Good,Normal,11,0,0.0017046468296371131,0.010118948507411574,2,125,Safe,Restricted
T020,2025-09-08 11:00:30,18.51876611445488,73.85355844191662,High-Risk,Shaniwar Wada,75.83,Good,Normal,11,0,0.00026156659939147175,-0.005337282698619106,0,-1,Restricted,Restricted
T020,2025-09-08 11:01:00,18.52526940364212,73.84828454814921,Safe,Pataleshwar Caves,81.06,Good,Normal,11,1,0.006503289187239858,-0.005273893767409277,2,-1,Restricted,Restricted
T020,2025-09-08 11:01:30,18.51933115424905,73.85652939805068,Safe,Aga Khan Palace,86.62,Poor,Normal,11,1,-0.00593824939307197,0.008244849901473117,2,-1,Restricted,Safe
T020,2025-09-08 11:02:00,18.518788971991057,73.86585470998811,Safe,Sinhagad Fort,75.85,Good,Normal,11,2,-0.0005421822579911861,0.009325311937431024,2,28,Safe,Restricted
T020,2025-09-08 11:02:30,18.52370560090528,73.86421071658802,Safe,Pataleshwar Caves,78.69,Good,Normal,11,2,0.004916628914223509,-0.0016439934000942458,2,-1,Restricted,Restricted
T020,2025-09-08 11:03:00,18.525137770413988,73.85174662186444,Restricted,Shaniwar Wada,89.78,Poor,Normal,11,3,0.0014321695087069486,-0.01246409472358323,1,-1,Restricted,Restricted
T020,2025-09-08 11:03:30,18.530206305813625,73.84682654315922,Safe,Aga Khan Palace,89.99,Good,Normal,11,3,0.005068535399637142,-0.004920078705211495,2,-1,Restricted,Restricted
T020,2025-09-08 11:04:00,18.51500200952664,73.85438268132414,Restricted,Lal Mahal,86.47,Good,Normal,11,4,-0.015204296286984942,0.007556138164915183,1,-1,Restricted,Restricted
T020,2025-09-08 11:04:30,18.522608388483505,73.84777811180409,High-Risk,Shaniwar Wada,79.54,Good,Normal,11,4,0.007606378956865001,-0.006604569520050063,0,-1,Restricted,Restricted
T020,2025-09-08 11:05:00,18.525354250269533,73.85431849700602,Safe,Pataleshwar Caves,90.05,Good,Normal,11,5,0.002745861786028314,0.006540385201930121,2,-1,Restricted,Restricted
T020,2025-09-08 11:05:30,18.52650471084957,73.84828910806591,High-Risk,Lal Mahal,84.39,Good,Normal,11,5,0.0011504605800354284,-0.006029388940106628,0,-1,Restricted,Restricted
T020,2025-09-08 11:06:00,18.516948019259573,73.86356019913046,High-Risk,Lal Mahal,82.77,Good,Normal,11,6,-0.009556691589995836,0.015271091064548159,0,-1,Restricted,Restricted
T020,2025-09-08 11:06:30,18.52876429665096,73.86304949291812,Safe,Sinhagad Fort,82.53,Good,Normal,11,6,0.01181627739138591,-0.0005107062123386186,2,-1,Restricted,Safe
T020,2025-09-08 11:07:00,18.528867375416706,73.85366018486332,Safe,Lal Mahal,84.65,Good,Normal,11,7,0.00010307876574700003,-0.009389308054807088,2,135,Safe,Restricted
T020,2025-09-08 11:07:30,18.524018119825225,73.86443333193736,Restricted,Aga Khan Palace,76.2,Good,Normal,11,7,-0.004849255591480528,0.010773147074047529,1,-1,Restricted,Restricted
T020,2025-09-08 11:08:00,18.52979354530285,73.86190897899293,Restricted,Sinhagad Fort,90.29,Poor,Normal,11,8,0.005775425477626328,-0.002524352944433872,1,-1,Restricted,Restricted
T020,2025-09-08 11:08:30,18.518491330409365,73.85184048424345,Restricted,Aga Khan Palace,72.77,Poor,Normal,11,8,-0.011302214893486706,-0.010068494749475576,1,-1,Restricted,Restricted
T020,2025-09-08 11:09:00,18.51333682186288,73.8500394819682,Safe,Sinhagad Fort,82.24,Good,Normal,11,9,-0.005154508546485914,-0.0018010022752577015,2,-1,Restricted,Safe
